{"type":"FeatureCollection","features":[{"type":"Feature","geometry":{"type":"MultiPolygon","coordinates":[[[[-52.99694520000003,68.5],[-52.983547699999974,68.5],[-52.90361660000002,68.5],[-52.89910850000001,68.5],[-52.89737869999999,68.5],[-52.89306399999998,68.5],[-52.87666899999999,68.5],[-52.87425780000001,68.5],[-52.79621580000003,68.5],[-52.79444910000001,68.5],[-52.773118899999986,68.5],[-52.75814070000001,68.5],[-52.739412200000004,68.5],[-52.7380809,68.5],[-52.735939599999995,68.5],[-52.7307108,68.5],[-52.72501590000002,68.5],[-52.72007289999999,68.5],[-52.717940899999974,68.5],[-52.715689999999995,68.5],[-52.69816509999998,68.5],[-52.69744909999997,68.5],[-52.696263199999976,68.5],[-52.69594110000003,68.5],[-52.6949156,68.5],[-52.6932587,68.5],[-52.68596659999997,68.5],[-52.680551700000024,68.5],[-52.67975259999997,68.5],[-52.67041130000001,68.5],[-52.598470899999995,68.5],[-52.52387859999999,68.5],[-52.507361100000026,68.5],[-52.5,68.5],[-52.5,68.50096400000001],[-52.5,68.50584370000001],[-52.5,68.5104652],[-52.5,68.51210400000002],[-52.5,68.5139896],[-52.5,68.51535969999998],[-52.5,68.51588459999999],[-52.5,68.5177701],[-52.5,68.51879789999998],[-52.5,68.52053360000002],[-52.5,68.5220415],[-52.5,68.52290549999998],[-52.5,68.5247086],[-52.5,68.5252193],[-52.5,68.52675909999999],[-52.5,68.52744480000001],[-52.5,68.52866269999998],[-52.5,68.53153550000002],[-52.5,68.53223680000002],[-52.5,68.53225700000002],[-52.5,68.53328290000002],[-52.5,68.53508679999999],[-52.5,68.53675859999998],[-52.5,68.5381329],[-52.5,68.5394081],[-52.5,68.54594100000003],[-52.5,68.54787199999998],[-52.5,68.54877240000002],[-52.5,68.54992670000001],[-52.5,68.55126089999999],[-52.5,68.5524342],[-52.5,68.55341010000001],[-52.5,68.55442369999997],[-52.5,68.55587320000001],[-52.5,68.55668109999999],[-52.5,68.5593207],[-52.5,68.56140429999999],[-52.5,68.56268490000002],[-52.5,68.56309249999998],[-52.5,68.56554299999999],[-52.5,68.56601799999999],[-52.5,68.56860999999998],[-52.5,68.57019589999999],[-52.5,68.57519200000002],[-52.5,68.57575150000002],[-52.5,68.57627930000001],[-52.5,68.57785180000002],[-52.5,68.57970820000003],[-52.5,68.58020210000001],[-52.5,68.58062260000003],[-52.5,68.5860887],[-52.5,68.59055039999998],[-52.5,68.5905654],[-52.5,68.59123499999998],[-52.5,68.59153270000002],[-52.5,68.59177219999998],[-52.5,68.6237276],[-52.5,68.62537739999999],[-52.5,68.625789],[-52.5,68.6259473],[-52.5,68.63423230000001],[-52.5,68.63820959999998],[-52.5,68.64057380000003],[-52.5,68.64086880000002],[-52.5,68.64227590000002],[-52.5,68.64796999999999],[-52.5,68.6503194],[-52.5,68.65267490000002],[-52.5,68.6544915],[-52.5,68.6563357],[-52.5,68.65881250000001],[-52.5,68.66153500000001],[-52.5,68.66265149999998],[-52.5,68.66458920000002],[-52.5,68.66566360000002],[-52.5,68.6663699],[-52.5,68.66805679999999],[-52.5,68.67225509999997],[-52.5,68.6738861],[-52.5,68.67520730000001],[-52.5,68.6793146],[-52.5,68.68385790000002],[-52.5,68.68515609999997],[-52.5,68.6860383],[-52.5,68.6867183],[-52.5,68.68806899999998],[-52.5,68.68827090000002],[-52.5,68.6963404],[-52.5,68.6987416],[-52.5,68.70084809999997],[-52.5,68.70303469999999],[-52.5,68.7033667],[-52.5,68.70355519999998],[-52.5,68.70459419999997],[-52.5,68.70515519999998],[-52.5,68.70702740000002],[-52.5,68.70832109999998],[-52.5,68.71127919999998],[-52.5,68.71236720000002],[-52.5,68.7138751],[-52.5,68.71501339999998],[-52.5,68.71656819999998],[-52.5,68.71754170000003],[-52.5,68.7176121],[-52.5,68.71856939999998],[-52.5,68.71893740000002],[-52.5,68.71932170000002],[-52.5,68.72133339999999],[-52.5,68.7223783],[-52.5,68.72310499999998],[-52.5,68.72658380000001],[-52.5,68.72687489999998],[-52.5,68.72726189999997],[-52.5,68.72786780000001],[-52.5,68.7292324],[-52.5,68.7294513],[-52.5,68.72990809999999],[-52.5,68.73063000000002],[-52.5,68.7311211],[-52.5,68.73175939999999],[-52.5,68.7359725],[-52.5,68.7367471],[-52.5,68.73889589999999],[-52.5,68.73933729999999],[-52.5,68.73940950000002],[-52.5,68.74039749999997],[-52.5,68.7406191],[-52.5,68.74092539999998],[-52.5,68.74118859999999],[-52.5,68.74188429999998],[-52.5,68.7427156],[-52.5,68.74350759999999],[-52.5,68.7463816],[-52.5,68.74904729999997],[-52.5,68.75098889999998],[-52.5,68.75123200000002],[-52.5,68.75197559999998],[-52.5,68.75633920000001],[-52.5,68.76520420000003],[-52.5,68.76746609999998],[-52.5,68.77024210000002],[-52.5,68.7756617],[-52.5,68.7760515],[-52.5,68.77931910000001],[-52.5,68.7830811],[-52.5,68.78741389999999],[-52.5,68.8085049],[-52.5,68.8114352],[-52.5,68.81204869999999],[-52.5,68.81394649999999],[-52.5,68.81942420000001],[-52.5,68.8216703],[-52.5,68.83782930000001],[-52.5,68.84233719999997],[-52.5,68.84273730000001],[-52.5,68.84619070000002],[-52.5,68.8481787],[-52.5,68.8503455],[-52.5,68.86687549999999],[-52.5,68.8751034],[-52.5,68.87779929999999],[-52.5,68.8850984],[-52.5,68.88644950000003],[-52.5,68.88715530000002],[-52.5,68.8935808],[-52.5,68.89961199999999],[-52.5,68.90417430000002],[-52.5,68.90671709999998],[-52.5,68.91657249999997],[-52.5,68.92819600000001],[-52.5,68.93875070000001],[-52.5,68.94112330000002],[-52.5,68.94753029999998],[-52.5,68.9481745],[-52.5,68.95168439999998],[-52.5,68.95866590000003],[-52.5,68.9621737],[-52.5,68.9726642],[-52.5,68.97297759999998],[-52.5,68.98253740000001],[-52.5,68.98301679999997],[-52.5,68.99266740000002],[-52.5,68.99894940000001],[-52.5,68.9990181],[-52.5,69.0],[-52.516325300000005,69.0],[-52.52311020000002,69.0],[-52.53405379999998,69.0],[-52.5667924,69.0],[-52.62279339999998,69.0],[-52.63479619999998,69.0],[-52.73697240000001,69.0],[-52.76627830000001,69.0],[-52.7714024,69.0],[-52.799508100000025,69.0],[-52.97563439999999,69.0],[-53.0,69.0],[-53.0,68.96228280000003],[-53.0,68.94174670000001],[-53.0,68.93446829999999],[-53.0,68.93404079999999],[-53.0,68.93198159999997],[-53.0,68.93114889999998],[-53.0,68.92814019999997],[-53.0,68.92733659999999],[-53.0,68.92311999999998],[-53.0,68.9137599],[-53.0,68.90111630000001],[-53.0,68.90024670000003],[-53.0,68.89730500000002],[-53.0,68.88943510000001],[-53.0,68.8762901],[-53.0,68.8742244],[-53.0,68.86944940000001],[-53.0,68.85911329999999],[-53.0,68.85540839999999],[-53.0,68.85263250000003],[-53.0,68.8520934],[-53.0,68.85106489999998],[-53.0,68.84671859999997],[-53.0,68.84374489999999],[-53.0,68.83978180000003],[-53.0,68.8391742],[-53.0,68.83597789999999],[-53.0,68.8039867],[-53.0,68.80304810000001],[-53.0,68.79925739999999],[-53.0,68.79785149999998],[-53.0,68.78985790000002],[-53.0,68.78959780000002],[-53.0,68.78740859999999],[-53.0,68.78660389999999],[-53.0,68.7786203],[-53.0,68.7705896],[-53.0,68.7693855],[-53.0,68.7690045],[-53.0,68.76766930000002],[-53.0,68.7671795],[-53.0,68.76527829999998],[-53.0,68.75675760000001],[-53.0,68.75620199999997],[-53.0,68.75487750000002],[-53.0,68.75436780000001],[-53.0,68.75348400000001],[-53.0,68.75006180000003],[-53.0,68.75],[-53.0,68.74925480000002],[-53.0,68.74897549999997],[-53.0,68.74873350000001],[-53.0,68.7486788],[-53.0,68.7468599],[-53.0,68.74660619999997],[-53.0,68.74578209999999],[-53.0,68.7456836],[-53.0,68.7444544],[-53.0,68.74143570000001],[-53.0,68.7406052],[-53.0,68.7384644],[-53.0,68.73753979999998],[-53.0,68.73640260000002],[-53.0,68.73545619999999],[-53.0,68.7337718],[-53.0,68.73052030000002],[-53.0,68.7254274],[-53.0,68.72491150000002],[-53.0,68.72360700000002],[-53.0,68.72139859999999],[-53.0,68.71447560000001],[-53.0,68.71332919999998],[-53.0,68.71080749999999],[-53.0,68.70954619999998],[-53.0,68.70930879999997],[-53.0,68.70910079999999],[-53.0,68.70871119999998],[-53.0,68.70673019999998],[-53.0,68.70494009999999],[-53.0,68.70450419999997],[-53.0,68.70443940000001],[-53.0,68.7042937],[-53.0,68.70399070000002],[-53.0,68.70340770000001],[-53.0,68.70175310000002],[-53.0,68.70163989999998],[-53.0,68.70145930000001],[-53.0,68.70144859999999],[-53.0,68.69689699999998],[-53.0,68.69031339999998],[-53.0,68.68950919999997],[-53.0,68.687748],[-53.0,68.68728570000002],[-53.0,68.68681379999998],[-53.0,68.68555850000001],[-53.0,68.683694],[-53.0,68.6832536],[-53.0,68.6827293],[-53.0,68.68259369999998],[-53.0,68.6825809],[-53.0,68.68252330000001],[-53.0,68.68247550000001],[-53.0,68.68178740000002],[-53.0,68.68175209999998],[-53.0,68.68053709999998],[-53.0,68.68045059999997],[-53.0,68.6788755],[-53.0,68.67631160000002],[-53.0,68.67211209999999],[-53.0,68.67093119999998],[-53.0,68.66793539999998],[-53.0,68.66564],[-53.0,68.66553829999998],[-53.0,68.66547789999998],[-53.0,68.6653245],[-53.0,68.66512890000001],[-53.0,68.66309189999998],[-53.0,68.66118039999998],[-53.0,68.66052280000002],[-53.0,68.65969419999999],[-53.0,68.65911499999999],[-53.0,68.6585116],[-53.0,68.6583761],[-53.0,68.6577201],[-53.0,68.6568345],[-53.0,68.655956],[-53.0,68.65380040000002],[-53.0,68.65283169999998],[-53.0,68.6524546],[-53.0,68.65220479999999],[-53.0,68.6521186],[-53.0,68.65190669999998],[-53.0,68.65022069999998],[-53.0,68.6477863],[-53.0,68.64675410000001],[-53.0,68.64656209999998],[-53.0,68.6462138],[-53.0,68.64374450000003],[-53.0,68.64163819999999],[-53.0,68.64050630000003],[-53.0,68.6389954],[-53.0,68.6378537],[-53.0,68.63684749999999],[-53.0,68.63571080000003],[-53.0,68.63464119999998],[-53.0,68.63398849999999],[-53.0,68.63240689999998],[-53.0,68.62965659999998],[-53.0,68.62863290000001],[-53.0,68.62735679999997],[-53.0,68.62250469999998],[-53.0,68.6213525],[-53.0,68.6209356],[-53.0,68.61624369999998],[-53.0,68.61532670000003],[-53.0,68.61369509999997],[-53.0,68.61118699999997],[-53.0,68.61056409999998],[-53.0,68.60949870000002],[-53.0,68.60776179999999],[-53.0,68.60645549999998],[-53.0,68.6042445],[-53.0,68.6025985],[-53.0,68.60183110000003],[-53.0,68.59967119999999],[-53.0,68.59728339999998],[-53.0,68.59710360000003],[-53.0,68.59582799999998],[-53.0,68.59375970000002],[-53.0,68.59255710000002],[-53.0,68.59108680000003],[-53.0,68.59072270000001],[-53.0,68.590217],[-53.0,68.58957650000002],[-53.0,68.58675349999999],[-53.0,68.5865637],[-53.0,68.58630740000001],[-53.0,68.57671859999999],[-53.0,68.5580405],[-53.0,68.55005779999999],[-53.0,68.54677850000002],[-53.0,68.54320760000002],[-53.0,68.54110120000001],[-53.0,68.5400783],[-53.0,68.5383458],[-53.0,68.5359259],[-53.0,68.53259969999999],[-53.0,68.5294346],[-53.0,68.5272172],[-53.0,68.52685079999998],[-53.0,68.52584389999998],[-53.0,68.52550400000001],[-53.0,68.52382940000001],[-53.0,68.50138399999997],[-53.0,68.5],[-52.99694520000003,68.5]]]]},"properties":{"datasetName":"101DK004BYDOE","edition":0,"update":0,"status":2}},{"type":"Feature","geometry":{"type":"MultiPolygon","coordinates":[[[[-50.46333659999999,69.5],[-50.40290399999998,69.5],[-50.30742679999997,69.5],[-50.25,69.5],[-50.0,69.5],[-50.0,69.74628680000001],[-50.0,69.75],[-50.0,70.0],[-50.204069300000015,70.0],[-50.5,70.0],[-50.5,69.97139570000002],[-50.5,69.90771380000001],[-50.5,69.87457970000003],[-50.5,69.84343410000002],[-50.5,69.80346500000002],[-50.5,69.77849350000002],[-50.5,69.77666299999999],[-50.5,69.77538980000003],[-50.5,69.77437739999999],[-50.5,69.77399300000002],[-50.5,69.77367099999998],[-50.5,69.75],[-50.5,69.64789860000002],[-50.5,69.62668179999997],[-50.5,69.62628360000002],[-50.5,69.62487900000002],[-50.5,69.6104355],[-50.5,69.60925200000003],[-50.5,69.60549730000002],[-50.5,69.53704340000002],[-50.5,69.51360390000002],[-50.5,69.5],[-50.46333659999999,69.5]]]]},"properties":{"datasetName":"101DK004CCDYE","edition":0,"update":0,"status":4}},{"type":"Feature","geometry":{"type":"MultiPolygon","coordinates":[[[[-51.5,69.0],[-51.5,69.5],[-52.0,69.5],[-52.0,69.0],[-51.5,69.0]]]]},"properties":{"datasetName":"101DK004CADSE","edition":0,"update":0,"status":1}},{"type":"Feature","geometry":{"type":"MultiPolygon","coordinates":[[[[-50.924522000000024,69.5],[-50.91600410000001,69.5],[-50.90970429999999,69.5],[-50.83757609999998,69.5],[-50.83610679999998,69.5],[-50.83408600000001,69.5],[-50.764952900000026,69.5],[-50.75,69.5],[-50.653141800000014,69.5],[-50.650155600000005,69.5],[-50.59110609999999,69.5],[-50.52992130000001,69.5],[-50.5,69.5],[-50.5,69.51360390000002],[-50.5,69.53704340000002],[-50.5,69.60549730000002],[-50.5,69.60925200000003],[-50.5,69.6104355],[-50.5,69.62487900000002],[-50.5,69.62628360000002],[-50.5,69.62668179999997],[-50.5,69.64789860000002],[-50.5,69.75],[-50.5,69.77367099999998],[-50.5,69.77399300000002],[-50.5,69.77437739999999],[-50.5,69.77538980000003],[-50.5,69.77666299999999],[-50.5,69.77849350000002],[-50.5,69.80346500000002],[-50.5,69.84343410000002],[-50.5,69.87457970000003],[-50.5,69.90771380000001],[-50.5,69.97139570000002],[-50.5,70.0],[-50.724532099999976,70.0],[-50.800505499999986,70.0],[-50.972909000000016,70.0],[-51.0,70.0],[-51.0,69.99461630000002],[-51.0,69.9634375],[-51.0,69.9293313],[-51.0,69.90468370000002],[-51.0,69.75],[-51.0,69.5449352],[-51.0,69.54387439999999],[-51.0,69.54282160000002],[-51.0,69.54011459999998],[-51.0,69.53692339999998],[-51.0,69.5351106],[-51.0,69.53461670000002],[-51.0,69.52804880000002],[-51.0,69.52772570000002],[-51.0,69.52680020000003],[-51.0,69.52371640000001],[-51.0,69.52184829999999],[-51.0,69.52108299999998],[-51.0,69.51897659999997],[-51.0,69.51709590000002],[-51.0,69.5088953],[-51.0,69.5],[-50.924522000000024,69.5]]]]},"properties":{"datasetName":"101DK004CCDWE","edition":0,"update":0,"status":4}},{"type":"Feature","geometry":{"type":"MultiPolygon","coordinates":[[[[-53.5,71.0],[-53.5,71.5],[-54.0,71.5],[-54.0,71.0],[-53.5,71.0]]]]},"properties":{"datasetName":"101DK004CIDKE","edition":0,"update":0,"status":4}},{"type":"Feature","geometry":{"type":"MultiPolygon","coordinates":[[[[11.0,57.0],[11.0,57.47082999999998],[11.0,57.5],[10.658169999999984,57.5],[10.5,57.5],[10.5,57.497990000000016],[10.5,57.496975599999985],[10.5,57.49572999999998],[10.5,57.49027899999999],[10.5,57.46737999999999],[10.5,57.46487000000002],[10.5,57.45647869999999],[10.5,57.45427000000001],[10.5,57.430150000000026],[10.5,57.42318],[10.5,57.42084],[10.5,57.417880000000025],[10.5,57.40865000000002],[10.5,57.39605],[10.5,57.39350000000002],[10.5,57.391399999999976],[10.5,57.39076],[10.5,57.346929999999986],[10.5,57.338840000000005],[10.5,57.32279],[10.5,57.31936000000002],[10.5,57.29032999999998],[10.5,57.28595999999999],[10.5,57.27841000000001],[10.5,57.27708000000001],[10.5,57.26607000000001],[10.5,57.261750000000006],[10.5,57.25],[10.5,57.116666699999996],[10.5,57.10849999999999],[10.5,57.07945239999998],[10.5,57.06950999999998],[10.5,57.06455],[10.5,57.05500000000001],[10.5,57.051666599999976],[10.5,57.031679999999994],[10.5,57.03086999999999],[10.5,57.01335],[10.5,57.01134000000002],[10.5,57.00938000000002],[10.5,57.007529999999974],[10.5,57.007360000000006],[10.5,57.0],[11.0,57.0]]]]},"properties":{"datasetName":"101DK0041343E","edition":0,"update":0,"status":4}},{"type":"Feature","geometry":{"type":"MultiPolygon","coordinates":[[[[-53.78333329999998,66.5],[-53.75420489999999,66.5],[-53.7517244,66.5],[-53.723940400000004,66.5],[-53.717420600000025,66.5],[-53.71197189999998,66.5],[-53.71026039999998,66.5],[-53.706505100000015,66.5],[-53.70374399999997,66.5],[-53.698762199999976,66.5],[-53.69687729999998,66.5],[-53.69621890000002,66.5],[-53.68234180000002,66.5],[-53.67976520000002,66.5],[-53.67930740000003,66.5],[-53.674411299999974,66.5],[-53.67077560000001,66.5],[-53.65236700000003,66.5],[-53.64986190000002,66.5],[-53.648442699999976,66.5],[-53.647075700000016,66.5],[-53.64599249999998,66.5],[-53.6457858,66.5],[-53.6447182,66.5],[-53.635602000000006,66.5],[-53.62239779999999,66.5],[-53.62197179999998,66.5],[-53.619721200000015,66.5],[-53.61898710000003,66.5],[-53.61436759999998,66.5],[-53.6121885,66.5],[-53.61151080000002,66.5],[-53.61111979999998,66.5],[-53.60739109999997,66.5],[-53.60462719999998,66.5],[-53.5961509,66.5],[-53.59225350000003,66.5],[-53.589849500000014,66.5],[-53.58606040000001,66.5],[-53.574781900000005,66.5],[-53.568133699999976,66.5],[-53.5655615,66.5],[-53.56015869999999,66.5],[-53.550025300000016,66.5],[-53.55000000000001,66.5],[-53.5,66.5],[-53.5,66.55133330000001],[-53.5,66.55780979999997],[-53.5,66.5621056],[-53.5,66.56370379999998],[-53.5,66.56765560000002],[-53.5,66.56772339999998],[-53.5,66.57048250000003],[-53.5,66.57132189999999],[-53.5,66.57155180000001],[-53.5,66.57425260000002],[-53.5,66.57658020000002],[-53.5,66.57823819999999],[-53.5,66.57828599999999],[-53.5,66.57830230000002],[-53.5,66.5811572],[-53.5,66.58167989999998],[-53.5,66.58265],[-53.5,66.58878800000002],[-53.5,66.59537719999997],[-53.5,66.5955093],[-53.5,66.5967561],[-53.5,66.5979049],[-53.5,66.5986307],[-53.5,66.60697699999997],[-53.5,66.60739239999998],[-53.5,66.6083471],[-53.5,66.61014929999999],[-53.5,66.61125750000002],[-53.5,66.61306139999999],[-53.5,66.6149792],[-53.5,66.6240406],[-53.5,66.62509779999999],[-53.5,66.62676099999999],[-53.5,66.62736319999999],[-53.5,66.62973169999998],[-53.5,66.63438739999998],[-53.5,66.63634669999999],[-53.5,66.63650589999997],[-53.5,66.63773609999998],[-53.5,66.63812569999999],[-53.5,66.63886070000001],[-53.5,66.64139719999997],[-53.5,66.64516409999999],[-53.5,66.6471267],[-53.5,66.64756249999999],[-53.5,66.64795249999997],[-53.5,66.65036140000001],[-53.5,66.65157210000001],[-53.5,66.65400499999998],[-53.5,66.65436699999998],[-53.5,66.6562834],[-53.5,66.6627719],[-53.5,66.66612190000001],[-53.5,66.66997959999998],[-53.5,66.67069099999998],[-53.5,66.67642419999999],[-53.5,66.67882600000002],[-53.5,66.68463029999998],[-53.5,66.6874153],[-53.5,66.69286690000001],[-53.5,66.69986239999997],[-53.5,66.70001730000001],[-53.5,66.70360310000001],[-53.5,66.70883959999998],[-53.5,66.70922780000001],[-53.5,66.70995019999998],[-53.5,66.7117298],[-53.5,66.71370239999999],[-53.5,66.71557689999997],[-53.5,66.71591139999998],[-53.5,66.71715010000003],[-53.5,66.71756210000001],[-53.5,66.7181923],[-53.5,66.72586489999998],[-53.5,66.7267089],[-53.5,66.72818430000001],[-53.5,66.730255],[-53.5,66.73402859999999],[-53.5,66.74137380000002],[-53.5,66.74282670000002],[-53.5,66.74294830000002],[-53.5,66.74392619999998],[-53.5,66.745475],[-53.5,66.74672770000001],[-53.5,66.7482554],[-53.5,66.75023879999998],[-53.5,66.75163500000002],[-53.5,66.75360080000002],[-53.5,66.75479760000002],[-53.5,66.75617039999997],[-53.5,66.75716670000003],[-53.5,66.7908349],[-53.5,66.79201849999998],[-53.5,66.7978779],[-53.5,66.7987463],[-53.5,66.79886370000003],[-53.5,66.8004161],[-53.5,66.8091521],[-53.5,66.8101251],[-53.5,66.81062980000002],[-53.5,66.81077499999998],[-53.5,66.8123038],[-53.5,66.81474259999999],[-53.5,66.81492300000002],[-53.5,66.81947639999999],[-53.5,66.82167650000002],[-53.5,66.82297729999999],[-53.5,66.8232554],[-53.5,66.83241670000001],[-53.5,66.83722019999999],[-53.5,66.8444945],[-53.5,66.8468279],[-53.5,66.8476867],[-53.5,66.84969380000001],[-53.5,66.8506377],[-53.5,66.85245629999997],[-53.5,66.85305519999997],[-53.5,66.8547193],[-53.5,66.8559103],[-53.5,66.85645319999998],[-53.5,66.8565719],[-53.5,66.85686420000002],[-53.5,66.858454],[-53.5,66.85879039999998],[-53.5,66.86027059999998],[-53.5,66.8618032],[-53.5,66.86223050000001],[-53.5,66.8625212],[-53.5,66.86326530000002],[-53.5,66.86445259999999],[-53.5,66.8653137],[-53.5,66.86611319999997],[-53.5,66.8661209],[-53.5,66.86696519999998],[-53.5,66.8681042],[-53.5,66.87093340000001],[-53.5,66.87263890000003],[-53.5,66.87451320000002],[-53.5,66.87452159999998],[-53.5,66.87571480000003],[-53.5,66.87702689999998],[-53.5,66.8776479],[-53.5,66.8801315],[-53.5,66.88192880000003],[-53.5,66.8840793],[-53.5,66.88438500000001],[-53.5,66.88540319999998],[-53.5,66.8861599],[-53.5,66.88645200000002],[-53.5,66.8866835],[-53.5,66.88702860000001],[-53.5,66.888508],[-53.5,66.8905479],[-53.5,66.8932102],[-53.5,66.8941304],[-53.5,66.89480320000001],[-53.5,66.89598710000001],[-53.5,66.9004385],[-53.5,66.91315939999998],[-53.5,66.91411599999998],[-53.5,66.91668850000002],[-53.5,66.91825999999998],[-53.5,66.91952789999999],[-53.5,66.92107929999997],[-53.5,66.92188270000003],[-53.5,66.92293000000001],[-53.5,66.92401109999997],[-53.5,66.92453339999997],[-53.5,66.9246789],[-53.5,66.9248829],[-53.5,66.925206],[-53.5,66.92543549999999],[-53.5,66.92544500000002],[-53.5,66.92600650000003],[-53.5,66.92636920000001],[-53.5,66.92673509999997],[-53.5,66.93082040000002],[-53.5,66.93437660000001],[-53.5,66.93479100000002],[-53.5,66.93517359999998],[-53.5,66.93572940000001],[-53.5,66.93597410000001],[-53.5,66.93620379999999],[-53.5,66.93668100000002],[-53.5,66.93749939999998],[-53.5,66.94092339999997],[-53.5,66.9428949],[-53.5,66.94444069999997],[-53.5,66.94743570000003],[-53.5,66.9476692],[-53.5,66.94792419999999],[-53.5,66.94850980000001],[-53.5,66.94961660000001],[-53.5,66.95042860000001],[-53.5,66.95044860000002],[-53.5,66.9507734],[-53.5,66.95234269999997],[-53.5,66.95440660000003],[-53.5,66.95622279999998],[-53.5,66.95712400000002],[-53.5,66.95787239999999],[-53.5,66.96092069999997],[-53.5,66.96150879999999],[-53.5,66.96212500000001],[-53.5,66.9625158],[-53.5,66.9651513],[-53.5,66.96704920000002],[-53.5,66.96874550000001],[-53.5,66.97040870000001],[-53.5,66.97170290000003],[-53.5,66.97332510000001],[-53.5,66.97473159999998],[-53.5,66.97603120000002],[-53.5,66.97733770000002],[-53.5,66.97981399999998],[-53.5,66.98019870000002],[-53.5,66.98183879999999],[-53.5,66.98277389999998],[-53.5,66.98349350000001],[-53.5,66.9859482],[-53.5,66.9867959],[-53.5,66.9873657],[-53.5,66.9876961],[-53.5,66.98807900000003],[-53.5,66.98852069999998],[-53.5,66.98903469999999],[-53.5,66.98997209999999],[-53.5,66.99182730000001],[-53.5,66.99322460000002],[-53.5,66.99606999999997],[-53.5,66.99862409999997],[-53.5,66.99943680000001],[-53.5,67.0],[-53.53335120000003,67.0],[-53.53943629999998,67.0],[-53.547463300000004,67.0],[-53.555371200000025,67.0],[-53.56731070000001,67.0],[-53.56785780000001,67.0],[-53.57385629999999,67.0],[-53.5779038,67.0],[-53.593584299999975,67.0],[-53.595467299999996,67.0],[-53.597698700000024,67.0],[-53.599641599999984,67.0],[-53.607500000000016,67.0],[-53.6124428,67.0],[-53.61546049999998,67.0],[-53.61810359999998,67.0],[-53.632795999999985,67.0],[-53.634438999999986,67.0],[-53.635443899999984,67.0],[-53.64737509999998,67.0],[-53.65525050000002,67.0],[-53.658097199999986,67.0],[-53.66182250000003,67.0],[-53.6704613,67.0],[-53.6858057,67.0],[-53.71205689999999,67.0],[-53.71367270000002,67.0],[-53.7149134,67.0],[-53.732124,67.0],[-53.73829430000001,67.0],[-53.743751599999996,67.0],[-53.74806219999999,67.0],[-53.74846059999999,67.0],[-53.76340699999997,67.0],[-53.76370559999998,67.0],[-53.76416390000003,67.0],[-53.76581340000001,67.0],[-53.766572999999994,67.0],[-53.771902899999986,67.0],[-53.7865453,67.0],[-53.79757669999998,67.0],[-53.811780399999975,67.0],[-53.81244409999999,67.0],[-53.81247330000002,67.0],[-53.81396560000002,67.0],[-53.81694809999999,67.0],[-53.832179999999994,67.0],[-53.83445219999999,67.0],[-53.8349111,67.0],[-53.840025500000024,67.0],[-53.84008720000003,67.0],[-53.841424200000006,67.0],[-53.84259400000002,67.0],[-53.84420749999998,67.0],[-53.84661749999998,67.0],[-53.857931699999995,67.0],[-53.86617890000002,67.0],[-53.87571839999998,67.0],[-53.87598320000001,67.0],[-53.91387750000001,67.0],[-53.92245159999999,67.0],[-53.9339205,67.0],[-53.943925999999976,67.0],[-53.94924500000002,67.0],[-53.95059429999998,67.0],[-53.96365709999998,67.0],[-53.96987439999998,67.0],[-53.97910409999997,67.0],[-53.991844300000025,67.0],[-53.996756500000004,67.0],[-54.0,67.0],[-54.0,66.99726909999998],[-54.0,66.9941882],[-54.0,66.9882268],[-54.0,66.98418040000001],[-54.0,66.9815448],[-54.0,66.98134420000002],[-54.0,66.97994879999999],[-54.0,66.9775679],[-54.0,66.97279709999998],[-54.0,66.97031570000001],[-54.0,66.96562469999998],[-54.0,66.96541869999999],[-54.0,66.96334910000002],[-54.0,66.96298739999997],[-54.0,66.95946249999997],[-54.0,66.94254610000002],[-54.0,66.92234059999998],[-54.0,66.9204545],[-54.0,66.91846800000002],[-54.0,66.9067263],[-54.0,66.89441770000002],[-54.0,66.87390490000001],[-54.0,66.8445317],[-54.0,66.83609610000002],[-54.0,66.83319820000003],[-54.0,66.8330307],[-54.0,66.8312747],[-54.0,66.8093093],[-54.0,66.7908349],[-54.0,66.5],[-53.78333329999998,66.5]]]]},"properties":{"datasetName":"101DK004BQDKE","edition":0,"update":0,"status":3}},{"type":"Feature","geometry":{"type":"MultiPolygon","coordinates":[[[[-48.52499899999998,61.0],[-48.5,61.0],[-48.5,61.0056007],[-48.5,61.01376240000002],[-48.5,61.0226126],[-48.5,61.02464650000002],[-48.5,61.0307047],[-48.5,61.03446939999998],[-48.5,61.03860309999999],[-48.5,61.04723990000002],[-48.5,61.04736459999998],[-48.5,61.06943039999999],[-48.5,61.091501300000004],[-48.5,61.09472649999998],[-48.5,61.09907179999999],[-48.5,61.10075019999999],[-48.5,61.101776400000006],[-48.5,61.103640900000016],[-48.5,61.11249859999998],[-48.5,61.13608260000001],[-48.5,61.137012500000026],[-48.5,61.1396249],[-48.5,61.140032599999984],[-48.5,61.14061600000002],[-48.5,61.142429600000014],[-48.5,61.145153600000015],[-48.5,61.14602819999999],[-48.5,61.150999300000024],[-48.5,61.154135999999994],[-48.5,61.1563941],[-48.5,61.16204950000002],[-48.5,61.165561500000024],[-48.5,61.16591519999997],[-48.5,61.186208799999974],[-48.5,61.2265883],[-48.5,61.23333910000002],[-48.5,61.2518159],[-48.5,61.25927610000002],[-48.5,61.271215600000005],[-48.5,61.27765390000002],[-48.5,61.292256699999996],[-48.5,61.298988399999985],[-48.5,61.5],[-49.0,61.5],[-49.0,61.4851673],[-49.0,61.4819847],[-49.0,61.48137989999998],[-49.0,61.47978549999999],[-49.0,61.4792789],[-49.0,61.47918900000002],[-49.0,61.4777565],[-49.0,61.477592500000014],[-49.0,61.4770934],[-49.0,61.476766699999985],[-49.0,61.4762035],[-49.0,61.47619159999999],[-49.0,61.473407699999996],[-49.0,61.47230680000001],[-49.0,61.47195169999998],[-49.0,61.47195140000002],[-49.0,61.470718999999974],[-49.0,61.470710199999985],[-49.0,61.47052719999999],[-49.0,61.46646190000001],[-49.0,61.465852600000005],[-49.0,61.46402869999997],[-49.0,61.45944530000003],[-49.0,61.45647100000002],[-49.0,61.45555089999999],[-49.0,61.44673660000001],[-49.0,61.446702800000025],[-49.0,61.444167400000026],[-49.0,61.40499999999997],[-49.0,61.39975079999999],[-49.0,61.39967619999999],[-49.0,61.393172400000026],[-49.0,61.393079899999975],[-49.0,61.39176809999998],[-49.0,61.37413190000001],[-49.0,61.37411220000001],[-49.0,61.37373000000002],[-49.0,61.3734824],[-49.0,61.371648600000015],[-49.0,61.35779209999998],[-49.0,61.3566017],[-49.0,61.35348750000003],[-49.0,61.3500057],[-49.0,61.34847580000002],[-49.0,61.34633480000002],[-49.0,61.344203900000025],[-49.0,61.34386869999997],[-49.0,61.342586100000005],[-49.0,61.341238799999985],[-49.0,61.33999920000002],[-49.0,61.0],[-48.52499899999998,61.0]]]]},"properties":{"datasetName":"101DK004AUEEE","edition":1,"update":0,"status":4}},{"type":"Feature","geometry":{"type":"MultiPolygon","coordinates":[[[[12.006019999999978,56.0],[12.067279999999982,56.0],[12.11923999999999,56.0],[12.5,56.0],[12.5,56.020562600000005],[12.5,56.02201609999997],[12.5,56.084040000000016],[12.5,56.09096679999999],[12.5,56.0914363],[12.5,56.09220399999998],[12.5,56.09296330000001],[12.5,56.097787900000014],[12.5,56.09978369999999],[12.5,56.101],[12.5,56.1015276],[12.5,56.10736000000003],[12.5,56.1329121],[12.5,56.5],[12.144016599999986,56.5],[12.0,56.5],[12.0,56.0],[12.006019999999978,56.0]]]]},"properties":{"datasetName":"101DK0040949E","edition":1,"update":0,"status":4}},{"type":"Feature","geometry":{"type":"MultiPolygon","coordinates":[[[[11.0,56.5],[11.0,57.0],[10.5,57.0],[10.5,56.5],[11.0,56.5]]]]},"properties":{"datasetName":"101DK0041143E","edition":1,"update":0,"status":4}},{"type":"Feature","geometry":{"type":"MultiPolygon","coordinates":[[[[-51.98153380000002,64.0],[-51.97340059999999,64.0],[-51.96666670000002,64.0],[-51.966569900000025,64.0],[-51.950093200000026,64.0],[-51.94381199999998,64.0],[-51.92314379999999,64.0],[-51.91401189999999,64.0],[-51.90971280000002,64.0],[-51.90739610000003,64.0],[-51.904023600000016,64.0],[-51.90141649999998,64.0],[-51.894540000000006,64.0],[-51.89142020000003,64.0],[-51.856496400000026,64.0],[-51.84802250000001,64.0],[-51.83077700000001,64.0],[-51.823350300000016,64.0],[-51.817887600000006,64.0],[-51.81111550000003,64.0],[-51.80642340000003,64.0],[-51.79629490000002,64.0],[-51.792279699999995,64.0],[-51.781292500000006,64.0],[-51.777641500000016,64.0],[-51.76356190000001,64.0],[-51.76289550000001,64.0],[-51.75838249999998,64.0],[-51.75584500000002,64.0],[-51.75221620000002,64.0],[-51.74071930000002,64.0],[-51.73876480000001,64.0],[-51.7384629,64.0],[-51.73439910000002,64.0],[-51.73279170000001,64.0],[-51.73212419999999,64.0],[-51.73129060000002,64.0],[-51.72862029999999,64.0],[-51.726252199999976,64.0],[-51.722052599999984,64.0],[-51.71941270000002,64.0],[-51.71686779999999,64.0],[-51.71563320000001,64.0],[-51.71528749999999,64.0],[-51.71413230000002,64.0],[-51.71249949999998,64.0],[-51.712151000000006,64.0],[-51.70354639999999,64.0],[-51.70271939999998,64.0],[-51.70162110000001,64.0],[-51.70081399999998,64.0],[-51.69687870000001,64.0],[-51.6959612,64.0],[-51.6944393,64.0],[-51.69371990000002,64.0],[-51.69056669999998,64.0],[-51.68535300000002,64.0],[-51.6679585,64.0],[-51.66722920000001,64.0],[-51.665813000000014,64.0],[-51.6623338,64.0],[-51.65893920000002,64.0],[-51.65572100000003,64.0],[-51.64892320000001,64.0],[-51.64719250000002,64.0],[-51.644677,64.0],[-51.64373569999998,64.0],[-51.64036629999998,64.0],[-51.628612499999974,64.0],[-51.61799300000001,64.0],[-51.61584720000002,64.0],[-51.61510199999998,64.0],[-51.60996019999999,64.0],[-51.60771369999998,64.0],[-51.60497129999999,64.0],[-51.602036699999985,64.0],[-51.5992258,64.0],[-51.592841799999974,64.0],[-51.58459049999999,64.0],[-51.582094100000006,64.0],[-51.579999999999984,64.0],[-51.5,64.0],[-51.5,64.5],[-52.0,64.5],[-52.0,64.20150000000001],[-52.0,64.19852229999998],[-52.0,64.19813629999999],[-52.0,64.18846730000001],[-52.0,64.18755140000002],[-52.0,64.18718940000002],[-52.0,64.1863629],[-52.0,64.185787],[-52.0,64.1854768],[-52.0,64.18320110000002],[-52.0,64.18261000000001],[-52.0,64.18142440000003],[-52.0,64.18085960000002],[-52.0,64.1796769],[-52.0,64.17791590000002],[-52.0,64.17698009999998],[-52.0,64.17659079999999],[-52.0,64.17581200000001],[-52.0,64.1704585],[-52.0,64.16583689999999],[-52.0,64.15881830000001],[-52.0,64.1585561],[-52.0,64.1552016],[-52.0,64.15274160000001],[-52.0,64.148076],[-52.0,64.14473450000003],[-52.0,64.14397930000001],[-52.0,64.14174609999998],[-52.0,64.13562639999998],[-52.0,64.13165729999997],[-52.0,64.13150050000002],[-52.0,64.13039509999999],[-52.0,64.12991190000002],[-52.0,64.12918910000002],[-52.0,64.11756279999997],[-52.0,64.11424840000001],[-52.0,64.11302230000001],[-52.0,64.11150629999997],[-52.0,64.1092382],[-52.0,64.10850649999998],[-52.0,64.10645579999999],[-52.0,64.10561360000003],[-52.0,64.1030811],[-52.0,64.10091269999998],[-52.0,64.09751269999998],[-52.0,64.0922041],[-52.0,64.08951660000002],[-52.0,64.08776180000001],[-52.0,64.0868668],[-52.0,64.08422869999998],[-52.0,64.08387320000003],[-52.0,64.0828821],[-52.0,64.08238260000002],[-52.0,64.07961540000002],[-52.0,64.0791868],[-52.0,64.07861689999999],[-52.0,64.07231239999999],[-52.0,64.07083999999998],[-52.0,64.06441519999998],[-52.0,64.06272519999999],[-52.0,64.052615],[-52.0,64.04908949999998],[-52.0,64.03900809999999],[-52.0,64.03755000000001],[-52.0,64.03646509999999],[-52.0,64.03521970000003],[-52.0,64.0333708],[-52.0,64.03314239999997],[-52.0,64.03160009999999],[-52.0,64.0276293],[-52.0,64.02662049999998],[-52.0,64.02494100000001],[-52.0,64.02343339999999],[-52.0,64.02194930000002],[-52.0,64.0211084],[-52.0,64.01077550000002],[-52.0,64.01048109999999],[-52.0,64.00971449999997],[-52.0,64.00920079999997],[-52.0,64.0062931],[-52.0,64.0020108],[-52.0,64.0],[-51.98153380000002,64.0]]]]},"properties":{"datasetName":"101DK004BGDSE","edition":1,"update":0,"status":4}},{"type":"Feature","geometry":{"type":"MultiPolygon","coordinates":[[[[-51.851343299999996,70.5],[-51.528483800000004,70.5],[-51.5,70.5],[-51.5,70.512676],[-51.5,70.52961390000002],[-51.5,70.56626119999999],[-51.5,70.6529845],[-51.5,70.67241439999998],[-51.5,70.79913249999998],[-51.5,70.802641],[-51.5,70.80579080000001],[-51.5,70.80584850000002],[-51.5,70.82318859999998],[-51.5,70.84894279999997],[-51.5,70.86294120000002],[-51.5,70.86702450000001],[-51.5,70.8692838],[-51.5,70.88567280000001],[-51.5,70.8856781],[-51.5,70.8881321],[-51.5,70.88909999999998],[-51.5,70.8891165],[-51.5,70.89484060000001],[-51.5,70.89487129999998],[-51.5,70.90019640000003],[-51.5,70.92700000000002],[-51.5,71.0],[-51.84131559999997,71.0],[-51.90769160000002,71.0],[-51.99230699999998,71.0],[-52.0,71.0],[-52.0,70.99265810000003],[-52.0,70.97514100000001],[-52.0,70.97452929999997],[-52.0,70.86737640000001],[-52.0,70.86350099999999],[-52.0,70.86288180000003],[-52.0,70.86192460000001],[-52.0,70.86036460000003],[-52.0,70.83195310000002],[-52.0,70.813084],[-52.0,70.81217090000001],[-52.0,70.81086720000002],[-52.0,70.78276440000002],[-52.0,70.686148],[-52.0,70.6812941],[-52.0,70.5488775],[-52.0,70.54562240000001],[-52.0,70.54363790000002],[-52.0,70.5],[-51.851343299999996,70.5]]]]},"properties":{"datasetName":"101DK004CGDSE","edition":1,"update":0,"status":2}},{"type":"Feature","geometry":{"type":"MultiPolygon","coordinates":[[[[-52.99571950000001,67.5],[-52.99246870000002,67.5],[-52.988251100000014,67.5],[-52.981940899999984,67.5],[-52.97886779999999,67.5],[-52.97198500000002,67.5],[-52.96959270000002,67.5],[-52.96700019999997,67.5],[-52.96342629999998,67.5],[-52.94990660000002,67.5],[-52.94973060000001,67.5],[-52.9456859,67.5],[-52.929419300000006,67.5],[-52.92921030000002,67.5],[-52.92240609999999,67.5],[-52.903779799999995,67.5],[-52.89814560000002,67.5],[-52.89071039999999,67.5],[-52.884823299999994,67.5],[-52.881350399999974,67.5],[-52.879402700000014,67.5],[-52.87822399999999,67.5],[-52.8774057,67.5],[-52.876644699999986,67.5],[-52.875839499999984,67.5],[-52.875048900000024,67.5],[-52.8741852,67.5],[-52.87340929999999,67.5],[-52.87253620000001,67.5],[-52.8717848,67.5],[-52.86725530000001,67.5],[-52.86490709999998,67.5],[-52.85915299999999,67.5],[-52.84691509999999,67.5],[-52.84008399999999,67.5],[-52.8308538,67.5],[-52.81948060000002,67.5],[-52.81438029999998,67.5],[-52.81279999999998,67.5],[-52.811818500000015,67.5],[-52.8107473,67.5],[-52.80953820000002,67.5],[-52.80795690000002,67.5],[-52.789312499999994,67.5],[-52.78718809999998,67.5],[-52.782985,67.5],[-52.78216680000003,67.5],[-52.775163099999986,67.5],[-52.76700749999998,67.5],[-52.750007900000014,67.5],[-52.75,67.5],[-52.737716999999975,67.5],[-52.7324213,67.5],[-52.728151500000024,67.5],[-52.72584410000002,67.5],[-52.72253740000002,67.5],[-52.70650239999998,67.5],[-52.698298799999975,67.5],[-52.6900579,67.5],[-52.68288480000001,67.5],[-52.67360179999997,67.5],[-52.65709029999999,67.5],[-52.63843850000001,67.5],[-52.618739000000005,67.5],[-52.60951180000001,67.5],[-52.58360320000003,67.5],[-52.578360499999974,67.5],[-52.574900000000014,67.5],[-52.57296500000001,67.5],[-52.57101560000001,67.5],[-52.568499799999984,67.5],[-52.56476420000001,67.5],[-52.561597500000005,67.5],[-52.558426699999984,67.5],[-52.55145399999998,67.5],[-52.54248000000001,67.5],[-52.54034530000001,67.5],[-52.526677800000016,67.5],[-52.524848599999984,67.5],[-52.51906539999999,67.5],[-52.51365770000001,67.5],[-52.50553159999998,67.5],[-52.50220630000001,67.5],[-52.50074000000001,67.5],[-52.5,67.5],[-52.5,67.50036820000003],[-52.5,67.5013578],[-52.5,67.50240609999997],[-52.5,67.50594319999999],[-52.5,67.51369440000002],[-52.5,67.51595689999999],[-52.5,67.51783460000001],[-52.5,67.520557],[-52.5,67.52209210000001],[-52.5,67.52288069999997],[-52.5,67.5234183],[-52.5,67.52398219999998],[-52.5,67.5249546],[-52.5,67.5274334],[-52.5,67.5286964],[-52.5,67.53220219999997],[-52.5,67.53280790000002],[-52.5,67.5334522],[-52.5,67.5339831],[-52.5,67.53512660000001],[-52.5,67.53548590000003],[-52.5,67.5358809],[-52.5,67.53741530000002],[-52.5,67.5380839],[-52.5,67.5383329],[-52.5,67.53856589999998],[-52.5,67.53902599999998],[-52.5,67.5401726],[-52.5,67.54113080000002],[-52.5,67.5416462],[-52.5,67.5421576],[-52.5,67.54360400000002],[-52.5,67.54440770000002],[-52.5,67.54489180000002],[-52.5,67.54537429999999],[-52.5,67.54568799999998],[-52.5,67.5459763],[-52.5,67.54624369999999],[-52.5,67.5465049],[-52.5,67.54682810000003],[-52.5,67.54724270000003],[-52.5,67.54793869999997],[-52.5,67.55256550000001],[-52.5,67.55379950000003],[-52.5,67.55477969999998],[-52.5,67.55502480000001],[-52.5,67.55525610000001],[-52.5,67.5555898],[-52.5,67.556804],[-52.5,67.55961359999998],[-52.5,67.56004789999997],[-52.5,67.56034499999998],[-52.5,67.5606813],[-52.5,67.5610097],[-52.5,67.56135560000001],[-52.5,67.56182000000001],[-52.5,67.56232089999997],[-52.5,67.56425150000001],[-52.5,67.56460779999998],[-52.5,67.56508769999999],[-52.5,67.56624900000003],[-52.5,67.56665620000001],[-52.5,67.56687419999997],[-52.5,67.56709640000003],[-52.5,67.56727180000001],[-52.5,67.56747719999998],[-52.5,67.5678029],[-52.5,67.5685234],[-52.5,67.56949420000001],[-52.5,67.57051539999998],[-52.5,67.57240810000002],[-52.5,67.5736756],[-52.5,67.57445360000003],[-52.5,67.57834639999999],[-52.5,67.57941290000002],[-52.5,67.58013670000003],[-52.5,67.58058369999998],[-52.5,67.58096080000001],[-52.5,67.5814373],[-52.5,67.5819194],[-52.5,67.58223759999998],[-52.5,67.58251560000002],[-52.5,67.5827779],[-52.5,67.58316539999998],[-52.5,67.5836104],[-52.5,67.58464670000001],[-52.5,67.5850446],[-52.5,67.58608079999999],[-52.5,67.5865622],[-52.5,67.58703209999999],[-52.5,67.58776610000001],[-52.5,67.5908134],[-52.5,67.5913041],[-52.5,67.59220859999999],[-52.5,67.59291300000001],[-52.5,67.59348419999998],[-52.5,67.59426880000001],[-52.5,67.59557089999998],[-52.5,67.60129640000002],[-52.5,67.60575449999999],[-52.5,67.60784239999998],[-52.5,67.60833300000002],[-52.5,67.63557259999999],[-52.5,67.6358798],[-52.5,67.63724000000002],[-52.5,67.6382858],[-52.5,67.63940020000001],[-52.5,67.64054879999998],[-52.5,67.64185780000003],[-52.5,67.642764],[-52.5,67.64383909999998],[-52.5,67.6454903],[-52.5,67.6466858],[-52.5,67.64683919999999],[-52.5,67.6477716],[-52.5,67.64850369999999],[-52.5,67.64994990000002],[-52.5,67.65053499999999],[-52.5,67.6510371],[-52.5,67.65140760000003],[-52.5,67.6518567],[-52.5,67.6524033],[-52.5,67.65296799999999],[-52.5,67.65367140000001],[-52.5,67.65426580000002],[-52.5,67.65494960000001],[-52.5,67.65607549999999],[-52.5,67.65654749999999],[-52.5,67.66009359999998],[-52.5,67.66070209999998],[-52.5,67.66070639999998],[-52.5,67.66121609999999],[-52.5,67.6617809],[-52.5,67.6622327],[-52.5,67.66284569999999],[-52.5,67.663366],[-52.5,67.66336769999998],[-52.5,67.6637857],[-52.5,67.6644306],[-52.5,67.6649056],[-52.5,67.6654871],[-52.5,67.6665855],[-52.5,67.67261159999998],[-52.5,67.67339950000002],[-52.5,67.67387450000001],[-52.5,67.67466630000001],[-52.5,67.6748642],[-52.5,67.67539199999999],[-52.5,67.6758011],[-52.5,67.6769114],[-52.5,67.67722199999997],[-52.5,67.68490750000001],[-52.5,67.68522280000002],[-52.5,67.6879816],[-52.5,67.68942950000002],[-52.5,67.6901628],[-52.5,67.6905534],[-52.5,67.69091639999999],[-52.5,67.69208889999999],[-52.5,67.69323700000001],[-52.5,67.69608849999997],[-52.5,67.69666710000001],[-52.5,67.69711419999999],[-52.5,67.6981386],[-52.5,67.69942120000002],[-52.5,67.70159230000002],[-52.5,67.70580389999998],[-52.5,67.70687679999997],[-52.5,67.70728989999998],[-52.5,67.70821130000002],[-52.5,67.711701],[-52.5,67.71333820000001],[-52.5,67.71347350000002],[-52.5,67.7151609],[-52.5,67.7154061],[-52.5,67.71617149999997],[-52.5,67.7189204],[-52.5,67.71935050000002],[-52.5,67.71960180000002],[-52.5,67.71990369999997],[-52.5,67.72028410000001],[-52.5,67.7208187],[-52.5,67.7213084],[-52.5,67.72133830000001],[-52.5,67.72161849999998],[-52.5,67.72187459999998],[-52.5,67.72210630000001],[-52.5,67.72241980000001],[-52.5,67.72297889999999],[-52.5,67.72482120000001],[-52.5,67.72545630000002],[-52.5,67.72600490000002],[-52.5,67.72703469999999],[-52.5,67.72830110000001],[-52.5,67.72890949999999],[-52.5,67.73076880000002],[-52.5,67.73257760000001],[-52.5,67.7333375],[-52.5,67.73511280000002],[-52.5,67.73592789999998],[-52.5,67.73653519999999],[-52.5,67.73906640000001],[-52.5,67.74008989999999],[-52.5,67.7403031],[-52.5,67.74283559999998],[-52.5,67.74411529999998],[-52.5,67.74617009999997],[-52.5,67.74833109999997],[-52.5,67.74933829999998],[-52.5,67.75],[-52.5,67.75079490000002],[-52.5,67.7510388],[-52.5,67.75130480000001],[-52.5,67.7514582],[-52.5,67.75550129999999],[-52.5,67.75577149999998],[-52.5,67.75620780000003],[-52.5,67.75666990000002],[-52.5,67.75903790000001],[-52.5,67.75926520000002],[-52.5,67.7596964],[-52.5,67.76001819999999],[-52.5,67.761102],[-52.5,67.76321410000003],[-52.5,67.7642697],[-52.5,67.76639999999998],[-52.5,67.76680440000001],[-52.5,67.76757780000003],[-52.5,67.76802500000002],[-52.5,67.76846089999998],[-52.5,67.76875150000001],[-52.5,67.76903870000001],[-52.5,67.76940669999999],[-52.5,67.7699854],[-52.5,67.7712583],[-52.5,67.77253259999998],[-52.5,67.77600619999998],[-52.5,67.77786070000002],[-52.5,67.7790918],[-52.5,67.78055119999999],[-52.5,67.79577269999999],[-52.5,67.79609290000002],[-52.5,67.79700200000002],[-52.5,67.79843879999999],[-52.5,67.80060850000001],[-52.5,67.8013555],[-52.5,67.80263159999998],[-52.5,67.80332670000001],[-52.5,67.80377229999999],[-52.5,67.8054022],[-52.5,67.80729250000002],[-52.5,67.80869919999998],[-52.5,67.81022840000003],[-52.5,67.81145479999998],[-52.5,67.8131497],[-52.5,67.8135676],[-52.5,67.81512880000002],[-52.5,67.81595620000002],[-52.5,67.81757879999998],[-52.5,67.81895159999999],[-52.5,67.82104770000001],[-52.5,67.82325279999998],[-52.5,67.82406859999998],[-52.5,67.82446040000002],[-52.5,67.8250658],[-52.5,67.82583790000001],[-52.5,67.8323704],[-52.5,67.83297920000001],[-52.5,67.83339519999998],[-52.5,67.8335085],[-52.5,67.833958],[-52.5,67.83487229999997],[-52.5,67.8373001],[-52.5,67.8385432],[-52.5,67.84005919999998],[-52.5,67.8413744],[-52.5,67.84157119999998],[-52.5,67.84275880000001],[-52.5,67.84402399999999],[-52.5,67.84456060000002],[-52.5,67.84601789999999],[-52.5,67.84686149999999],[-52.5,67.8472534],[-52.5,67.84797759999998],[-52.5,67.85010110000002],[-52.5,67.85091849999998],[-52.5,67.8515127],[-52.5,67.8519705],[-52.5,67.8546303],[-52.5,67.85619780000002],[-52.5,67.8565987],[-52.5,67.85941279999997],[-52.5,67.860544],[-52.5,67.86098479999998],[-52.5,67.8614394],[-52.5,67.86460629999999],[-52.5,67.8689435],[-52.5,67.86952930000001],[-52.5,67.8699977],[-52.5,67.87065919999998],[-52.5,67.8711907],[-52.5,67.87146849999999],[-52.5,67.87185390000002],[-52.5,67.87573229999998],[-52.5,67.87640149999999],[-52.5,67.87732069999998],[-52.5,67.87768829999999],[-52.5,67.87884980000001],[-52.5,67.87968719999998],[-52.5,67.8801393],[-52.5,67.88043399999998],[-52.5,67.88092710000001],[-52.5,67.8814175],[-52.5,67.88172259999999],[-52.5,67.88200869999997],[-52.5,67.88238999999999],[-52.5,67.88334859999998],[-52.5,67.88428210000001],[-52.5,67.89151750000002],[-52.5,67.89169329999999],[-52.5,67.89232279999999],[-52.5,67.8931766],[-52.5,67.8937563],[-52.5,67.89467309999998],[-52.5,67.89513140000003],[-52.5,67.8963819],[-52.5,67.89658969999999],[-52.5,67.89682060000001],[-52.5,67.89713920000003],[-52.5,67.89815119999997],[-52.5,67.89999590000002],[-52.5,67.9010414],[-52.5,67.90192029999997],[-52.5,67.90245620000002],[-52.5,67.9081612],[-52.5,67.90883910000002],[-52.5,67.90942109999997],[-52.5,67.91046110000002],[-52.5,67.91244130000001],[-52.5,67.91466530000002],[-52.5,67.91509509999997],[-52.5,67.91662539999999],[-52.5,67.9178824],[-52.5,67.91824689999999],[-52.5,67.91874589999998],[-52.5,67.91943129999999],[-52.5,67.92046340000002],[-52.5,67.92138399999999],[-52.5,67.92398789999999],[-52.5,67.92650320000001],[-52.5,67.92723009999997],[-52.5,67.92770569999999],[-52.5,67.92813319999999],[-52.5,67.9287056],[-52.5,67.92968669999999],[-52.5,67.93303370000001],[-52.5,67.93402709999998],[-52.5,67.93711000000002],[-52.5,67.93835910000001],[-52.5,67.93895629999997],[-52.5,67.93956889999998],[-52.5,67.94019100000003],[-52.5,67.94152969999999],[-52.5,67.94240589999998],[-52.5,67.9446486],[-52.5,67.94986440000002],[-52.5,67.9587793],[-52.5,67.9606033],[-52.5,67.96069510000001],[-52.5,67.96149559999998],[-52.5,67.96199059999998],[-52.5,67.96246550000001],[-52.5,67.96272779999998],[-52.5,67.96472119999999],[-52.5,67.96633639999999],[-52.5,67.9682115],[-52.5,67.9700315],[-52.5,67.97475989999998],[-52.5,67.97554910000002],[-52.5,67.97681569999997],[-52.5,67.97857429999999],[-52.5,67.97968680000002],[-52.5,67.9805604],[-52.5,67.9817979],[-52.5,67.98244629999999],[-52.5,67.983407],[-52.5,67.98507999999998],[-52.5,67.98601029999998],[-52.5,67.98631339999997],[-52.5,67.98701749999998],[-52.5,67.98766810000001],[-52.5,67.98999609999998],[-52.5,67.99191400000001],[-52.5,67.99336870000002],[-52.5,67.99544200000003],[-52.5,67.99587309999998],[-52.5,67.99621350000001],[-52.5,67.99888120000003],[-52.5,68.0],[-52.501133700000025,68.0],[-52.51007240000001,68.0],[-52.5409932,68.0],[-52.54354540000003,68.0],[-52.54485829999999,68.0],[-52.548171500000024,68.0],[-52.55728529999999,68.0],[-52.5634048,68.0],[-52.57631700000002,68.0],[-52.58202319999998,68.0],[-52.58593050000002,68.0],[-52.59132890000001,68.0],[-52.59717269999999,68.0],[-52.600887399999976,68.0],[-52.60244990000001,68.0],[-52.60893090000002,68.0],[-52.615862900000025,68.0],[-52.62115699999998,68.0],[-52.62269550000002,68.0],[-52.62422720000001,68.0],[-52.634779700000024,68.0],[-52.63729569999998,68.0],[-52.63930119999998,68.0],[-52.642470300000014,68.0],[-52.653136500000016,68.0],[-52.66754580000003,68.0],[-52.67286790000003,68.0],[-52.67597749999999,68.0],[-52.6829917,68.0],[-52.686062900000024,68.0],[-52.68931989999999,68.0],[-52.6908186,68.0],[-52.691941799999995,68.0],[-52.69311699999997,68.0],[-52.69432690000002,68.0],[-52.70743629999998,68.0],[-52.70941449999998,68.0],[-52.713208699999996,68.0],[-52.72150629999999,68.0],[-52.73848379999998,68.0],[-52.74536069999999,68.0],[-52.75,68.0],[-52.76524760000001,68.0],[-52.771315500000014,68.0],[-52.775951899999995,68.0],[-52.78168849999997,68.0],[-52.78353870000001,68.0],[-52.785868100000016,68.0],[-52.79603980000002,68.0],[-52.80858030000002,68.0],[-52.81611559999999,68.0],[-52.8457075,68.0],[-52.845836899999995,68.0],[-52.84851400000002,68.0],[-52.85118940000001,68.0],[-52.85246289999998,68.0],[-52.85446159999998,68.0],[-52.85612800000001,68.0],[-52.8561416,68.0],[-52.85692690000002,68.0],[-52.859763699999974,68.0],[-52.86918320000001,68.0],[-52.88667570000001,68.0],[-52.889255100000014,68.0],[-52.89216060000001,68.0],[-52.89425060000002,68.0],[-52.89592759999999,68.0],[-52.89819540000002,68.0],[-52.903526899999974,68.0],[-52.904514000000006,68.0],[-52.909648800000014,68.0],[-52.9135819,68.0],[-52.91772900000001,68.0],[-52.92434400000002,68.0],[-52.925672099999986,68.0],[-52.934272599999986,68.0],[-52.937400500000024,68.0],[-52.9409028,68.0],[-52.94401740000001,68.0],[-52.9458348,68.0],[-52.946813399999996,68.0],[-52.9573881,68.0],[-52.957601599999975,68.0],[-52.96099400000003,68.0],[-52.9635523,68.0],[-52.967735800000014,68.0],[-52.972405700000024,68.0],[-52.97498139999999,68.0],[-52.9783506,68.0],[-52.98175739999999,68.0],[-52.99211170000001,68.0],[-52.99781840000003,68.0],[-53.0,68.0],[-53.0,67.99846710000003],[-53.0,67.9944577],[-53.0,67.99186049999997],[-53.0,67.98749780000003],[-53.0,67.98621939999998],[-53.0,67.98568239999997],[-53.0,67.98501279999999],[-53.0,67.98477789999998],[-53.0,67.98402529999998],[-53.0,67.98301900000001],[-53.0,67.98239109999997],[-53.0,67.97980610000002],[-53.0,67.97921179999997],[-53.0,67.97807180000001],[-53.0,67.97702720000001],[-53.0,67.97229859999999],[-53.0,67.971112],[-53.0,67.97029140000001],[-53.0,67.96966270000001],[-53.0,67.96898440000001],[-53.0,67.96836610000003],[-53.0,67.96658230000003],[-53.0,67.96613070000001],[-53.0,67.96519430000001],[-53.0,67.9638205],[-53.0,67.96252199999998],[-53.0,67.96172580000001],[-53.0,67.96118990000002],[-53.0,67.95973090000001],[-53.0,67.95906930000001],[-53.0,67.95802809999998],[-53.0,67.9553085],[-53.0,67.95187700000002],[-53.0,67.95178099999998],[-53.0,67.94763599999999],[-53.0,67.94696699999997],[-53.0,67.9437107],[-53.0,67.9430815],[-53.0,67.94099410000001],[-53.0,67.93951879999997],[-53.0,67.93879170000002],[-53.0,67.93686439999999],[-53.0,67.93538569999998],[-53.0,67.9347553],[-53.0,67.93442590000001],[-53.0,67.9338419],[-53.0,67.93158629999999],[-53.0,67.93117710000001],[-53.0,67.93067969999998],[-53.0,67.92947950000001],[-53.0,67.92880839999998],[-53.0,67.92804949999999],[-53.0,67.92779710000002],[-53.0,67.92756509999998],[-53.0,67.92724199999998],[-53.0,67.9269109],[-53.0,67.92596750000001],[-53.0,67.92442510000001],[-53.0,67.9239197],[-53.0,67.92361010000002],[-53.0,67.92302539999997],[-53.0,67.9219114],[-53.0,67.92090339999999],[-53.0,67.91822669999999],[-53.0,67.91648140000001],[-53.0,67.9158117],[-53.0,67.91353809999998],[-53.0,67.91249699999997],[-53.0,67.91082979999999],[-53.0,67.91055219999998],[-53.0,67.9086221],[-53.0,67.90840509999998],[-53.0,67.90766810000002],[-53.0,67.90654719999998],[-53.0,67.90420210000002],[-53.0,67.901837],[-53.0,67.90007750000001],[-53.0,67.8985902],[-53.0,67.89813040000001],[-53.0,67.89584980000001],[-53.0,67.89454610000001],[-53.0,67.89378690000001],[-53.0,67.89348769999998],[-53.0,67.89336639999999],[-53.0,67.89304779999998],[-53.0,67.89256549999999],[-53.0,67.8910237],[-53.0,67.88991440000001],[-53.0,67.88657549999999],[-53.0,67.88610770000003],[-53.0,67.88563160000001],[-53.0,67.88429869999999],[-53.0,67.88392900000002],[-53.0,67.88322099999999],[-53.0,67.88254169999999],[-53.0,67.88247890000002],[-53.0,67.88109960000003],[-53.0,67.88094569999998],[-53.0,67.87831069999999],[-53.0,67.87464130000001],[-53.0,67.87433299999998],[-53.0,67.87228859999999],[-53.0,67.87122110000001],[-53.0,67.87067730000001],[-53.0,67.87005069999998],[-53.0,67.86939130000002],[-53.0,67.86721340000003],[-53.0,67.86534990000001],[-53.0,67.86394339999998],[-53.0,67.86289140000002],[-53.0,67.860931],[-53.0,67.85862279999998],[-53.0,67.85669819999998],[-53.0,67.855189],[-53.0,67.85366859999999],[-53.0,67.8528445],[-53.0,67.85195140000002],[-53.0,67.85037319999998],[-53.0,67.84956290000002],[-53.0,67.84806120000002],[-53.0,67.8472337],[-53.0,67.84698170000001],[-53.0,67.84672130000001],[-53.0,67.84550059999998],[-53.0,67.8447256],[-53.0,67.84428220000001],[-53.0,67.84355979999998],[-53.0,67.84312],[-53.0,67.84240199999999],[-53.0,67.8379349],[-53.0,67.83758019999999],[-53.0,67.8311617],[-53.0,67.83053239999998],[-53.0,67.8293175],[-53.0,67.82753980000001],[-53.0,67.82691089999997],[-53.0,67.82554499999998],[-53.0,67.82390939999999],[-53.0,67.82272339999997],[-53.0,67.82201759999998],[-53.0,67.82174090000001],[-53.0,67.82160399999998],[-53.0,67.8212858],[-53.0,67.8209041],[-53.0,67.82052299999998],[-53.0,67.81803079999997],[-53.0,67.8173888],[-53.0,67.81682819999997],[-53.0,67.81568579999998],[-53.0,67.81497259999998],[-53.0,67.813895],[-53.0,67.81323520000001],[-53.0,67.81272259999997],[-53.0,67.81121589999998],[-53.0,67.8104358],[-53.0,67.80727430000002],[-53.0,67.80611379999999],[-53.0,67.80572139999998],[-53.0,67.80524889999998],[-53.0,67.8036515],[-53.0,67.80093440000002],[-53.0,67.80001629999998],[-53.0,67.7995252],[-53.0,67.79907109999999],[-53.0,67.79837600000002],[-53.0,67.79724800000002],[-53.0,67.79649920000003],[-53.0,67.7957505],[-53.0,67.79511550000001],[-53.0,67.79345590000003],[-53.0,67.7920138],[-53.0,67.7914126],[-53.0,67.79109039999997],[-53.0,67.79068230000001],[-53.0,67.79036359999998],[-53.0,67.7896958],[-53.0,67.789151],[-53.0,67.78840300000002],[-53.0,67.7853197],[-53.0,67.78488060000001],[-53.0,67.78141959999999],[-53.0,67.78059159999998],[-53.0,67.76851870000002],[-53.0,67.7679703],[-53.0,67.7662747],[-53.0,67.76279670000002],[-53.0,67.76033180000002],[-53.0,67.75812000000002],[-53.0,67.7564501],[-53.0,67.7550286],[-53.0,67.75428629999999],[-53.0,67.75204409999998],[-53.0,67.75204400000001],[-53.0,67.75187970000002],[-53.0,67.75175969999998],[-53.0,67.75134259999999],[-53.0,67.75080559999998],[-53.0,67.75060159999998],[-53.0,67.7502685],[-53.0,67.7497315],[-53.0,67.74919440000002],[-53.0,67.74891539999999],[-53.0,67.74865740000001],[-53.0,67.74812029999998],[-53.0,67.74758320000001],[-53.0,67.7470462],[-53.0,67.74650910000003],[-53.0,67.74597210000002],[-53.0,67.74543499999999],[-53.0,67.74489799999998],[-53.0,67.7443609],[-53.0,67.7438239],[-53.0,67.74328680000002],[-53.0,67.74274969999999],[-53.0,67.74221269999998],[-53.0,67.74167560000001],[-53.0,67.7411386],[-53.0,67.74060150000003],[-53.0,67.74006450000002],[-53.0,67.73952739999999],[-53.0,67.73899030000001],[-53.0,67.7384533],[-53.0,67.73791619999997],[-53.0,67.73737920000002],[-53.0,67.73684209999999],[-53.0,67.73630509999998],[-53.0,67.73576800000001],[-53.0,67.73523089999998],[-53.0,67.73469390000002],[-53.0,67.7341568],[-53.0,67.73361979999999],[-53.0,67.73308270000001],[-53.0,67.7325457],[-53.0,67.73200859999997],[-53.0,67.7314715],[-53.0,67.73093449999999],[-53.0,67.73039740000002],[-53.0,67.7298604],[-53.0,67.72932329999998],[-53.0,67.72878630000002],[-53.0,67.7282492],[-53.0,67.72771210000002],[-53.0,67.72717510000001],[-53.0,67.72663799999998],[-53.0,67.72610100000003],[-53.0,67.7255639],[-53.0,67.72502689999999],[-53.0,67.72448980000001],[-53.0,67.72395269999998],[-53.0,67.72341569999998],[-53.0,67.7228786],[-53.0,67.7223416],[-53.0,67.72180450000002],[-53.0,67.72126750000001],[-53.0,67.72073039999998],[-53.0,67.72024019999998],[-53.0,67.7201933],[-53.0,67.7196563],[-53.0,67.71911920000002],[-53.0,67.71908560000003],[-53.0,67.71858220000001],[-53.0,67.71804509999998],[-53.0,67.71750809999998],[-53.0,67.71702119999998],[-53.0,67.71491709999998],[-53.0,67.70869440000001],[-53.0,67.70864039999998],[-53.0,67.70714240000001],[-53.0,67.7058098],[-53.0,67.7050031],[-53.0,67.70419570000001],[-53.0,67.70266299999997],[-53.0,67.7007964],[-53.0,67.69892420000002],[-53.0,67.69731130000002],[-53.0,67.69403369999998],[-53.0,67.69388279999998],[-53.0,67.69128649999999],[-53.0,67.6910388],[-53.0,67.68519070000002],[-53.0,67.68371439999999],[-53.0,67.68293260000002],[-53.0,67.68210540000001],[-53.0,67.68127870000001],[-53.0,67.68030490000001],[-53.0,67.67974700000002],[-53.0,67.67908519999997],[-53.0,67.67684079999998],[-53.0,67.67640560000001],[-53.0,67.67591650000003],[-53.0,67.67411049999998],[-53.0,67.67314549999998],[-53.0,67.6712149],[-53.0,67.67060359999999],[-53.0,67.67016280000001],[-53.0,67.66985779999999],[-53.0,67.6695307],[-53.0,67.66905009999999],[-53.0,67.6674463],[-53.0,67.66521469999998],[-53.0,67.66364850000002],[-53.0,67.66358960000002],[-53.0,67.65517310000001],[-53.0,67.65497690000001],[-53.0,67.65472460000001],[-53.0,67.65401129999998],[-53.0,67.65370289999998],[-53.0,67.65356480000003],[-53.0,67.65352580000001],[-53.0,67.64741099999998],[-53.0,67.64719600000001],[-53.0,67.64699919999998],[-53.0,67.64661960000001],[-53.0,67.64632469999998],[-53.0,67.64610779999998],[-53.0,67.6458912],[-53.0,67.64493379999999],[-53.0,67.64432169999998],[-53.0,67.6428075],[-53.0,67.64193340000003],[-53.0,67.6414891],[-53.0,67.6410568],[-53.0,67.6394464],[-53.0,67.63909289999998],[-53.0,67.63876269999997],[-53.0,67.63849909999999],[-53.0,67.63816830000002],[-53.0,67.63640379999998],[-53.0,67.6361245],[-53.0,67.63577509999999],[-53.0,67.63527340000002],[-53.0,67.6322389],[-53.0,67.63158199999998],[-53.0,67.63110230000001],[-53.0,67.6306654],[-53.0,67.6300172],[-53.0,67.6291903],[-53.0,67.62813549999998],[-53.0,67.62761929999999],[-53.0,67.62703149999999],[-53.0,67.6264976],[-53.0,67.6257215],[-53.0,67.62452359999997],[-53.0,67.62247150000002],[-53.0,67.62166889999997],[-53.0,67.62029810000001],[-53.0,67.61920079999999],[-53.0,67.61770080000002],[-53.0,67.61662489999998],[-53.0,67.61606269999999],[-53.0,67.614596],[-53.0,67.61349580000001],[-53.0,67.60813730000001],[-53.0,67.60198839999998],[-53.0,67.60063000000002],[-53.0,67.60032159999997],[-53.0,67.60017110000001],[-53.0,67.59974840000001],[-53.0,67.59954160000001],[-53.0,67.59948150000002],[-53.0,67.59837219999997],[-53.0,67.59459450000003],[-53.0,67.59253210000003],[-53.0,67.59171329999998],[-53.0,67.59126839999999],[-53.0,67.5909613],[-53.0,67.59068339999999],[-53.0,67.59040770000001],[-53.0,67.59017849999998],[-53.0,67.58992940000002],[-53.0,67.58962730000002],[-53.0,67.58918219999998],[-53.0,67.58865650000001],[-53.0,67.58803690000002],[-53.0,67.58772920000001],[-53.0,67.5874801],[-53.0,67.5872728],[-53.0,67.587131],[-53.0,67.58686360000002],[-53.0,67.58637549999997],[-53.0,67.5848441],[-53.0,67.58413610000002],[-53.0,67.5770751],[-53.0,67.57651750000002],[-53.0,67.5760871],[-53.0,67.57548329999997],[-53.0,67.57487359999999],[-53.0,67.5734635],[-53.0,67.57156859999998],[-53.0,67.56986990000001],[-53.0,67.56848280000003],[-53.0,67.56625650000001],[-53.0,67.56301250000001],[-53.0,67.56094300000001],[-53.0,67.55777],[-53.0,67.55707699999999],[-53.0,67.55598739999999],[-53.0,67.55456659999999],[-53.0,67.55366939999999],[-53.0,67.55241840000002],[-53.0,67.55144100000001],[-53.0,67.55046520000002],[-53.0,67.549867],[-53.0,67.54946050000001],[-53.0,67.54911399999997],[-53.0,67.54868570000002],[-53.0,67.5482078],[-53.0,67.54745159999999],[-53.0,67.54632229999999],[-53.0,67.5449486],[-53.0,67.54338519999999],[-53.0,67.54208679999999],[-53.0,67.54084210000002],[-53.0,67.53946079999997],[-53.0,67.53862459999999],[-53.0,67.5358999],[-53.0,67.53445799999997],[-53.0,67.5321748],[-53.0,67.53055970000003],[-53.0,67.529877],[-53.0,67.52918360000001],[-53.0,67.5279554],[-53.0,67.52612629999999],[-53.0,67.52549149999999],[-53.0,67.5241153],[-53.0,67.52332100000001],[-53.0,67.52277450000003],[-53.0,67.52080810000001],[-53.0,67.52003860000002],[-53.0,67.51946750000002],[-53.0,67.51860260000001],[-53.0,67.51791689999999],[-53.0,67.51706130000002],[-53.0,67.51648990000001],[-53.0,67.51592249999999],[-53.0,67.5152635],[-53.0,67.51470640000002],[-53.0,67.51259529999999],[-53.0,67.51181000000003],[-53.0,67.51126640000001],[-53.0,67.51093789999999],[-53.0,67.5106025],[-53.0,67.51014220000002],[-53.0,67.50960880000002],[-53.0,67.5081844],[-53.0,67.5065773],[-53.0,67.50479100000001],[-53.0,67.5039754],[-53.0,67.50185570000002],[-53.0,67.50111650000002],[-53.0,67.5007359],[-53.0,67.5004437],[-53.0,67.50020710000001],[-53.0,67.5],[-52.99571950000001,67.5]]]]},"properties":{"datasetName":"101DK004BUDOE","edition":1,"update":0,"status":1}},{"type":"Feature","geometry":{"type":"MultiPolygon","coordinates":[[[[-52.86571359999999,70.0],[-52.86546520000002,70.0],[-52.86504609999997,70.0],[-52.864626999999984,70.0],[-52.8642079,70.0],[-52.86378880000001,70.0],[-52.86336970000002,70.0],[-52.86295050000001,70.0],[-52.86253140000002,70.0],[-52.86211229999998,70.0],[-52.86169319999999,70.0],[-52.8612741,70.0],[-52.860855000000015,70.0],[-52.86043590000003,70.0],[-52.86001679999998,70.0],[-52.859597699999995,70.0],[-52.859178499999985,70.0],[-52.8587594,70.0],[-52.85834030000001,70.0],[-52.85792120000002,70.0],[-52.85750209999998,70.0],[-52.85708299999999,70.0],[-52.8566639,70.0],[-52.85624480000001,70.0],[-52.855825700000025,70.0],[-52.855406500000015,70.0],[-52.85498740000003,70.0],[-52.85456829999998,70.0],[-52.854149199999995,70.0],[-52.85373010000001,70.0],[-52.85331100000002,70.0],[-52.852891899999975,70.0],[-52.85247279999999,70.0],[-52.8520537,70.0],[-52.85163449999999,70.0],[-52.8512154,70.0],[-52.85079630000001,70.0],[-52.850377200000025,70.0],[-52.84995809999998,70.0],[-52.84953899999999,70.0],[-52.849119900000005,70.0],[-52.84870080000002,70.0],[-52.84828160000001,70.0],[-52.84786250000002,70.0],[-52.847443399999975,70.0],[-52.84702429999999,70.0],[-52.8466052,70.0],[-52.84618610000001,70.0],[-52.84576700000002,70.0],[-52.84534789999998,70.0],[-52.84492879999999,70.0],[-52.84450959999998,70.0],[-52.84409049999999,70.0],[-52.843671400000005,70.0],[-52.84325230000002,70.0],[-52.84283319999997,70.0],[-52.842414099999985,70.0],[-52.841995,70.0],[-52.84157590000001,70.0],[-52.84115680000002,70.0],[-52.84073760000001,70.0],[-52.84031850000002,70.0],[-52.83989939999998,70.0],[-52.83948029999999,70.0],[-52.8390612,70.0],[-52.838642100000015,70.0],[-52.83822300000003,70.0],[-52.83780389999998,70.0],[-52.83738469999997,70.0],[-52.836965599999985,70.0],[-52.8365465,70.0],[-52.83612740000001,70.0],[-52.83570830000002,70.0],[-52.83528919999998,70.0],[-52.83487009999999,70.0],[-52.834451,70.0],[-52.834031900000014,70.0],[-52.8336127,70.0],[-52.833193600000016,70.0],[-52.83277450000003,70.0],[-52.83235539999998,70.0],[-52.831936299999995,70.0],[-52.83151720000001,70.0],[-52.83109810000002,70.0],[-52.830678999999975,70.0],[-52.83025989999999,70.0],[-52.82984069999998,70.0],[-52.82942159999999,70.0],[-52.8290025,70.0],[-52.828583400000014,70.0],[-52.828164300000026,70.0],[-52.82774519999998,70.0],[-52.82732609999999,70.0],[-52.826907000000006,70.0],[-52.82648790000002,70.0],[-52.82606870000001,70.0],[-52.82564960000002,70.0],[-52.825230499999975,70.0],[-52.82481139999999,70.0],[-52.8243923,70.0],[-52.82397320000001,70.0],[-52.823554100000024,70.0],[-52.82313499999998,70.0],[-52.822715800000026,70.0],[-52.82229669999998,70.0],[-52.82187759999999,70.0],[-52.821458500000006,70.0],[-52.82103940000002,70.0],[-52.82062029999997,70.0],[-52.820201199999985,70.0],[-52.8197821,70.0],[-52.81936300000001,70.0],[-52.8189438,70.0],[-52.81852470000001,70.0],[-52.818105600000024,70.0],[-52.81768649999998,70.0],[-52.81726739999999,70.0],[-52.816848300000004,70.0],[-52.816429200000016,70.0],[-52.81601010000003,70.0],[-52.81559099999998,70.0],[-52.81517179999997,70.0],[-52.814752699999985,70.0],[-52.8143336,70.0],[-52.81391450000001,70.0],[-52.81349540000002,70.0],[-52.81307629999998,70.0],[-52.81265719999999,70.0],[-52.8122381,70.0],[-52.81181889999999,70.0],[-52.811399800000004,70.0],[-52.810980700000016,70.0],[-52.81056160000003,70.0],[-52.810142499999984,70.0],[-52.809723399999996,70.0],[-52.80930430000001,70.0],[-52.80888520000002,70.0],[-52.808466099999976,70.0],[-52.80804690000002,70.0],[-52.80762779999998,70.0],[-52.80720869999999,70.0],[-52.8067896,70.0],[-52.806370500000014,70.0],[-52.805951400000026,70.0],[-52.80553229999998,70.0],[-52.805113199999994,70.0],[-52.804694100000006,70.0],[-52.804274899999996,70.0],[-52.80385580000001,70.0],[-52.80343670000002,70.0],[-52.803017599999976,70.0],[-52.80259849999999,70.0],[-52.8021794,70.0],[-52.80176030000001,70.0],[-52.801341200000024,70.0],[-52.80092209999998,70.0],[-52.800502900000026,70.0],[-52.80008379999998,70.0],[-52.799664699999994,70.0],[-52.799245600000006,70.0],[-52.79882650000002,70.0],[-52.798407399999974,70.0],[-52.797988299999986,70.0],[-52.7975692,70.0],[-52.79714999999999,70.0],[-52.7967309,70.0],[-52.79631180000001,70.0],[-52.795892700000024,70.0],[-52.79547359999998,70.0],[-52.79505449999999,70.0],[-52.794635400000004,70.0],[-52.794216300000016,70.0],[-52.79379719999997,70.0],[-52.79337800000002,70.0],[-52.792958899999974,70.0],[-52.792539799999986,70.0],[-52.7921207,70.0],[-52.79170160000001,70.0],[-52.79128250000002,70.0],[-52.79086339999998,70.0],[-52.79044429999999,70.0],[-52.7900252,70.0],[-52.78960599999999,70.0],[-52.789186900000004,70.0],[-52.78876780000002,70.0],[-52.78834869999997,70.0],[-52.787929599999984,70.0],[-52.787510499999996,70.0],[-52.78709140000001,70.0],[-52.78667230000002,70.0],[-52.78625310000001,70.0],[-52.78583400000002,70.0],[-52.78541489999998,70.0],[-52.78499579999999,70.0],[-52.7845767,70.0],[-52.784157600000015,70.0],[-52.78373850000003,70.0],[-52.78331939999998,70.0],[-52.782900299999994,70.0],[-52.782481099999984,70.0],[-52.782061999999996,70.0],[-52.78164290000001,70.0],[-52.78122380000002,70.0],[-52.780804699999976,70.0],[-52.78038559999999,70.0],[-52.7799665,70.0],[-52.77954740000001,70.0],[-52.779128300000025,70.0],[-52.778709100000015,70.0],[-52.77829000000003,70.0],[-52.77787089999998,70.0],[-52.777451799999994,70.0],[-52.77703270000001,70.0],[-52.77661360000002,70.0],[-52.776194499999974,70.0],[-52.775775399999986,70.0],[-52.775356199999976,70.0],[-52.77493709999999,70.0],[-52.774518,70.0],[-52.77409890000001,70.0],[-52.773679800000025,70.0],[-52.77326069999998,70.0],[-52.77284159999999,70.0],[-52.772422500000005,70.0],[-52.77200340000002,70.0],[-52.77158420000001,70.0],[-52.77116510000002,70.0],[-52.770745999999974,70.0],[-52.770326899999986,70.0],[-52.7699078,70.0],[-52.76948870000001,70.0],[-52.76906960000002,70.0],[-52.76865049999998,70.0],[-52.76823139999999,70.0],[-52.76781219999998,70.0],[-52.76739309999999,70.0],[-52.766974000000005,70.0],[-52.76655490000002,70.0],[-52.76613579999997,70.0],[-52.765716699999984,70.0],[-52.7652976,70.0],[-52.76487850000001,70.0],[-52.76445940000002,70.0],[-52.76404020000001,70.0],[-52.76362110000002,70.0],[-52.76320199999998,70.0],[-52.76278289999999,70.0],[-52.7623638,70.0],[-52.761944700000015,70.0],[-52.76152560000003,70.0],[-52.76110649999998,70.0],[-52.76068729999997,70.0],[-52.760268199999985,70.0],[-52.7598491,70.0],[-52.75943000000001,70.0],[-52.75901090000002,70.0],[-52.75859179999998,70.0],[-52.75817269999999,70.0],[-52.7577536,70.0],[-52.75733450000001,70.0],[-52.7569153,70.0],[-52.756496200000015,70.0],[-52.75607710000003,70.0],[-52.75565799999998,70.0],[-52.755238899999995,70.0],[-52.75481980000001,70.0],[-52.75440070000002,70.0],[-52.753981599999975,70.0],[-52.75356249999999,70.0],[-52.75314329999998,70.0],[-52.75272419999999,70.0],[-52.7523051,70.0],[-52.75188600000001,70.0],[-52.751466900000025,70.0],[-52.75104779999998,70.0],[-52.75062869999999,70.0],[-52.750209600000005,70.0],[-52.749790399999995,70.0],[-52.74937130000001,70.0],[-52.74895220000002,70.0],[-52.748533099999975,70.0],[-52.74811399999999,70.0],[-52.7476949,70.0],[-52.74727580000001,70.0],[-52.74685670000002,70.0],[-52.74643759999998,70.0],[-52.746018400000025,70.0],[-52.74559929999998,70.0],[-52.74518019999999,70.0],[-52.744761100000005,70.0],[-52.74434200000002,70.0],[-52.74392289999997,70.0],[-52.743503799999985,70.0],[-52.7430847,70.0],[-52.74266560000001,70.0],[-52.7422464,70.0],[-52.74182730000001,70.0],[-52.74140820000002,70.0],[-52.74098909999998,70.0],[-52.74056999999999,70.0],[-52.7401509,70.0],[-52.739731800000015,70.0],[-52.73931270000003,70.0],[-52.73889359999998,70.0],[-52.73847439999997,70.0],[-52.738055299999985,70.0],[-52.7376362,70.0],[-52.73721710000001,70.0],[-52.73679800000002,70.0],[-52.73637889999998,70.0],[-52.73595979999999,70.0],[-52.7355407,70.0],[-52.73512149999999,70.0],[-52.7347024,70.0],[-52.734283300000016,70.0],[-52.73386420000003,70.0],[-52.73344509999998,70.0],[-52.733025999999995,70.0],[-52.73260690000001,70.0],[-52.73218780000002,70.0],[-52.731768699999975,70.0],[-52.73134950000002,70.0],[-52.73093039999998,70.0],[-52.73051129999999,70.0],[-52.7300922,70.0],[-52.729673100000014,70.0],[-52.729254000000026,70.0],[-52.72883489999998,70.0],[-52.72841579999999,70.0],[-52.727996700000006,70.0],[-52.727577499999995,70.0],[-52.72715840000001,70.0],[-52.72673930000002,70.0],[-52.726320199999975,70.0],[-52.72590109999999,70.0],[-52.725482,70.0],[-52.72506290000001,70.0],[-52.724643800000024,70.0],[-52.724224600000014,70.0],[-52.723805500000026,70.0],[-52.72338639999998,70.0],[-52.72296729999999,70.0],[-52.722548200000006,70.0],[-52.72212910000002,70.0],[-52.72170999999997,70.0],[-52.721290899999985,70.0],[-52.7208718,70.0],[-52.72045259999999,70.0],[-52.7200335,70.0],[-52.71961440000001,70.0],[-52.719195300000024,70.0],[-52.71877619999998,70.0],[-52.71835709999999,70.0],[-52.717938000000004,70.0],[-52.717518900000016,70.0],[-52.71709980000003,70.0],[-52.71668060000002,70.0],[-52.71626149999997,70.0],[-52.715842399999985,70.0],[-52.7154233,70.0],[-52.71500420000001,70.0],[-52.71458510000002,70.0],[-52.71416599999998,70.0],[-52.71374689999999,70.0],[-52.7133278,70.0],[-52.71290859999999,70.0],[-52.712489500000004,70.0],[-52.712070400000016,70.0],[-52.71165130000003,70.0],[-52.71123219999998,70.0],[-52.710813099999996,70.0],[-52.71039400000001,70.0],[-52.70997490000002,70.0],[-52.70955570000001,70.0],[-52.70913660000002,70.0],[-52.70871749999998,70.0],[-52.70829839999999,70.0],[-52.7078793,70.0],[-52.707460200000014,70.0],[-52.707041100000026,70.0],[-52.70662199999998,70.0],[-52.706202899999994,70.0],[-52.705783699999984,70.0],[-52.705364599999996,70.0],[-52.70494550000001,70.0],[-52.70452640000002,70.0],[-52.704107299999976,70.0],[-52.70368819999999,70.0],[-52.7032691,70.0],[-52.70285000000001,70.0],[-52.702430900000024,70.0],[-52.702011700000014,70.0],[-52.701592600000026,70.0],[-52.70117349999998,70.0],[-52.700754399999994,70.0],[-52.700335300000006,70.0],[-52.69991620000002,70.0],[-52.699497099999974,70.0],[-52.699077999999986,70.0],[-52.698658799999976,70.0],[-52.69823969999999,70.0],[-52.6978206,70.0],[-52.69740150000001,70.0],[-52.696982400000024,70.0],[-52.69656329999998,70.0],[-52.69614419999999,70.0],[-52.695725100000004,70.0],[-52.695306000000016,70.0],[-52.694886800000006,70.0],[-52.69446770000002,70.0],[-52.694048599999974,70.0],[-52.693629499999986,70.0],[-52.6932104,70.0],[-52.69279130000001,70.0],[-52.69237220000002,70.0],[-52.69195309999998,70.0],[-52.69153399999999,70.0],[-52.69111479999998,70.0],[-52.69069569999999,70.0],[-52.690276600000004,70.0],[-52.689857500000016,70.0],[-52.68943839999997,70.0],[-52.689019299999984,70.0],[-52.688600199999996,70.0],[-52.68818110000001,70.0],[-52.6877619,70.0],[-52.68734280000001,70.0],[-52.68692370000002,70.0],[-52.68650459999998,70.0],[-52.68608549999999,70.0],[-52.6856664,70.0],[-52.685247300000015,70.0],[-52.684950500000014,70.0],[-52.68482820000003,70.0],[-52.68440909999998,70.0],[-52.68398989999997,70.0],[-52.683570799999984,70.0],[-52.683151699999996,70.0],[-52.68273260000001,70.0],[-52.68231350000002,70.0],[-52.681894399999976,70.0],[-52.68147529999999,70.0],[-52.6810562,70.0],[-52.68063710000001,70.0],[-52.6802179,70.0],[-52.679798800000015,70.0],[-52.67937970000003,70.0],[-52.67896059999998,70.0],[-52.678541499999994,70.0],[-52.67812240000001,70.0],[-52.67770330000002,70.0],[-52.677284199999974,70.0],[-52.676865099999986,70.0],[-52.676445899999976,70.0],[-52.67602679999999,70.0],[-52.6756077,70.0],[-52.67518860000001,70.0],[-52.674769500000025,70.0],[-52.67435039999998,70.0],[-52.67393129999999,70.0],[-52.673512200000005,70.0],[-52.673092999999994,70.0],[-52.67267390000001,70.0],[-52.67225480000002,70.0],[-52.671835699999974,70.0],[-52.671416599999986,70.0],[-52.6709975,70.0],[-52.67057840000001,70.0],[-52.67015930000002,70.0],[-52.66974019999998,70.0],[-52.669321000000025,70.0],[-52.66890189999998,70.0],[-52.66848279999999,70.0],[-52.668063700000005,70.0],[-52.66764460000002,70.0],[-52.66722549999997,70.0],[-52.666806399999984,70.0],[-52.6663873,70.0],[-52.66596820000001,70.0],[-52.665549,70.0],[-52.66512990000001,70.0],[-52.66471080000002,70.0],[-52.66429169999998,70.0],[-52.66387259999999,70.0],[-52.6634535,70.0],[-52.663034400000015,70.0],[-52.66261530000003,70.0],[-52.66219610000002,70.0],[-52.66177699999997,70.0],[-52.661357899999985,70.0],[-52.6609388,70.0],[-52.66051970000001,70.0],[-52.66010060000002,70.0],[-52.65968149999998,70.0],[-52.65926239999999,70.0],[-52.6588433,70.0],[-52.65842409999999,70.0],[-52.658005,70.0],[-52.657585900000015,70.0],[-52.65716680000003,70.0],[-52.65674769999998,70.0],[-52.656328599999995,70.0],[-52.65590950000001,70.0],[-52.65549040000002,70.0],[-52.655071299999975,70.0],[-52.65465210000002,70.0],[-52.65423299999998,70.0],[-52.65381389999999,70.0],[-52.6533948,70.0],[-52.65297570000001,70.0],[-52.652556600000025,70.0],[-52.65213749999998,70.0],[-52.65171839999999,70.0],[-52.651299300000005,70.0],[-52.650880099999995,70.0],[-52.65046100000001,70.0],[-52.65004190000002,70.0],[-52.649622799999975,70.0],[-52.64920369999999,70.0],[-52.6487846,70.0],[-52.64836550000001,70.0],[-52.64794640000002,70.0],[-52.64752720000001,70.0],[-52.647108100000025,70.0],[-52.64668899999998,70.0],[-52.64626989999999,70.0],[-52.645850800000005,70.0],[-52.64543170000002,70.0],[-52.64501259999997,70.0],[-52.644593499999985,70.0],[-52.6441744,70.0],[-52.64375519999999,70.0],[-52.6433361,70.0],[-52.64291700000001,70.0],[-52.64249790000002,70.0],[-52.64248900000001,70.0],[-52.64207879999998,70.0],[-52.64165969999999,70.0],[-52.6412406,70.0],[-52.640821500000015,70.0],[-52.64040240000003,70.0],[-52.63998320000002,70.0],[-52.63956409999997,70.0],[-52.639144999999985,70.0],[-52.6387259,70.0],[-52.63830680000001,70.0],[-52.63788770000002,70.0],[-52.63746859999998,70.0],[-52.63704949999999,70.0],[-52.63663029999998,70.0],[-52.63621119999999,70.0],[-52.6357921,70.0],[-52.635373000000016,70.0],[-52.63495390000003,70.0],[-52.63453479999998,70.0],[-52.634115699999995,70.0],[-52.63369660000001,70.0],[-52.63327750000002,70.0],[-52.63285830000001,70.0],[-52.63243920000002,70.0],[-52.63202009999998,70.0],[-52.63160099999999,70.0],[-52.6311819,70.0],[-52.630762800000014,70.0],[-52.630343700000026,70.0],[-52.62992459999998,70.0],[-52.62950549999999,70.0],[-52.62908629999998,70.0],[-52.628667199999995,70.0],[-52.62824810000001,70.0],[-52.62782900000002,70.0],[-52.627409899999975,70.0],[-52.62699079999999,70.0],[-52.6265717,70.0],[-52.62615260000001,70.0],[-52.625733500000024,70.0],[-52.625314300000014,70.0],[-52.624895200000026,70.0],[-52.62447609999998,70.0],[-52.62405699999999,70.0],[-52.623637900000006,70.0],[-52.62321880000002,70.0],[-52.62279969999997,70.0],[-52.622380599999985,70.0],[-52.621961399999975,70.0],[-52.62154229999999,70.0],[-52.6211232,70.0],[-52.62070410000001,70.0],[-52.620285000000024,70.0],[-52.61986589999998,70.0],[-52.61944679999999,70.0],[-52.619027700000004,70.0],[-52.618608600000016,70.0],[-52.618189400000006,70.0],[-52.61777030000002,70.0],[-52.61735119999997,70.0],[-52.616932099999985,70.0],[-52.616513,70.0],[-52.61609390000001,70.0],[-52.61567480000002,70.0],[-52.61525569999998,70.0],[-52.61483659999999,70.0],[-52.61441739999998,70.0],[-52.61399829999999,70.0],[-52.613579200000004,70.0],[-52.613160100000016,70.0],[-52.61274100000003,70.0],[-52.61232189999998,70.0],[-52.611902799999996,70.0],[-52.61148370000001,70.0],[-52.6110645,70.0],[-52.61064540000001,70.0],[-52.61022630000002,70.0],[-52.60980719999998,70.0],[-52.60938809999999,70.0],[-52.608969,70.0],[-52.608549900000014,70.0],[-52.608130800000026,70.0],[-52.60771169999998,70.0],[-52.60729250000003,70.0],[-52.606873399999984,70.0],[-52.606454299999996,70.0],[-52.60603520000001,70.0],[-52.60561610000002,70.0],[-52.605196999999976,70.0],[-52.60477789999999,70.0],[-52.6043588,70.0],[-52.60393970000001,70.0],[-52.6035205,70.0],[-52.603101400000014,70.0],[-52.602682300000026,70.0],[-52.60226319999998,70.0],[-52.601844099999994,70.0],[-52.601425000000006,70.0],[-52.60100590000002,70.0],[-52.600586799999974,70.0],[-52.60016760000002,70.0],[-52.599748499999976,70.0],[-52.59932939999999,70.0],[-52.5989103,70.0],[-52.59849120000001,70.0],[-52.598072100000024,70.0],[-52.59765299999998,70.0],[-52.59723389999999,70.0],[-52.596814800000004,70.0],[-52.596395599999994,70.0],[-52.595976500000006,70.0],[-52.59555740000002,70.0],[-52.595138299999974,70.0],[-52.594719199999986,70.0],[-52.5943001,70.0],[-52.59388100000001,70.0],[-52.59346190000002,70.0],[-52.59304279999998,70.0],[-52.592623600000024,70.0],[-52.59220449999998,70.0],[-52.59178539999999,70.0],[-52.591366300000004,70.0],[-52.590947200000016,70.0],[-52.59052809999997,70.0],[-52.590108999999984,70.0],[-52.589689899999996,70.0],[-52.58927080000001,70.0],[-52.5888516,70.0],[-52.58843250000001,70.0],[-52.58801340000002,70.0],[-52.58759429999998,70.0],[-52.58717519999999,70.0],[-52.5867561,70.0],[-52.586337000000015,70.0],[-52.58591790000003,70.0],[-52.58549870000002,70.0],[-52.58507959999997,70.0],[-52.584660499999984,70.0],[-52.584241399999996,70.0],[-52.58382230000001,70.0],[-52.58340320000002,70.0],[-52.582984099999976,70.0],[-52.58256499999999,70.0],[-52.5821459,70.0],[-52.58172669999999,70.0],[-52.5813076,70.0],[-52.580888500000015,70.0],[-52.58046940000003,70.0],[-52.58005029999998,70.0],[-52.579631199999994,70.0],[-52.57921210000001,70.0],[-52.57879300000002,70.0],[-52.578373899999974,70.0],[-52.57795470000002,70.0],[-52.577535599999976,70.0],[-52.57711649999999,70.0],[-52.5766974,70.0],[-52.57627830000001,70.0],[-52.575859200000025,70.0],[-52.57544009999998,70.0],[-52.57502099999999,70.0],[-52.57460179999998,70.0],[-52.574182699999994,70.0],[-52.57376360000001,70.0],[-52.57334450000002,70.0],[-52.572925399999974,70.0],[-52.572506299999986,70.0],[-52.5720872,70.0],[-52.57166810000001,70.0],[-52.57124900000002,70.0],[-52.57082980000001,70.0],[-52.570410700000025,70.0],[-52.56999159999998,70.0],[-52.56957249999999,70.0],[-52.569153400000005,70.0],[-52.56873430000002,70.0],[-52.56831519999997,70.0],[-52.567896099999984,70.0],[-52.567477,70.0],[-52.567057799999986,70.0],[-52.5666387,70.0],[-52.56621960000001,70.0],[-52.56580050000002,70.0],[-52.56538139999998,70.0],[-52.56496229999999,70.0],[-52.5645432,70.0],[-52.564124100000015,70.0],[-52.56370500000003,70.0],[-52.56328580000002,70.0],[-52.56286669999997,70.0],[-52.562447599999985,70.0],[-52.5620285,70.0],[-52.56160940000001,70.0],[-52.56119030000002,70.0],[-52.56077119999998,70.0],[-52.56035209999999,70.0],[-52.55993289999998,70.0],[-52.55951379999999,70.0],[-52.5590947,70.0],[-52.558675600000015,70.0],[-52.55825650000003,70.0],[-52.55783739999998,70.0],[-52.557418299999995,70.0],[-52.55699920000001,70.0],[-52.55658010000002,70.0],[-52.55616090000001,70.0],[-52.55574180000002,70.0],[-52.55532269999998,70.0],[-52.55490359999999,70.0],[-52.5544845,70.0],[-52.55406540000001,70.0],[-52.553646300000025,70.0],[-52.55322719999998,70.0],[-52.55280809999999,70.0],[-52.55238889999998,70.0],[-52.551969799999995,70.0],[-52.55155070000001,70.0],[-52.55113160000002,70.0],[-52.550712499999975,70.0],[-52.55029339999999,70.0],[-52.5498743,70.0],[-52.54945520000001,70.0],[-52.549036,70.0],[-52.54861690000001,70.0],[-52.548197800000025,70.0],[-52.54777869999998,70.0],[-52.54735959999999,70.0],[-52.546940500000005,70.0],[-52.54652140000002,70.0],[-52.54610229999997,70.0],[-52.545683199999985,70.0],[-52.545263999999975,70.0],[-52.54484489999999,70.0],[-52.5444258,70.0],[-52.54400670000001,70.0],[-52.54358760000002,70.0],[-52.54316849999998,70.0],[-52.54274939999999,70.0],[-52.5423303,70.0],[-52.541911200000015,70.0],[-52.541492000000005,70.0],[-52.54107290000002,70.0],[-52.54065379999997,70.0],[-52.540234699999985,70.0],[-52.5398156,70.0],[-52.53939650000001,70.0],[-52.53897740000002,70.0],[-52.53855829999998,70.0],[-52.53813919999999,70.0],[-52.53771999999998,70.0],[-52.53730089999999,70.0],[-52.5368818,70.0],[-52.536462700000016,70.0],[-52.53604360000003,70.0],[-52.53562449999998,70.0],[-52.535205399999995,70.0],[-52.53478630000001,70.0],[-52.5343671,70.0],[-52.53394800000001,70.0],[-52.53352890000002,70.0],[-52.53310979999998,70.0],[-52.53269069999999,70.0],[-52.5322716,70.0],[-52.531852500000014,70.0],[-52.531433400000026,70.0],[-52.53101429999998,70.0],[-52.53059510000003,70.0],[-52.53017599999998,70.0],[-52.529756899999995,70.0],[-52.52933780000001,70.0],[-52.52891870000002,70.0],[-52.528499599999975,70.0],[-52.52808049999999,70.0],[-52.5276614,70.0],[-52.52724230000001,70.0],[-52.5268231,70.0],[-52.526404000000014,70.0],[-52.525984900000026,70.0],[-52.52556579999998,70.0],[-52.52514669999999,70.0],[-52.524727600000006,70.0],[-52.52430850000002,70.0],[-52.52388939999997,70.0],[-52.52347020000002,70.0],[-52.523051099999975,70.0],[-52.52263199999999,70.0],[-52.5222129,70.0],[-52.52179380000001,70.0],[-52.521374700000024,70.0],[-52.52095559999998,70.0],[-52.52053649999999,70.0],[-52.520117400000004,70.0],[-52.51969819999999,70.0],[-52.519279100000006,70.0],[-52.51886000000002,70.0],[-52.51844089999997,70.0],[-52.518021799999985,70.0],[-52.5176027,70.0],[-52.51718360000001,70.0],[-52.51676450000002,70.0],[-52.51634539999998,70.0],[-52.515926200000024,70.0],[-52.51550709999998,70.0],[-52.51508799999999,70.0],[-52.514668900000004,70.0],[-52.514249800000016,70.0],[-52.51383070000003,70.0],[-52.51341159999998,70.0],[-52.512992499999996,70.0],[-52.512573299999985,70.0],[-52.5121542,70.0],[-52.51173510000001,70.0],[-52.51131600000002,70.0],[-52.51089689999998,70.0],[-52.51047779999999,70.0],[-52.5100587,70.0],[-52.509639600000014,70.0],[-52.509220500000026,70.0],[-52.508801300000016,70.0],[-52.50838220000003,70.0],[-52.507963099999984,70.0],[-52.507543999999996,70.0],[-52.50712490000001,70.0],[-52.50670580000002,70.0],[-52.506286699999976,70.0],[-52.50586759999999,70.0],[-52.5054485,70.0],[-52.50502929999999,70.0],[-52.5046102,70.0],[-52.504191100000014,70.0],[-52.503772000000026,70.0],[-52.50335289999998,70.0],[-52.502933799999994,70.0],[-52.502514700000006,70.0],[-52.50209560000002,70.0],[-52.501676499999974,70.0],[-52.50125730000002,70.0],[-52.500838199999976,70.0],[-52.50041909999999,70.0],[-52.5,70.0],[-52.5,70.00041909999999],[-52.5,70.00083819999998],[-52.5,70.00125730000002],[-52.5,70.00167649999997],[-52.5,70.00209560000002],[-52.5,70.0025147],[-52.5,70.0029338],[-52.5,70.00335289999998],[-52.5,70.00377200000003],[-52.5,70.00419110000001],[-52.5,70.0046102],[-52.5,70.00502929999999],[-52.5,70.0054485],[-52.5,70.00586759999999],[-52.5,70.00628669999998],[-52.5,70.00670580000002],[-52.5,70.00712490000001],[-52.5,70.007544],[-52.5,70.00796309999998],[-52.5,70.00838220000003],[-52.5,70.00880130000002],[-52.5,70.00922050000003],[-52.5,70.00963960000001],[-52.5,70.0100587],[-52.5,70.01047779999999],[-52.5,70.01089689999998],[-52.5,70.01131600000002],[-52.5,70.01173510000001],[-52.5,70.0121542],[-52.5,70.01257329999999],[-52.5,70.0129925],[-52.5,70.01341159999998],[-52.5,70.01383070000003],[-52.5,70.01424980000002],[-52.5,70.0146689],[-52.5,70.01508799999999],[-52.5,70.01550709999998],[-52.5,70.01592620000002],[-52.5,70.01634539999998],[-52.5,70.01676450000002],[-52.5,70.01718360000001],[-52.5,70.0176027],[-52.5,70.01802179999999],[-52.5,70.01844089999997],[-52.5,70.01886000000002],[-52.5,70.0192791],[-52.5,70.0196982],[-52.5,70.0201174],[-52.5,70.02053649999999],[-52.5,70.02095559999998],[-52.5,70.02137470000002],[-52.5,70.02179380000001],[-52.5,70.0222129],[-52.5,70.02263199999999],[-52.5,70.02305109999998],[-52.5,70.02347020000002],[-52.5,70.02388939999997],[-52.5,70.02430850000002],[-52.5,70.0247276],[-52.5,70.0251467],[-52.5,70.02556579999998],[-52.5,70.02598490000003],[-52.5,70.02640400000001],[-52.5,70.0268231],[-52.5,70.02724230000001],[-52.5,70.0276614],[-52.5,70.02808049999999],[-52.5,70.02849959999998],[-52.5,70.02891870000002],[-52.5,70.02933780000001],[-52.5,70.0297569],[-52.5,70.03017599999998],[-52.5,70.03059510000003],[-52.5,70.03101429999998],[-52.5,70.03143340000003],[-52.5,70.03185250000001],[-52.5,70.0322716],[-52.5,70.03269069999999],[-52.5,70.03310979999998],[-52.5,70.03352890000002],[-52.5,70.03394800000001],[-52.5,70.0343671],[-52.5,70.03478630000001],[-52.5,70.0352054],[-52.5,70.03562449999998],[-52.5,70.03604360000003],[-52.5,70.03646270000002],[-52.5,70.0368818],[-52.5,70.03730089999999],[-52.5,70.03771999999998],[-52.5,70.03813910000002],[-52.5,70.03855829999998],[-52.5,70.03897740000002],[-52.5,70.03939650000001],[-52.5,70.0398156],[-52.5,70.04023469999998],[-52.5,70.04065379999997],[-52.5,70.04107290000002],[-52.5,70.041492],[-52.5,70.04191120000002],[-52.5,70.0423303],[-52.5,70.04274939999999],[-52.5,70.04316849999998],[-52.5,70.04358760000002],[-52.5,70.04400670000001],[-52.5,70.0444258],[-52.5,70.04484489999999],[-52.5,70.04526399999997],[-52.5,70.04568319999998],[-52.5,70.04610229999997],[-52.5,70.04652140000002],[-52.5,70.0469405],[-52.5,70.0473596],[-52.5,70.04777869999998],[-52.5,70.04819780000003],[-52.5,70.04861690000001],[-52.5,70.049036],[-52.5,70.04945520000001],[-52.5,70.0498743],[-52.5,70.05029339999999],[-52.5,70.05071249999997],[-52.5,70.05113160000002],[-52.5,70.0515507],[-52.5,70.0519698],[-52.5,70.05238889999998],[-52.5,70.0528081],[-52.5,70.05322719999998],[-52.5,70.05364630000003],[-52.5,70.05406540000001],[-52.5,70.0544845],[-52.5,70.05490359999999],[-52.5,70.05532269999998],[-52.5,70.05574180000002],[-52.5,70.05616090000001],[-52.5,70.05658010000002],[-52.5,70.0569992],[-52.5,70.0574183],[-52.5,70.05783739999998],[-52.5,70.05825650000003],[-52.5,70.05867560000002],[-52.5,70.0590947],[-52.5,70.05951379999999],[-52.5,70.05993289999998],[-52.5,70.06035209999999],[-52.5,70.06077119999998],[-52.5,70.06119030000002],[-52.5,70.06160940000001],[-52.5,70.0620285],[-52.5,70.06244759999998],[-52.5,70.06286669999997],[-52.5,70.06328580000002],[-52.5,70.06370500000003],[-52.5,70.06412410000002],[-52.5,70.0645432],[-52.5,70.06496229999999],[-52.5,70.06538139999998],[-52.5,70.06580050000002],[-52.5,70.06621960000001],[-52.5,70.0666387],[-52.5,70.06705779999999],[-52.5,70.067477],[-52.5,70.06789609999998],[-52.5,70.06831519999997],[-52.5,70.06873430000002],[-52.5,70.0691534],[-52.5,70.06957249999999],[-52.5,70.06999159999998],[-52.5,70.07041070000002],[-52.5,70.07082980000001],[-52.5,70.07124900000002],[-52.5,70.07166810000001],[-52.5,70.0720872],[-52.5,70.07250629999999],[-52.5,70.07292539999997],[-52.5,70.07334450000002],[-52.5,70.0737636],[-52.5,70.0741827],[-52.5,70.07460179999998],[-52.5,70.07502099999999],[-52.5,70.07544009999998],[-52.5,70.07585920000002],[-52.5,70.07627830000001],[-52.5,70.0766974],[-52.5,70.07711649999999],[-52.5,70.07753559999998],[-52.5,70.07795470000002],[-52.5,70.07837389999997],[-52.5,70.07879300000002],[-52.5,70.0792121],[-52.5,70.0796312],[-52.5,70.08005029999998],[-52.5,70.08046940000003],[-52.5,70.08088850000001],[-52.5,70.0813076],[-52.5,70.08172669999999],[-52.5,70.0821459],[-52.5,70.08256499999999],[-52.5,70.08298409999998],[-52.5,70.08340320000002],[-52.5,70.08382230000001],[-52.5,70.08412129999999],[-52.5,70.0842414],[-52.5,70.08466049999998],[-52.5,70.08507959999997],[-52.5,70.08549870000002],[-52.5,70.08591790000003],[-52.5,70.08633700000001],[-52.5,70.0867561],[-52.5,70.08717519999999],[-52.5,70.08759429999998],[-52.5,70.08801340000002],[-52.5,70.08843250000001],[-52.5,70.0888516],[-52.5,70.08917100000002],[-52.5,70.08927080000001],[-52.5,70.0896899],[-52.5,70.09010899999998],[-52.5,70.09052809999997],[-52.5,70.09094720000002],[-52.5,70.0913663],[-52.5,70.09178539999999],[-52.5,70.09220449999998],[-52.5,70.09224410000002],[-52.5,70.09262360000002],[-52.5,70.09304279999998],[-52.5,70.09346190000002],[-52.5,70.09388100000001],[-52.5,70.0943001],[-52.5,70.09471919999999],[-52.5,70.09513829999997],[-52.5,70.09555740000002],[-52.5,70.0959765],[-52.5,70.09623140000002],[-52.5,70.0963956],[-52.5,70.0965544],[-52.5,70.0968148],[-52.5,70.09723389999999],[-52.5,70.09765299999998],[-52.5,70.09807210000002],[-52.5,70.09849120000001],[-52.5,70.0989103],[-52.5,70.09901059999999],[-52.5,70.09932939999999],[-52.5,70.09974849999998],[-52.5,70.10016760000002],[-52.5,70.10058679999997],[-52.5,70.10100590000002],[-52.5,70.101425],[-52.5,70.1018441],[-52.5,70.10226319999998],[-52.5,70.10268230000003],[-52.5,70.10310140000001],[-52.5,70.1035205],[-52.5,70.10393970000001],[-52.5,70.1043588],[-52.5,70.10477789999999],[-52.5,70.10519699999998],[-52.5,70.10561610000002],[-52.5,70.10603520000001],[-52.5,70.1064543],[-52.5,70.10687339999998],[-52.5,70.10729250000003],[-52.5,70.10771169999998],[-52.5,70.10813080000003],[-52.5,70.10854990000001],[-52.5,70.108969],[-52.5,70.10938809999999],[-52.5,70.10980719999998],[-52.5,70.11022630000002],[-52.5,70.11064540000001],[-52.5,70.1110645],[-52.5,70.11148370000001],[-52.5,70.1119028],[-52.5,70.11232189999998],[-52.5,70.11274100000003],[-52.5,70.11316010000002],[-52.5,70.1135792],[-52.5,70.11399829999999],[-52.5,70.11441739999998],[-52.5,70.11483659999999],[-52.5,70.11525569999998],[-52.5,70.11567480000002],[-52.5,70.11609390000001],[-52.5,70.116513],[-52.5,70.11693209999999],[-52.5,70.11735119999997],[-52.5,70.11777030000002],[-52.5,70.1181894],[-52.5,70.11860860000002],[-52.5,70.1190277],[-52.5,70.11944679999999],[-52.5,70.11986589999998],[-52.5,70.12028500000002],[-52.5,70.12070410000001],[-52.5,70.1211232],[-52.5,70.12154229999999],[-52.5,70.12196139999998],[-52.5,70.12238059999999],[-52.5,70.12279969999997],[-52.5,70.12321880000002],[-52.5,70.1236379],[-52.5,70.124057],[-52.5,70.12447609999998],[-52.5,70.12489520000003],[-52.5,70.12531430000001],[-52.5,70.1257334],[-52.5,70.12615260000001],[-52.5,70.1265717],[-52.5,70.12699079999999],[-52.5,70.12740989999998],[-52.5,70.12782900000002],[-52.5,70.12824810000001],[-52.5,70.1286672],[-52.5,70.12908629999998],[-52.5,70.1295055],[-52.5,70.12992459999998],[-52.5,70.13034370000003],[-52.5,70.13076280000001],[-52.5,70.1311819],[-52.5,70.13160099999999],[-52.5,70.13202009999998],[-52.5,70.13243920000002],[-52.5,70.13285830000001],[-52.5,70.13327750000002],[-52.5,70.13369660000001],[-52.5,70.1341157],[-52.5,70.13453479999998],[-52.5,70.13495390000003],[-52.5,70.13537300000002],[-52.5,70.1357921],[-52.5,70.13621119999999],[-52.5,70.13663029999998],[-52.5,70.13704949999999],[-52.5,70.13746859999998],[-52.5,70.13788770000002],[-52.5,70.13830680000001],[-52.5,70.13843880000002],[-52.5,70.2068294],[-52.5,70.25],[-52.5,70.5],[-52.75,70.5],[-53.0,70.5],[-53.0,70.31281819999998],[-53.0,70.31265719999999],[-53.0,70.3122381],[-53.0,70.31181889999999],[-53.0,70.3113998],[-53.0,70.31098070000002],[-53.0,70.31056160000003],[-53.0,70.31014249999998],[-53.0,70.3097234],[-53.0,70.30930430000001],[-53.0,70.30888520000002],[-53.0,70.30846609999998],[-53.0,70.30804690000002],[-53.0,70.30762779999998],[-53.0,70.30720869999999],[-53.0,70.3067896],[-53.0,70.30637050000001],[-53.0,70.30595140000003],[-53.0,70.30553229999998],[-53.0,70.3051132],[-53.0,70.3046941],[-53.0,70.3042749],[-53.0,70.30385580000001],[-53.0,70.30343670000002],[-53.0,70.30301759999998],[-53.0,70.30259849999999],[-53.0,70.3021794],[-53.0,70.30176030000001],[-53.0,70.30134120000002],[-53.0,70.30092209999998],[-53.0,70.30050290000003],[-53.0,70.30008379999998],[-53.0,70.2996647],[-53.0,70.2992456],[-53.0,70.29882650000002],[-53.0,70.29840739999997],[-53.0,70.29798829999999],[-53.0,70.2975692],[-53.0,70.29714999999999],[-53.0,70.2967309],[-53.0,70.29631180000001],[-53.0,70.29589270000002],[-53.0,70.29547359999998],[-53.0,70.29505449999999],[-53.0,70.2946354],[-53.0,70.29421630000002],[-53.0,70.29379719999997],[-53.0,70.29337800000002],[-53.0,70.29295889999997],[-53.0,70.29253979999999],[-53.0,70.2921207],[-53.0,70.29170160000001],[-53.0,70.29128250000002],[-53.0,70.29086339999998],[-53.0,70.29044429999999],[-53.0,70.2900252],[-53.0,70.28960599999999],[-53.0,70.2891869],[-53.0,70.28876780000002],[-53.0,70.28834869999997],[-53.0,70.28792959999998],[-53.0,70.2875105],[-53.0,70.28709140000001],[-53.0,70.28667230000002],[-53.0,70.28625310000001],[-53.0,70.28583400000002],[-53.0,70.28541489999998],[-53.0,70.28499579999999],[-53.0,70.2845767],[-53.0,70.28415760000001],[-53.0,70.28373850000003],[-53.0,70.28331939999998],[-53.0,70.2829003],[-53.0,70.28248109999998],[-53.0,70.282062],[-53.0,70.28164290000001],[-53.0,70.28122380000002],[-53.0,70.28080469999998],[-53.0,70.28038559999999],[-53.0,70.2799665],[-53.0,70.27954740000001],[-53.0,70.27912830000002],[-53.0,70.27870910000001],[-53.0,70.27829000000003],[-53.0,70.27787089999998],[-53.0,70.2774518],[-53.0,70.2770327],[-53.0,70.27661360000002],[-53.0,70.27619449999997],[-53.0,70.27585440000001],[-53.0,70.27577539999999],[-53.0,70.27535619999998],[-53.0,70.27493709999999],[-53.0,70.274518],[-53.0,70.27409890000001],[-53.0,70.27367980000002],[-53.0,70.27326069999998],[-53.0,70.27284159999999],[-53.0,70.2724225],[-53.0,70.27200340000002],[-53.0,70.2715842],[-53.0,70.27116510000002],[-53.0,70.27074599999997],[-53.0,70.27032689999999],[-53.0,70.2699078],[-53.0,70.26948870000001],[-53.0,70.26906960000002],[-53.0,70.26865049999998],[-53.0,70.26823139999999],[-53.0,70.26781219999998],[-53.0,70.26739309999999],[-53.0,70.266974],[-53.0,70.26655490000002],[-53.0,70.26613579999997],[-53.0,70.26571669999998],[-53.0,70.2652976],[-53.0,70.2650716],[-53.0,70.26487850000001],[-53.0,70.26457260000001],[-53.0,70.26445940000002],[-53.0,70.26404020000001],[-53.0,70.26362110000002],[-53.0,70.26320199999998],[-53.0,70.26278289999999],[-53.0,70.2623638],[-53.0,70.26194470000002],[-53.0,70.26152560000003],[-53.0,70.26110649999998],[-53.0,70.26068729999997],[-53.0,70.26026819999998],[-53.0,70.2598491],[-53.0,70.25943000000001],[-53.0,70.25901090000002],[-53.0,70.25897529999997],[-53.0,70.25859179999998],[-53.0,70.25817269999999],[-53.0,70.2577536],[-53.0,70.25733450000001],[-53.0,70.2569153],[-53.0,70.25649620000002],[-53.0,70.25607710000003],[-53.0,70.25565799999998],[-53.0,70.2552389],[-53.0,70.2548198],[-53.0,70.25440070000002],[-53.0,70.25398159999997],[-53.0,70.25356249999999],[-53.0,70.25314329999998],[-53.0,70.25272419999999],[-53.0,70.2523051],[-53.0,70.25188600000001],[-53.0,70.25146690000003],[-53.0,70.25104779999998],[-53.0,70.2506287],[-53.0,70.2502096],[-53.0,70.2497904],[-53.0,70.2493713],[-53.0,70.24895220000002],[-53.0,70.24853309999997],[-53.0,70.24811399999999],[-53.0,70.2476949],[-53.0,70.24727580000001],[-53.0,70.24685670000002],[-53.0,70.24643759999998],[-53.0,70.24601840000003],[-53.0,70.24559929999998],[-53.0,70.2451802],[-53.0,70.2447611],[-53.0,70.24434200000002],[-53.0,70.24392289999997],[-53.0,70.24350379999998],[-53.0,70.2430847],[-53.0,70.24266560000001],[-53.0,70.2422464],[-53.0,70.24182730000001],[-53.0,70.24140820000002],[-53.0,70.24098909999998],[-53.0,70.24056999999999],[-53.0,70.2401509],[-53.0,70.23973180000002],[-53.0,70.23931270000003],[-53.0,70.23889359999998],[-53.0,70.23847439999997],[-53.0,70.23805529999998],[-53.0,70.2376362],[-53.0,70.23721710000001],[-53.0,70.23679800000002],[-53.0,70.23637889999998],[-53.0,70.23595979999999],[-53.0,70.23593310000001],[-53.0,70.23570619999998],[-53.0,70.2355407],[-53.0,70.2354886],[-53.0,70.23512149999999],[-53.0,70.2347024],[-53.0,70.23428330000002],[-53.0,70.23386420000003],[-53.0,70.23344509999998],[-53.0,70.233026],[-53.0,70.23260690000001],[-53.0,70.23218780000002],[-53.0,70.23176869999998],[-53.0,70.23134950000002],[-53.0,70.23093039999998],[-53.0,70.23051129999999],[-53.0,70.2300922],[-53.0,70.22967310000001],[-53.0,70.22925400000003],[-53.0,70.22883489999998],[-53.0,70.2284158],[-53.0,70.2279967],[-53.0,70.2275775],[-53.0,70.22715840000001],[-53.0,70.22673930000002],[-53.0,70.22632019999998],[-53.0,70.22590109999999],[-53.0,70.225482],[-53.0,70.22506290000001],[-53.0,70.22464380000002],[-53.0,70.22422460000001],[-53.0,70.22380550000003],[-53.0,70.22338639999998],[-53.0,70.2229673],[-53.0,70.2225482],[-53.0,70.22212910000002],[-53.0,70.22170999999997],[-53.0,70.22129089999999],[-53.0,70.22099650000001],[-53.0,70.2208718],[-53.0,70.22045259999999],[-53.0,70.2200335],[-53.0,70.21961440000001],[-53.0,70.21919530000002],[-53.0,70.21877619999998],[-53.0,70.2185182],[-53.0,70.21835709999999],[-53.0,70.21815670000001],[-53.0,70.217938],[-53.0,70.21751890000002],[-53.0,70.21709980000003],[-53.0,70.21668060000002],[-53.0,70.21626149999997],[-53.0,70.21584239999999],[-53.0,70.2154233],[-53.0,70.21500420000001],[-53.0,70.21458510000002],[-53.0,70.21416599999998],[-53.0,70.21374689999999],[-53.0,70.2133278],[-53.0,70.21290859999999],[-53.0,70.2124895],[-53.0,70.21207040000002],[-53.0,70.21165130000003],[-53.0,70.21123219999998],[-53.0,70.2108131],[-53.0,70.21039400000001],[-53.0,70.20997490000002],[-53.0,70.20955570000001],[-53.0,70.20913660000002],[-53.0,70.20871749999998],[-53.0,70.20829839999999],[-53.0,70.2078793],[-53.0,70.20746020000001],[-53.0,70.20704110000003],[-53.0,70.20662199999998],[-53.0,70.2062029],[-53.0,70.20578369999998],[-53.0,70.2053646],[-53.0,70.20494550000001],[-53.0,70.20452640000002],[-53.0,70.20410729999998],[-53.0,70.20368819999999],[-53.0,70.2032691],[-53.0,70.20285000000001],[-53.0,70.20243090000002],[-53.0,70.20201170000001],[-53.0,70.20159260000003],[-53.0,70.20117349999998],[-53.0,70.2007544],[-53.0,70.2003353],[-53.0,70.19991620000002],[-53.0,70.19949709999997],[-53.0,70.19907799999999],[-53.0,70.19865879999998],[-53.0,70.19823969999999],[-53.0,70.1978206],[-53.0,70.19740150000001],[-53.0,70.19698240000002],[-53.0,70.19656329999998],[-53.0,70.19614419999999],[-53.0,70.1957251],[-53.0,70.19530600000002],[-53.0,70.1948868],[-53.0,70.19446770000002],[-53.0,70.19404859999997],[-53.0,70.19362949999999],[-53.0,70.1932104],[-53.0,70.19279130000001],[-53.0,70.19237220000002],[-53.0,70.19195309999998],[-53.0,70.19153399999999],[-53.0,70.19111479999998],[-53.0,70.19069569999999],[-53.0,70.1902766],[-53.0,70.18985750000002],[-53.0,70.18943839999997],[-53.0,70.18901929999998],[-53.0,70.1886002],[-53.0,70.18818110000001],[-53.0,70.1877619],[-53.0,70.18734280000001],[-53.0,70.18692370000002],[-53.0,70.18650459999998],[-53.0,70.18608549999999],[-53.0,70.1856664],[-53.0,70.18524730000001],[-53.0,70.18482820000003],[-53.0,70.18440909999998],[-53.0,70.18398989999997],[-53.0,70.18357079999998],[-53.0,70.1831517],[-53.0,70.18273260000001],[-53.0,70.18231350000002],[-53.0,70.18189439999998],[-53.0,70.18147529999999],[-53.0,70.1810562],[-53.0,70.18063710000001],[-53.0,70.1802179],[-53.0,70.17979880000001],[-53.0,70.17937970000003],[-53.0,70.17896059999998],[-53.0,70.1785415],[-53.0,70.1781224],[-53.0,70.17770330000002],[-53.0,70.17728419999997],[-53.0,70.17686509999999],[-53.0,70.17644589999998],[-53.0,70.17602679999999],[-53.0,70.1756077],[-53.0,70.17518860000001],[-53.0,70.17476950000002],[-53.0,70.17435039999998],[-53.0,70.17393129999999],[-53.0,70.1735122],[-53.0,70.173093],[-53.0,70.1726739],[-53.0,70.17225480000002],[-53.0,70.17183569999997],[-53.0,70.17141659999999],[-53.0,70.1709975],[-53.0,70.17057840000001],[-53.0,70.17015930000002],[-53.0,70.16974019999998],[-53.0,70.16932100000002],[-53.0,70.16890189999998],[-53.0,70.16848279999999],[-53.0,70.1680637],[-53.0,70.16764460000002],[-53.0,70.16722549999997],[-53.0,70.16680639999998],[-53.0,70.1663873],[-53.0,70.16596820000001],[-53.0,70.165549],[-53.0,70.16512990000001],[-53.0,70.16471080000002],[-53.0,70.16429169999998],[-53.0,70.16387259999999],[-53.0,70.1634535],[-53.0,70.16303440000002],[-53.0,70.16261530000003],[-53.0,70.16219610000002],[-53.0,70.16177699999997],[-53.0,70.16135789999998],[-53.0,70.1609388],[-53.0,70.16051970000001],[-53.0,70.16010060000002],[-53.0,70.15968149999998],[-53.0,70.15926239999999],[-53.0,70.1588433],[-53.0,70.15842409999999],[-53.0,70.158005],[-53.0,70.15758590000002],[-53.0,70.15716680000003],[-53.0,70.15674769999998],[-53.0,70.1563286],[-53.0,70.1559095],[-53.0,70.15549040000002],[-53.0,70.15507129999997],[-53.0,70.15465210000002],[-53.0,70.15423299999998],[-53.0,70.15381389999999],[-53.0,70.1533948],[-53.0,70.15297570000001],[-53.0,70.15255660000003],[-53.0,70.15213749999998],[-53.0,70.1517184],[-53.0,70.1512993],[-53.0,70.1508801],[-53.0,70.150461],[-53.0,70.15004190000002],[-53.0,70.14962279999997],[-53.0,70.14920369999999],[-53.0,70.1489133],[-53.0,70.1487846],[-53.0,70.14836550000001],[-53.0,70.14794640000002],[-53.0,70.14752720000001],[-53.0,70.14710810000003],[-53.0,70.14668899999998],[-53.0,70.1462699],[-53.0,70.1458508],[-53.0,70.14543170000002],[-53.0,70.14501259999997],[-53.0,70.14459349999998],[-53.0,70.1441744],[-53.0,70.14375519999999],[-53.0,70.1433361],[-53.0,70.14291700000001],[-53.0,70.14249790000002],[-53.0,70.14207879999998],[-53.0,70.14165969999999],[-53.0,70.1412406],[-53.0,70.14082150000002],[-53.0,70.14040240000003],[-53.0,70.13998320000002],[-53.0,70.13956409999997],[-53.0,70.13914499999998],[-53.0,70.1387259],[-53.0,70.13830680000001],[-53.0,70.13788770000002],[-53.0,70.13746859999998],[-53.0,70.13704949999999],[-53.0,70.13663029999998],[-53.0,70.13621119999999],[-53.0,70.1357921],[-53.0,70.13537300000002],[-53.0,70.13502940000001],[-53.0,70.13495390000003],[-53.0,70.13453479999998],[-53.0,70.1341157],[-53.0,70.13406609999998],[-53.0,70.13369660000001],[-53.0,70.13327750000002],[-53.0,70.13285830000001],[-53.0,70.13243920000002],[-53.0,70.13202009999998],[-53.0,70.13160099999999],[-53.0,70.1311819],[-53.0,70.13076280000001],[-53.0,70.13034370000003],[-53.0,70.12992459999998],[-53.0,70.1295055],[-53.0,70.12908629999998],[-53.0,70.1286672],[-53.0,70.12824810000001],[-53.0,70.12782900000002],[-53.0,70.12740989999998],[-53.0,70.12699079999999],[-53.0,70.1265717],[-53.0,70.12615260000001],[-53.0,70.1257334],[-53.0,70.12531430000001],[-53.0,70.12489520000003],[-53.0,70.12447609999998],[-53.0,70.124057],[-53.0,70.1236379],[-53.0,70.12321880000002],[-53.0,70.12279969999997],[-53.0,70.12238059999999],[-53.0,70.12196139999998],[-53.0,70.12154229999999],[-53.0,70.1211232],[-53.0,70.12070410000001],[-53.0,70.12028500000002],[-53.0,70.11986589999998],[-53.0,70.11944679999999],[-53.0,70.1190277],[-53.0,70.11860860000002],[-53.0,70.1181894],[-53.0,70.11777030000002],[-53.0,70.11735119999997],[-53.0,70.11693209999999],[-53.0,70.116513],[-53.0,70.11609390000001],[-53.0,70.11567480000002],[-53.0,70.11525569999998],[-53.0,70.11483659999999],[-53.0,70.11441739999998],[-53.0,70.11399829999999],[-53.0,70.1135792],[-53.0,70.11316010000002],[-53.0,70.11274100000003],[-53.0,70.11232189999998],[-53.0,70.1119028],[-53.0,70.11148370000001],[-53.0,70.1110645],[-53.0,70.11064540000001],[-53.0,70.11022630000002],[-53.0,70.10980719999998],[-53.0,70.10938809999999],[-53.0,70.108969],[-53.0,70.10854990000001],[-53.0,70.10813080000003],[-53.0,70.10771169999998],[-53.0,70.10729250000003],[-53.0,70.10687339999998],[-53.0,70.1064543],[-53.0,70.10603520000001],[-53.0,70.10561610000002],[-53.0,70.10519699999998],[-53.0,70.10477789999999],[-53.0,70.1043588],[-53.0,70.10393970000001],[-53.0,70.1035205],[-53.0,70.10310140000001],[-53.0,70.10268230000003],[-53.0,70.10226319999998],[-53.0,70.1018441],[-53.0,70.101425],[-53.0,70.10100590000002],[-53.0,70.10058679999997],[-53.0,70.10016760000002],[-53.0,70.09974849999998],[-53.0,70.09932939999999],[-53.0,70.0989103],[-53.0,70.09849120000001],[-53.0,70.09807210000002],[-53.0,70.09765299999998],[-53.0,70.09723389999999],[-53.0,70.0968148],[-53.0,70.0963956],[-53.0,70.0959765],[-53.0,70.09555740000002],[-53.0,70.09513829999997],[-53.0,70.09471919999999],[-53.0,70.0943001],[-53.0,70.09388100000001],[-53.0,70.09346190000002],[-53.0,70.09304279999998],[-53.0,70.09262360000002],[-53.0,70.09220449999998],[-53.0,70.09178539999999],[-53.0,70.0913663],[-53.0,70.09094720000002],[-53.0,70.09052809999997],[-53.0,70.09010899999998],[-53.0,70.0896899],[-53.0,70.08927080000001],[-53.0,70.0888516],[-53.0,70.08843250000001],[-53.0,70.08801340000002],[-53.0,70.08759429999998],[-53.0,70.08717519999999],[-53.0,70.0867561],[-53.0,70.08633700000001],[-53.0,70.08630449999998],[-53.0,70.07757049999998],[-53.0,70.0],[-52.86571359999999,70.0]]]]},"properties":{"datasetName":"101DK004CEDOE","edition":1,"update":0,"status":3}},{"type":"Feature","geometry":{"type":"MultiPolygon","coordinates":[[[[10.0,57.0],[10.0,57.116666699999996],[10.0,57.5],[9.5,57.5],[9.5,57.116666699999996],[9.5,57.0],[10.0,57.0]]]]},"properties":{"datasetName":"101DK0041339E","edition":1,"update":0,"status":2}},{"type":"Feature","geometry":{"type":"MultiPolygon","coordinates":[[[[9.0,56.5],[9.0,57.0],[8.75,57.0],[8.5,57.0],[8.5,56.96582999999998],[8.5,56.5],[9.0,56.5]]]]},"properties":{"datasetName":"101DK0041135E","edition":1,"update":0,"status":4}},{"type":"Feature","geometry":{"type":"MultiPolygon","coordinates":[[[[-55.0,71.0],[-55.0,71.5],[-55.5,71.5],[-55.5,71.0],[-55.0,71.0]]]]},"properties":{"datasetName":"101DK004CIDEE","edition":1,"update":0,"status":2}},{"type":"Feature","geometry":{"type":"MultiPolygon","coordinates":[[[[-53.499923799999976,67.0],[-53.496497499999975,67.0],[-53.476045,67.0],[-53.47363259999997,67.0],[-53.47062310000001,67.0],[-53.470080499999995,67.0],[-53.46734329999998,67.0],[-53.46689839999999,67.0],[-53.45555869999998,67.0],[-53.44748340000001,67.0],[-53.44538970000002,67.0],[-53.44259920000002,67.0],[-53.432236699999976,67.0],[-53.416224,67.0],[-53.356500100000005,67.0],[-53.0,67.0],[-53.0,67.5],[-53.5,67.5],[-53.5,67.08999949999998],[-53.5,67.08957830000003],[-53.5,67.08880499999998],[-53.5,67.08819469999997],[-53.5,67.08745850000003],[-53.5,67.08675310000001],[-53.5,67.0860558],[-53.5,67.08534989999998],[-53.5,67.08461849999998],[-53.5,67.083887],[-53.5,67.08294690000002],[-53.5,67.0817131],[-53.5,67.080398],[-53.5,67.07952],[-53.5,67.0780795],[-53.5,67.07486599999999],[-53.5,67.07184940000002],[-53.5,67.06974229999997],[-53.5,67.06860419999998],[-53.5,67.06777729999999],[-53.5,67.06588970000001],[-53.5,67.06504239999998],[-53.5,67.06336870000001],[-53.5,67.0622166],[-53.5,67.06099080000001],[-53.5,67.05980729999999],[-53.5,67.05791520000002],[-53.5,67.0566508],[-53.5,67.05581949999998],[-53.5,67.05517470000001],[-53.5,67.05453729999999],[-53.5,67.05370570000002],[-53.5,67.05006400000002],[-53.5,67.046628],[-53.5,67.04542850000001],[-53.5,67.04408480000001],[-53.5,67.04242449999998],[-53.5,67.0408468],[-53.5,67.03892080000003],[-53.5,67.03705120000001],[-53.5,67.0354673],[-53.5,67.03349509999998],[-53.5,67.032013],[-53.5,67.03143820000003],[-53.5,67.03021360000002],[-53.5,67.02946200000002],[-53.5,67.02676150000002],[-53.5,67.02561429999997],[-53.5,67.0243552],[-53.5,67.0196603],[-53.5,67.0177617],[-53.5,67.01696959999998],[-53.5,67.01367040000002],[-53.5,67.01236390000003],[-53.5,67.01090870000002],[-53.5,67.01010289999999],[-53.5,67.00931580000002],[-53.5,67.0],[-53.499923799999976,67.0]]]]},"properties":{"datasetName":"101DK004BSDME","edition":1,"update":0,"status":1}},{"type":"Feature","geometry":{"type":"MultiPolygon","coordinates":[[[[-53.0,69.5],[-53.0,70.0],[-53.5,70.0],[-53.5,69.5],[-53.0,69.5]]]]},"properties":{"datasetName":"101DK004CCDME","edition":1,"update":0,"status":3}},{"type":"Feature","geometry":{"type":"MultiPolygon","coordinates":[[[[13.0,55.0],[13.0,55.085610900000006],[13.0,55.5],[12.717215899999985,55.5],[12.5,55.5],[12.5,55.11333330000002],[12.5,55.0],[13.0,55.0]]]]},"properties":{"datasetName":"101DK0040551E","edition":1,"update":0,"status":1}},{"type":"Feature","geometry":{"type":"MultiPolygon","coordinates":[[[[-54.5,71.0],[-54.5,71.5],[-55.0,71.5],[-55.0,71.0],[-54.5,71.0]]]]},"properties":{"datasetName":"101DK004CIDGE","edition":1,"update":0,"status":2}},{"type":"Feature","geometry":{"type":"MultiPolygon","coordinates":[[[[12.5,55.5],[12.5,55.75],[12.5,55.87858499999999],[12.5,55.92953],[12.5,55.9384],[12.5,55.96365100000003],[12.5,55.96659169999998],[12.5,56.0],[12.125,56.0],[12.0,56.0],[12.0,55.633333300000004],[12.0,55.5],[12.5,55.5]]]]},"properties":{"datasetName":"101DK0040749E","edition":1,"update":0,"status":4}},{"type":"Feature","geometry":{"type":"MultiPolygon","coordinates":[[[[-52.5,67.0],[-52.5,67.5],[-53.0,67.5],[-53.0,67.0],[-52.5,67.0]]]]},"properties":{"datasetName":"101DK004BSDOE","edition":1,"update":0,"status":3}},{"type":"Feature","geometry":{"type":"MultiPolygon","coordinates":[[[[-52.5,69.5],[-52.5,70.0],[-53.0,70.0],[-53.0,69.5],[-52.5,69.5]]]]},"properties":{"datasetName":"101DK004CCDOE","edition":1,"update":0,"status":3}},{"type":"Feature","geometry":{"type":"MultiPolygon","coordinates":[[[[13.137342199999978,55.0],[13.5,55.0],[13.5,55.5],[13.0,55.5],[13.0,55.085610900000006],[13.0,55.0],[13.137342199999978,55.0]]]]},"properties":{"datasetName":"101DK0040553E","edition":1,"update":0,"status":1}},{"type":"Feature","geometry":{"type":"MultiPolygon","coordinates":[[[[8.141666699999973,56.5],[8.5,56.5],[8.5,56.96582999999998],[8.5,57.0],[8.0,57.0],[8.0,56.5],[8.141666699999973,56.5]]]]},"properties":{"datasetName":"101DK0041133E","edition":1,"update":0,"status":3}},{"type":"Feature","geometry":{"type":"MultiPolygon","coordinates":[[[[12.0,55.0],[12.0,55.11333330000002],[12.0,55.5],[11.583333299999993,55.5],[11.5,55.5],[11.5,55.3883333],[11.5,55.25],[11.5,55.0],[12.0,55.0]]]]},"properties":{"datasetName":"101DK0040547E","edition":1,"update":0,"status":4}},{"type":"Feature","geometry":{"type":"MultiPolygon","coordinates":[[[[-54.0,66.5],[-54.0,66.7908349],[-54.0,66.8093093],[-54.0,66.8312747],[-54.0,66.8330307],[-54.0,66.83319820000003],[-54.0,66.83609610000002],[-54.0,66.8445317],[-54.0,66.87390490000001],[-54.0,66.89441770000002],[-54.0,66.9067263],[-54.0,66.91846800000002],[-54.0,66.9204545],[-54.0,66.92234059999998],[-54.0,66.94254610000002],[-54.0,66.95946249999997],[-54.0,66.96298739999997],[-54.0,66.96334910000002],[-54.0,66.96541869999999],[-54.0,66.96562469999998],[-54.0,66.97031570000001],[-54.0,66.97279709999998],[-54.0,66.9775679],[-54.0,66.97994879999999],[-54.0,66.98134420000002],[-54.0,66.9815448],[-54.0,66.98418040000001],[-54.0,66.9882268],[-54.0,66.9941882],[-54.0,66.99726909999998],[-54.0,67.0],[-54.00431090000001,67.0],[-54.01823910000002,67.0],[-54.02597989999998,67.0],[-54.03060499999998,67.0],[-54.034139400000015,67.0],[-54.04179240000002,67.0],[-54.04620970000002,67.0],[-54.0519319,67.0],[-54.052735299999995,67.0],[-54.06738139999999,67.0],[-54.08000820000001,67.0],[-54.098673599999984,67.0],[-54.108814300000006,67.0],[-54.116037000000006,67.0],[-54.12770389999997,67.0],[-54.13266340000001,67.0],[-54.14393510000002,67.0],[-54.1586686,67.0],[-54.18428770000003,67.0],[-54.218704600000024,67.0],[-54.239108499999986,67.0],[-54.25542890000003,67.0],[-54.45649179999998,67.0],[-54.48783589999999,67.0],[-54.5,67.0],[-54.5,66.5],[-54.0,66.5]]]]},"properties":{"datasetName":"101DK004BQDIE","edition":1,"update":0,"status":2}},{"type":"Feature","geometry":{"type":"MultiPolygon","coordinates":[[[[-54.0,69.0],[-54.0,69.5],[-54.5,69.5],[-54.5,69.0],[-54.0,69.0]]]]},"properties":{"datasetName":"101DK004CADIE","edition":1,"update":0,"status":2}},{"type":"Feature","geometry":{"type":"MultiPolygon","coordinates":[[[[10.5,55.0],[10.5,55.21333329999999],[10.5,55.39999999999998],[10.5,55.5],[10.0,55.5],[10.0,55.39999999999998],[10.0,55.21333329999999],[10.0,55.208579999999984],[10.0,55.207659999999976],[10.0,55.20143999999999],[10.0,55.200379999999996],[10.0,55.20019000000002],[10.0,55.199310000000025],[10.0,55.198260000000005],[10.0,55.19803999999999],[10.0,55.19666000000001],[10.0,55.19598000000002],[10.0,55.19157000000001],[10.0,55.191160000000025],[10.0,55.19063999999997],[10.0,55.18880999999999],[10.0,55.187220000000025],[10.0,55.185580000000016],[10.0,55.17937999999998],[10.0,55.178139999999985],[10.0,55.17723999999998],[10.0,55.17021999999997],[10.0,55.168510000000026],[10.0,55.167820000000006],[10.0,55.164949999999976],[10.0,55.146029999999996],[10.0,55.13789000000003],[10.0,55.12502999999998],[10.0,55.124300000000005],[10.0,55.12365],[10.0,55.12311999999997],[10.0,55.12180000000001],[10.0,55.118510000000015],[10.0,55.06990999999999],[10.0,55.0419005],[10.0,55.041729499999974],[10.0,55.0372577],[10.0,55.03386999999998],[10.0,55.03331020000002],[10.0,55.033079999999984],[10.0,55.02987910000002],[10.0,55.02949389999998],[10.0,55.0247018],[10.0,55.00508439999999],[10.0,55.002765599999975],[10.0,55.0],[10.5,55.0]]]]},"properties":{"datasetName":"101DK0040541E","edition":1,"update":0,"status":4}},{"type":"Feature","geometry":{"type":"MultiPolygon","coordinates":[[[[-52.40833329999998,65.0],[-52.3882868,65.0],[-52.36192829999999,65.0],[-52.36085459999998,65.0],[-52.35966189999999,65.0],[-52.35913599999998,65.0],[-52.35765859999998,65.0],[-52.351051299999995,65.0],[-52.34937179999997,65.0],[-52.348313399999995,65.0],[-52.34611369999999,65.0],[-52.32299999999998,65.0],[-52.0,65.0],[-52.0,65.5],[-52.5,65.5],[-52.5,65.0],[-52.40833329999998,65.0]]]]},"properties":{"datasetName":"101DK004BKDQE","edition":1,"update":0,"status":4}},{"type":"Feature","geometry":{"type":"MultiPolygon","coordinates":[[[[-53.5,69.0],[-53.5,69.5],[-54.0,69.5],[-54.0,69.0],[-53.5,69.0]]]]},"properties":{"datasetName":"101DK004CADKE","edition":1,"update":0,"status":1}},{"type":"Feature","geometry":{"type":"MultiPolygon","coordinates":[[[[-53.4996615,68.5],[-53.499323000000004,68.5],[-53.49898439999998,68.5],[-53.498645899999985,68.5],[-53.49830739999999,68.5],[-53.49796889999999,68.5],[-53.497630300000026,68.5],[-53.49729180000003,68.5],[-53.49695329999997,68.5],[-53.496614799999975,68.5],[-53.49627620000001,68.5],[-53.49593770000001,68.5],[-53.495599200000015,68.5],[-53.49526070000002,68.5],[-53.4949221,68.5],[-53.4945836,68.5],[-53.4942451,68.5],[-53.4939066,68.5],[-53.49356799999998,68.5],[-53.493229499999984,68.5],[-53.492890999999986,68.5],[-53.49255249999999,68.5],[-53.49221399999999,68.5],[-53.491875400000026,68.5],[-53.49153690000003,68.5],[-53.49119839999997,68.5],[-53.490859899999975,68.5],[-53.49052130000001,68.5],[-53.490182800000014,68.5],[-53.489844300000016,68.5],[-53.48950580000002,68.5],[-53.4891672,68.5],[-53.4888287,68.5],[-53.4884902,68.5],[-53.4881517,68.5],[-53.48781309999998,68.5],[-53.487474599999985,68.5],[-53.48713609999999,68.5],[-53.48679759999999,68.5],[-53.486459000000025,68.5],[-53.48612050000003,68.5],[-53.48578199999997,68.5],[-53.485443499999974,68.5],[-53.48510490000001,68.5],[-53.48476640000001,68.5],[-53.484427900000014,68.5],[-53.484089400000016,68.5],[-53.48375090000002,68.5],[-53.4834123,68.5],[-53.4830738,68.5],[-53.4827353,68.5],[-53.482396800000004,68.5],[-53.48205819999998,68.5],[-53.481719699999985,68.5],[-53.48138119999999,68.5],[-53.48104269999999,68.5],[-53.480704100000025,68.5],[-53.48036560000003,68.5],[-53.48002709999997,68.5],[-53.479688599999974,68.5],[-53.47935000000001,68.5],[-53.47901150000001,68.5],[-53.478673000000015,68.5],[-53.47833450000002,68.5],[-53.477995899999996,68.5],[-53.4776574,68.5],[-53.4773189,68.5],[-53.4769804,68.5],[-53.47664179999998,68.5],[-53.476303299999984,68.5],[-53.475964799999986,68.5],[-53.47562629999999,68.5],[-53.47528779999999,68.5],[-53.474949200000026,68.5],[-53.47461070000003,68.5],[-53.47427219999997,68.5],[-53.473933699999975,68.5],[-53.47359510000001,68.5],[-53.47325660000001,68.5],[-53.472918100000015,68.5],[-53.47257960000002,68.5],[-53.472241,68.5],[-53.4719025,68.5],[-53.471564,68.5],[-53.4712255,68.5],[-53.47088689999998,68.5],[-53.470548399999984,68.5],[-53.470209899999986,68.5],[-53.46987139999999,68.5],[-53.469532800000025,68.5],[-53.46919430000003,68.5],[-53.46885579999997,68.5],[-53.468517299999974,68.5],[-53.46817870000001,68.5],[-53.46784020000001,68.5],[-53.467501700000014,68.5],[-53.467163200000016,68.5],[-53.466824599999995,68.5],[-53.4664861,68.5],[-53.4661476,68.5],[-53.4658091,68.5],[-53.4654706,68.5],[-53.46513199999998,68.5],[-53.464793499999985,68.5],[-53.46445499999999,68.5],[-53.46411649999999,68.5],[-53.463777900000025,68.5],[-53.46343940000003,68.5],[-53.46310089999997,68.5],[-53.46287139999998,68.5],[-53.462762399999974,68.5],[-53.46242380000001,68.5],[-53.462145899999996,68.5],[-53.45355000000001,68.5],[-53.45273420000001,68.5],[-53.452606600000024,68.5],[-53.452268100000026,68.5],[-53.45192960000003,68.5],[-53.45159109999997,68.5],[-53.45125250000001,68.5],[-53.45091400000001,68.5],[-53.450575500000014,68.5],[-53.450237000000016,68.5],[-53.449898399999995,68.5],[-53.4495599,68.5],[-53.4492214,68.5],[-53.4488829,68.5],[-53.4485444,68.5],[-53.44820579999998,68.5],[-53.447867299999984,68.5],[-53.447528799999986,68.5],[-53.44719029999999,68.5],[-53.446851700000025,68.5],[-53.44651320000003,68.5],[-53.44617469999997,68.5],[-53.445836199999974,68.5],[-53.44549760000001,68.5],[-53.44515910000001,68.5],[-53.444820600000014,68.5],[-53.444482100000016,68.5],[-53.444143499999996,68.5],[-53.443805,68.5],[-53.4434665,68.5],[-53.443128,68.5],[-53.44278939999998,68.5],[-53.44245089999998,68.5],[-53.442112399999985,68.5],[-53.44177389999999,68.5],[-53.44143530000002,68.5],[-53.441096800000025,68.5],[-53.44075830000003,68.5],[-53.44041979999997,68.5],[-53.440081299999974,68.5],[-53.43974270000001,68.5],[-53.43940420000001,68.5],[-53.439065700000015,68.5],[-53.43872720000002,68.5],[-53.438388599999996,68.5],[-53.4380501,68.5],[-53.4377116,68.5],[-53.4373731,68.5],[-53.43703449999998,68.5],[-53.43669599999998,68.5],[-53.436357499999986,68.5],[-53.43601899999999,68.5],[-53.435680400000024,68.5],[-53.435341900000026,68.5],[-53.43500340000003,68.5],[-53.43466489999997,68.5],[-53.43432630000001,68.5],[-53.43398780000001,68.5],[-53.43364930000001,68.5],[-53.433310800000015,68.5],[-53.432972199999995,68.5],[-53.4326337,68.5],[-53.4322952,68.5],[-53.4319567,68.5],[-53.43161809999998,68.5],[-53.43127959999998,68.5],[-53.430941099999984,68.5],[-53.430602599999986,68.5],[-53.43026409999999,68.5],[-53.429925500000024,68.5],[-53.429587000000026,68.5],[-53.42946669999998,68.5],[-53.42924850000003,68.5],[-53.42902190000001,68.5],[-53.42545560000002,68.5],[-53.42539110000001,68.5],[-53.425186199999985,68.5],[-53.42484769999999,68.5],[-53.42450910000002,68.5],[-53.424170600000025,68.5],[-53.42383210000003,68.5],[-53.42349359999997,68.5],[-53.42315500000001,68.5],[-53.42281650000001,68.5],[-53.42247800000001,68.5],[-53.422139500000014,68.5],[-53.421801000000016,68.5],[-53.421462399999996,68.5],[-53.4211239,68.5],[-53.4207854,68.5],[-53.4204469,68.5],[-53.42010829999998,68.5],[-53.41976979999998,68.5],[-53.419431299999985,68.5],[-53.41909279999999,68.5],[-53.41875420000002,68.5],[-53.418415700000025,68.5],[-53.41807720000003,68.5],[-53.41773869999997,68.5],[-53.41740010000001,68.5],[-53.41706160000001,68.5],[-53.41672310000001,68.5],[-53.416384600000015,68.5],[-53.416045999999994,68.5],[-53.415707499999996,68.5],[-53.41540040000001,68.5],[-53.414724999999976,68.5],[-53.40563900000001,68.5],[-53.40555180000001,68.5],[-53.405213300000014,68.5],[-53.404874800000016,68.5],[-53.404663400000004,68.5],[-53.4010227,68.5],[-53.40081249999997,68.5],[-53.40047390000001,68.5],[-53.40013540000001,68.5],[-53.39979690000001,68.5],[-53.399458400000015,68.5],[-53.399119799999994,68.5],[-53.398781299999996,68.5],[-53.3984428,68.5],[-53.3981043,68.5],[-53.39776569999998,68.5],[-53.39742719999998,68.5],[-53.39710000000002,68.5],[-53.39708869999998,68.5],[-53.396750199999985,68.5],[-53.39641169999999,68.5],[-53.396073100000024,68.5],[-53.395734600000026,68.5],[-53.39539610000003,68.5],[-53.39505759999997,68.5],[-53.39471900000001,68.5],[-53.39438050000001,68.5],[-53.39404200000001,68.5],[-53.393703500000015,68.5],[-53.393364899999995,68.5],[-53.3930264,68.5],[-53.3926879,68.5],[-53.3923494,68.5],[-53.39201079999998,68.5],[-53.3919573,68.5],[-53.38963030000002,68.5],[-53.389227300000016,68.5],[-53.386807999999974,68.5],[-53.3826469,68.5],[-53.382532200000014,68.5],[-53.382193599999994,68.5],[-53.381855099999996,68.5],[-53.38183989999999,68.5],[-53.3815166,68.5],[-53.38122729999998,68.5],[-53.3811781,68.5],[-53.38083949999998,68.5],[-53.38050099999998,68.5],[-53.38016249999998,68.5],[-53.379823999999985,68.5],[-53.37948540000002,68.5],[-53.37932599999999,68.5],[-53.37914690000002,68.5],[-53.378808400000025,68.5],[-53.37846990000003,68.5],[-53.37813139999997,68.5],[-53.37779280000001,68.5],[-53.37745430000001,68.5],[-53.37711580000001,68.5],[-53.376777300000015,68.5],[-53.376438699999994,68.5],[-53.376100199999996,68.5],[-53.3757617,68.5],[-53.3754232,68.5],[-53.37508459999998,68.5],[-53.37474609999998,68.5],[-53.374407599999984,68.5],[-53.374069099999986,68.5],[-53.37373050000002,68.5],[-53.373392000000024,68.5],[-53.373053500000026,68.5],[-53.37271500000003,68.5],[-53.37257460000001,68.5],[-53.37237640000001,68.5],[-53.37203790000001,68.5],[-53.37169940000001,68.5],[-53.37136090000001,68.5],[-53.371142599999985,68.5],[-53.37102229999999,68.5],[-53.370683799999995,68.5],[-53.3703453,68.5],[-53.3700068,68.5],[-53.3696683,68.5],[-53.36932969999998,68.5],[-53.36899119999998,68.5],[-53.368652699999984,68.5],[-53.368314199999986,68.5],[-53.36797560000002,68.5],[-53.367637100000024,68.5],[-53.36729860000003,68.5],[-53.367053999999996,68.5],[-53.36696009999997,68.5],[-53.36662150000001,68.5],[-53.36628300000001,68.5],[-53.36594450000001,68.5],[-53.365606000000014,68.5],[-53.36526739999999,68.5],[-53.364928899999995,68.5],[-53.3645904,68.5],[-53.3642519,68.5],[-53.36391329999998,68.5],[-53.36357479999998,68.5],[-53.36323629999998,68.5],[-53.362897799999985,68.5],[-53.36255920000002,68.5],[-53.36222070000002,68.5],[-53.361882200000025,68.5],[-53.36154370000003,68.5],[-53.36120519999997,68.5],[-53.36086660000001,68.5],[-53.36052810000001,68.5],[-53.36018960000001,68.5],[-53.359851100000014,68.5],[-53.359512499999994,68.5],[-53.359173999999996,68.5],[-53.3588355,68.5],[-53.358497,68.5],[-53.358292000000006,68.5],[-53.35815839999998,68.5],[-53.35781989999998,68.5],[-53.35748139999998,68.5],[-53.357142899999985,68.5],[-53.35680430000002,68.5],[-53.356465800000024,68.5],[-53.356127300000026,68.5],[-53.35578880000003,68.5],[-53.35545020000001,68.5],[-53.35511170000001,68.5],[-53.35477320000001,68.5],[-53.35443470000001,68.5],[-53.35409609999999,68.5],[-53.353757599999994,68.5],[-53.353419099999996,68.5],[-53.3530806,68.5],[-53.35274199999998,68.5],[-53.35240349999998,68.5],[-53.35206499999998,68.5],[-53.351726499999984,68.5],[-53.351387999999986,68.5],[-53.35104940000002,68.5],[-53.350710900000024,68.5],[-53.350372400000026,68.5],[-53.35003390000003,68.5],[-53.34969530000001,68.5],[-53.34935680000001,68.5],[-53.34901830000001,68.5],[-53.34867980000001,68.5],[-53.34834119999999,68.5],[-53.348002699999995,68.5],[-53.3476642,68.5],[-53.3473257,68.5],[-53.34698709999998,68.5],[-53.34664859999998,68.5],[-53.34631009999998,68.5],[-53.345971599999984,68.5],[-53.34563300000002,68.5],[-53.34529450000002,68.5],[-53.344956000000025,68.5],[-53.34461750000003,68.5],[-53.344278900000006,68.5],[-53.34394040000001,68.5],[-53.34360190000001,68.5],[-53.34326340000001,68.5],[-53.342924900000014,68.5],[-53.342586299999994,68.5],[-53.342247799999996,68.5],[-53.3419093,68.5],[-53.3415708,68.5],[-53.34123219999998,68.5],[-53.34089369999998,68.5],[-53.34055519999998,68.5],[-53.340216699999985,68.5],[-53.33987810000002,68.5],[-53.33953960000002,68.5],[-53.339201100000025,68.5],[-53.33886260000003,68.5],[-53.33852400000001,68.5],[-53.33818550000001,68.5],[-53.33784700000001,68.5],[-53.33750850000001,68.5],[-53.33716989999999,68.5],[-53.336831399999994,68.5],[-53.336492899999996,68.5],[-53.3361544,68.5],[-53.33581579999998,68.5],[-53.33547729999998,68.5],[-53.33513879999998,68.5],[-53.33480029999998,68.5],[-53.334461799999985,68.5],[-53.33412320000002,68.5],[-53.333784700000024,68.5],[-53.333446200000026,68.5],[-53.33310770000003,68.5],[-53.33276910000001,68.5],[-53.33243060000001,68.5],[-53.33209210000001,68.5],[-53.33175360000001,68.5],[-53.33141499999999,68.5],[-53.331076499999995,68.5],[-53.330738,68.5],[-53.3307322,68.5],[-53.3303995,68.5],[-53.33006089999998,68.5],[-53.32972239999998,68.5],[-53.32965089999999,68.5],[-53.32938389999998,68.5],[-53.329045399999984,68.5],[-53.32870680000002,68.5],[-53.32836830000002,68.5],[-53.328029800000024,68.5],[-53.327691300000026,68.5],[-53.327352700000006,68.5],[-53.32701420000001,68.5],[-53.32667570000001,68.5],[-53.32633720000001,68.5],[-53.325998700000014,68.5],[-53.32566009999999,68.5],[-53.325321599999995,68.5],[-53.3249831,68.5],[-53.3246446,68.5],[-53.32430599999998,68.5],[-53.32396749999998,68.5],[-53.32382899999999,68.5],[-53.32362899999998,68.5],[-53.323290499999985,68.5],[-53.32295190000002,68.5],[-53.32261340000002,68.5],[-53.322274900000025,68.5],[-53.32193640000003,68.5],[-53.321597800000006,68.5],[-53.32125930000001,68.5],[-53.32092080000001,68.5],[-53.32058230000001,68.5],[-53.32024369999999,68.5],[-53.319905199999994,68.5],[-53.319566699999996,68.5],[-53.3192282,68.5],[-53.31888959999998,68.5],[-53.31855109999998,68.5],[-53.31821259999998,68.5],[-53.31787409999998,68.5],[-53.317535599999985,68.5],[-53.31747990000002,68.5],[-53.31719700000002,68.5],[-53.31685850000002,68.5],[-53.316520000000025,68.5],[-53.31618150000003,68.5],[-53.31584290000001,68.5],[-53.31550440000001,68.5],[-53.31516590000001,68.5],[-53.31482740000001,68.5],[-53.31448879999999,68.5],[-53.314150299999994,68.5],[-53.313811799999996,68.5],[-53.3134733,68.5],[-53.31313469999998,68.5],[-53.31279619999998,68.5],[-53.31245769999998,68.5],[-53.312119199999984,68.5],[-53.31178060000002,68.5],[-53.31144210000002,68.5],[-53.311103600000024,68.5],[-53.310765100000026,68.5],[-53.310426500000005,68.5],[-53.31008800000001,68.5],[-53.30974950000001,68.5],[-53.30941100000001,68.5],[-53.30907239999999,68.5],[-53.30873389999999,68.5],[-53.308395399999995,68.5],[-53.3080569,68.5],[-53.3077184,68.5],[-53.30737979999998,68.5],[-53.30704129999998,68.5],[-53.30670279999998,68.5],[-53.306364299999984,68.5],[-53.30602570000002,68.5],[-53.30568720000002,68.5],[-53.305348700000025,68.5],[-53.30501020000003,68.5],[-53.304671600000006,68.5],[-53.30433310000001,68.5],[-53.30399460000001,68.5],[-53.30365610000001,68.5],[-53.30331749999999,68.5],[-53.30297899999999,68.5],[-53.302640499999995,68.5],[-53.302302,68.5],[-53.30196339999998,68.5],[-53.301903700000025,68.5],[-53.30162489999998,68.5],[-53.30128639999998,68.5],[-53.30094789999998,68.5],[-53.30060930000002,68.5],[-53.30027080000002,68.5],[-53.29993230000002,68.5],[-53.299593800000025,68.5],[-53.29925530000003,68.5],[-53.29891670000001,68.5],[-53.29857820000001,68.5],[-53.29823970000001,68.5],[-53.29790120000001,68.5],[-53.29756259999999,68.5],[-53.297224099999994,68.5],[-53.296885599999996,68.5],[-53.2965471,68.5],[-53.29620849999998,68.5],[-53.29586999999998,68.5],[-53.295626700000014,68.5],[-53.29553149999998,68.5],[-53.29519299999998,68.5],[-53.29485440000002,68.5],[-53.29451590000002,68.5],[-53.294177400000024,68.5],[-53.293838900000026,68.5],[-53.293500300000005,68.5],[-53.29316180000001,68.5],[-53.29282330000001,68.5],[-53.29248480000001,68.5],[-53.29214619999999,68.5],[-53.29180769999999,68.5],[-53.291469199999995,68.5],[-53.2911307,68.5],[-53.2907922,68.5],[-53.29045359999998,68.5],[-53.29011509999998,68.5],[-53.28977659999998,68.5],[-53.289438099999984,68.5],[-53.28909950000002,68.5],[-53.28876100000002,68.5],[-53.288422500000024,68.5],[-53.288084000000026,68.5],[-53.287745400000006,68.5],[-53.28740690000001,68.5],[-53.28706840000001,68.5],[-53.28672990000001,68.5],[-53.28639129999999,68.5],[-53.28605279999999,68.5],[-53.285714299999995,68.5],[-53.2853758,68.5],[-53.28503719999998,68.5],[-53.28469869999998,68.5],[-53.28436019999998,68.5],[-53.28402169999998,68.5],[-53.28368310000002,68.5],[-53.28334460000002,68.5],[-53.28300610000002,68.5],[-53.282667600000025,68.5],[-53.28232910000003,68.5],[-53.281990500000006,68.5],[-53.28165200000001,68.5],[-53.28131350000001,68.5],[-53.28097500000001,68.5],[-53.28063639999999,68.5],[-53.280297899999994,68.5],[-53.279959399999996,68.5],[-53.2796209,68.5],[-53.27928229999998,68.5],[-53.27894379999998,68.5],[-53.27860529999998,68.5],[-53.27826679999998,68.5],[-53.27792820000002,68.5],[-53.27758970000002,68.5],[-53.27725120000002,68.5],[-53.276912700000025,68.5],[-53.276574100000005,68.5],[-53.27623560000001,68.5],[-53.27589710000001,68.5],[-53.27555860000001,68.5],[-53.27521999999999,68.5],[-53.27488149999999,68.5],[-53.274542999999994,68.5],[-53.274204499999996,68.5],[-53.273865899999976,68.5],[-53.27352739999998,68.5],[-53.27318889999998,68.5],[-53.27285039999998,68.5],[-53.272511899999984,68.5],[-53.27217330000002,68.5],[-53.27183480000002,68.5],[-53.271496300000024,68.5],[-53.271157800000026,68.5],[-53.270819200000005,68.5],[-53.27048070000001,68.5],[-53.27014220000001,68.5],[-53.26980370000001,68.5],[-53.269603200000006,68.5],[-53.26946509999999,68.5],[-53.26912659999999,68.5],[-53.268788099999995,68.5],[-53.2684496,68.5],[-53.268110999999976,68.5],[-53.26777249999998,68.5],[-53.26743399999998,68.5],[-53.26724230000002,68.5],[-53.26709549999998,68.5],[-53.26675690000002,68.5],[-53.26641840000002,68.5],[-53.26607990000002,68.5],[-53.265741400000024,68.5],[-53.265402800000004,68.5],[-53.265064300000006,68.5],[-53.26472580000001,68.5],[-53.26438730000001,68.5],[-53.26404880000001,68.5],[-53.26371019999999,68.5],[-53.26337169999999,68.5],[-53.263033199999995,68.5],[-53.2626947,68.5],[-53.26235609999998,68.5],[-53.26201759999998,68.5],[-53.26167909999998,68.5],[-53.26134059999998,68.5],[-53.26100200000002,68.5],[-53.26066350000002,68.5],[-53.26032500000002,68.5],[-53.259986500000025,68.5],[-53.259647900000004,68.5],[-53.25930940000001,68.5],[-53.25897090000001,68.5],[-53.25863240000001,68.5],[-53.25829379999999,68.5],[-53.25795529999999,68.5],[-53.257616799999994,68.5],[-53.257278299999996,68.5],[-53.256939699999975,68.5],[-53.25660119999998,68.5],[-53.25626269999998,68.5],[-53.25592419999998,68.5],[-53.25558569999998,68.5],[-53.25524710000002,68.5],[-53.25491119999998,68.5],[-53.25490860000002,68.5],[-53.254570100000024,68.5],[-53.254231600000026,68.5],[-53.253893000000005,68.5],[-53.25355450000001,68.5],[-53.25321600000001,68.5],[-53.25287750000001,68.5],[-53.25274810000002,68.5],[-53.25254210000003,68.5],[-53.25253889999999,68.5],[-53.25220039999999,68.5],[-53.25208420000001,68.5],[-53.251861899999994,68.5],[-53.251523399999996,68.5],[-53.251184799999976,68.5],[-53.25117519999998,68.5],[-53.25100950000001,68.5],[-53.25030199999998,68.5],[-53.25016929999998,68.5],[-53.24983070000002,68.5],[-53.24977860000001,68.5],[-53.24679579999997,68.5],[-53.24678399999999,68.5],[-53.21512869999998,68.5],[-53.21496280000002,68.5],[-53.2146242,68.5],[-53.214285700000005,68.5],[-53.21394720000001,68.5],[-53.21360870000001,68.5],[-53.21327009999999,68.5],[-53.213182200000006,68.5],[-53.21293159999999,68.5],[-53.21259309999999,68.5],[-53.212254599999994,68.5],[-53.211916099999996,68.5],[-53.211577499999976,68.5],[-53.21123899999998,68.5],[-53.21090049999998,68.5],[-53.21056199999998,68.5],[-53.21022340000002,68.5],[-53.20988490000002,68.5],[-53.20954640000002,68.5],[-53.209207900000024,68.5],[-53.2088693,68.5],[-53.208640600000024,68.5],[-53.208530800000005,68.5],[-53.20819230000001,68.5],[-53.20785380000001,68.5],[-53.20751519999999,68.5],[-53.20717669999999,68.5],[-53.20683819999999,68.5],[-53.206499699999995,68.5],[-53.206161099999974,68.5],[-53.205822599999976,68.5],[-53.20548409999998,68.5],[-53.20514559999998,68.5],[-53.20480700000002,68.5],[-53.20446850000002,68.5],[-53.20413000000002,68.5],[-53.20379150000002,68.5],[-53.203453000000025,68.5],[-53.203114400000004,68.5],[-53.202775900000006,68.5],[-53.20243740000001,68.5],[-53.20209890000001,68.5],[-53.20176029999999,68.5],[-53.20142179999999,68.5],[-53.20108329999999,68.5],[-53.200744799999995,68.5],[-53.200406199999975,68.5],[-53.200393399999996,68.5],[-53.20006769999998,68.5],[-53.19972919999998,68.5],[-53.19939069999998,68.5],[-53.19905210000002,68.5],[-53.19871360000002,68.5],[-53.19837510000002,68.5],[-53.19803660000002,68.5],[-53.197698,68.5],[-53.197359500000005,68.5],[-53.19702100000001,68.5],[-53.19668250000001,68.5],[-53.19634389999999,68.5],[-53.19600539999999,68.5],[-53.19566689999999,68.5],[-53.195328399999994,68.5],[-53.19498979999997,68.5],[-53.194651299999975,68.5],[-53.19431279999998,68.5],[-53.19424650000002,68.5],[-53.19397429999998,68.5],[-53.19363579999998,68.5],[-53.19329720000002,68.5],[-53.19295870000002,68.5],[-53.19262020000002,68.5],[-53.192281700000024,68.5],[-53.1919431,68.5],[-53.191604600000005,68.5],[-53.19126610000001,68.5],[-53.19092760000001,68.5],[-53.19058899999999,68.5],[-53.19025049999999,68.5],[-53.18991199999999,68.5],[-53.189573499999995,68.5],[-53.189234899999974,68.5],[-53.188896399999976,68.5],[-53.18855789999998,68.5],[-53.18821939999998,68.5],[-53.187880800000016,68.5],[-53.18754230000002,68.5],[-53.18720380000002,68.5],[-53.18686530000002,68.5],[-53.1865267,68.5],[-53.186188200000004,68.5],[-53.185849700000006,68.5],[-53.18551120000001,68.5],[-53.18517270000001,68.5],[-53.18483409999999,68.5],[-53.18449559999999,68.5],[-53.18415709999999,68.5],[-53.183818599999995,68.5],[-53.183479999999975,68.5],[-53.18314149999998,68.5],[-53.18280299999998,68.5],[-53.18246449999998,68.5],[-53.1822727,68.5],[-53.156557299999974,68.5],[-53.02593009999998,68.5],[-53.02486349999998,68.5],[-53.02360399999998,68.5],[-53.022626600000024,68.5],[-53.01955779999997,68.5],[-53.01136810000003,68.5],[-53.00056230000001,68.5],[-53.0,68.5],[-53.0,68.50130000000001],[-53.0,68.50138399999997],[-53.0,68.52382940000001],[-53.0,68.52424710000003],[-53.0,68.52550400000001],[-53.0,68.52572780000003],[-53.0,68.5258],[-53.0,68.52584389999998],[-53.0,68.52685079999998],[-53.0,68.52708189999998],[-53.0,68.52717999999999],[-53.0,68.5272172],[-53.0,68.5294346],[-53.0,68.53259969999999],[-53.0,68.5359259],[-53.0,68.5383458],[-53.0,68.5400783],[-53.0,68.54110120000001],[-53.0,68.54320760000002],[-53.0,68.54677850000002],[-53.0,68.54973910000001],[-53.0,68.55005779999999],[-53.0,68.57671859999999],[-53.0,68.58630740000001],[-53.0,68.58675349999999],[-53.0,68.58957650000002],[-53.0,68.590217],[-53.0,68.5903859],[-53.0,68.5906],[-53.0,68.59072270000001],[-53.0,68.59108680000003],[-53.0,68.59140150000002],[-53.0,68.59174000000002],[-53.0,68.59207850000001],[-53.0,68.59230000000002],[-53.0,68.59241709999998],[-53.0,68.59255710000002],[-53.0,68.59375970000002],[-53.0,68.59582799999998],[-53.0,68.59710360000003],[-53.0,68.59728339999998],[-53.0,68.59967119999999],[-53.0,68.60183110000003],[-53.0,68.6025985],[-53.0,68.6042445],[-53.0,68.60645549999998],[-53.0,68.60776179999999],[-53.0,68.60949870000002],[-53.0,68.61056409999998],[-53.0,68.61118699999997],[-53.0,68.61369509999997],[-53.0,68.61532670000003],[-53.0,68.61624369999998],[-53.0,68.6209356],[-53.0,68.6213525],[-53.0,68.62250469999998],[-53.0,68.62735679999997],[-53.0,68.62863290000001],[-53.0,68.62965659999998],[-53.0,68.63240689999998],[-53.0,68.63398849999999],[-53.0,68.63464119999998],[-53.0,68.63571080000003],[-53.0,68.63684749999999],[-53.0,68.6378537],[-53.0,68.6389954],[-53.0,68.64050630000003],[-53.0,68.64163819999999],[-53.0,68.64184160000002],[-53.0,68.64187429999998],[-53.0,68.64218010000002],[-53.0,68.64251860000002],[-53.0,68.64285710000001],[-53.0,68.64319569999998],[-53.0,68.64353419999998],[-53.0,68.64374450000003],[-53.0,68.6462138],[-53.0,68.6462424],[-53.0,68.646274],[-53.0,68.64656209999998],[-53.0,68.6465809],[-53.0,68.64675319999998],[-53.0,68.64675410000001],[-53.0,68.6469194],[-53.0,68.64725800000002],[-53.0,68.64759650000002],[-53.0,68.6477863],[-53.0,68.64778639999997],[-53.0,68.64793500000002],[-53.0,68.64827350000002],[-53.0,68.64861209999998],[-53.0,68.64895059999998],[-53.0,68.64928909999998],[-53.0,68.64962759999997],[-53.0,68.6499662],[-53.0,68.65021840000003],[-53.0,68.65022069999998],[-53.0,68.65030469999999],[-53.0,68.65064319999999],[-53.0,68.65098169999999],[-53.0,68.65132019999999],[-53.0,68.65135800000002],[-53.0,68.6516588],[-53.0,68.65190669999998],[-53.0,68.65190769999998],[-53.0,68.6519973],[-53.0,68.6521186],[-53.0,68.6521189],[-53.0,68.65218190000002],[-53.0,68.65219359999998],[-53.0,68.65220479999999],[-53.0,68.6523358],[-53.0,68.6524546],[-53.0,68.65283169999998],[-53.0,68.655956],[-53.0,68.6577201],[-53.0,68.6583761],[-53.0,68.65838289999999],[-53.0,68.6585116],[-53.0,68.65866490000002],[-53.0,68.65876780000002],[-53.0,68.65910630000002],[-53.0,68.65911499999999],[-53.0,68.65944480000002],[-53.0,68.65966759999998],[-53.0,68.65969419999999],[-53.0,68.65978330000002],[-53.0,68.66012189999998],[-53.0,68.66046039999998],[-53.0,68.66052280000002],[-53.0,68.66069920000001],[-53.0,68.66079889999997],[-53.0,68.66113739999997],[-53.0,68.66118039999998],[-53.0,68.66118610000001],[-53.0,68.661476],[-53.0,68.66181449999999],[-53.0,68.66215299999999],[-53.0,68.66249149999999],[-53.0,68.66283010000001],[-53.0,68.6630877],[-53.0,68.66309189999998],[-53.0,68.6631686],[-53.0,68.6635071],[-53.0,68.6638456],[-53.0,68.66418420000002],[-53.0,68.66452270000002],[-53.0,68.66486120000002],[-53.0,68.66512890000001],[-53.0,68.66513149999997],[-53.0,68.66519970000002],[-53.0,68.6653245],[-53.0,68.66533429999998],[-53.0,68.66537019999998],[-53.0,68.66545539999998],[-53.0,68.66547789999998],[-53.0,68.66553829999998],[-53.0,68.66564],[-53.0,68.66793539999998],[-53.0,68.67093119999998],[-53.0,68.6719],[-53.0,68.67211209999999],[-53.0,68.67230869999997],[-53.0,68.6726473],[-53.0,68.67298579999999],[-53.0,68.67332429999999],[-53.0,68.67366279999999],[-53.0,68.67400140000001],[-53.0,68.6743399],[-53.0,68.6746784],[-53.0,68.6750169],[-53.0,68.67535550000002],[-53.0,68.67569400000002],[-53.0,68.67603250000002],[-53.0,68.67631160000002],[-53.0,68.67639659999998],[-53.0,68.6788755],[-53.0,68.67892699999999],[-53.0,68.67907919999999],[-53.0,68.67941769999999],[-53.0,68.67975630000001],[-53.0,68.6800948],[-53.0,68.68040000000002],[-53.0,68.6804333],[-53.0,68.68045059999997],[-53.0,68.68157810000002],[-53.0,68.68175209999998],[-53.0,68.68178740000002],[-53.0,68.6818864],[-53.0,68.68212590000002],[-53.0,68.68229500000001],[-53.0,68.68246449999998],[-53.0,68.68247550000001],[-53.0,68.68252330000001],[-53.0,68.6825809],[-53.0,68.68259369999998],[-53.0,68.6827293],[-53.0,68.68273019999998],[-53.0,68.68280299999998],[-53.0,68.68314149999998],[-53.0,68.68323520000001],[-53.0,68.6832536],[-53.0,68.68347999999997],[-53.0,68.683694],[-53.0,68.68369460000002],[-53.0,68.6838186],[-53.0,68.6841571],[-53.0,68.68449559999999],[-53.0,68.68483409999999],[-53.0,68.68517270000001],[-53.0,68.68551120000001],[-53.0,68.68555850000001],[-53.0,68.68555880000002],[-53.0,68.6858497],[-53.0,68.6861882],[-53.0,68.6865267],[-53.0,68.68680869999997],[-53.0,68.68681379999998],[-53.0,68.68686530000002],[-53.0,68.68720380000002],[-53.0,68.68728529999998],[-53.0,68.68728570000002],[-53.0,68.68754230000002],[-53.0,68.687748],[-53.0,68.68774930000001],[-53.0,68.68788080000002],[-53.0,68.68821939999998],[-53.0,68.68855789999998],[-53.0,68.68889639999998],[-53.0,68.68923489999997],[-53.0,68.68950840000002],[-53.0,68.68950919999997],[-53.0,68.6895735],[-53.0,68.68991199999999],[-53.0,68.69025049999999],[-53.0,68.69031280000002],[-53.0,68.69031339999998],[-53.0,68.69058899999999],[-53.0,68.69092760000001],[-53.0,68.6912661],[-53.0,68.6916046],[-53.0,68.6919431],[-53.0,68.69228170000002],[-53.0,68.69262020000002],[-53.0,68.69295870000002],[-53.0,68.69329720000002],[-53.0,68.69363579999998],[-53.0,68.69397429999998],[-53.0,68.69431279999998],[-53.0,68.69465129999998],[-53.0,68.69498979999997],[-53.0,68.6953284],[-53.0,68.69566689999999],[-53.0,68.69600539999999],[-53.0,68.69634389999999],[-53.0,68.69668250000001],[-53.0,68.69689699999998],[-53.0,68.69691599999999],[-53.0,68.697021],[-53.0,68.6973595],[-53.0,68.697698],[-53.0,68.69803660000002],[-53.0,68.69837510000002],[-53.0,68.69871360000002],[-53.0,68.69905210000002],[-53.0,68.69939069999998],[-53.0,68.69972919999998],[-53.0,68.70006769999998],[-53.0,68.70040619999997],[-53.0,68.7007448],[-53.0,68.7010833],[-53.0,68.7013475],[-53.0,68.70142179999999],[-53.0,68.70144859999999],[-53.0,68.70145930000001],[-53.0,68.70163250000002],[-53.0,68.70163989999998],[-53.0,68.70175310000002],[-53.0,68.70176029999999],[-53.0,68.70182319999998],[-53.0,68.70205440000001],[-53.0,68.70209890000001],[-53.0,68.70243740000001],[-53.0,68.7027759],[-53.0,68.7031144],[-53.0,68.70340770000001],[-53.0,68.70399070000002],[-53.0,68.70413000000002],[-53.0,68.7042169],[-53.0,68.70425740000002],[-53.0,68.7042937],[-53.0,68.7044153],[-53.0,68.70443940000001],[-53.0,68.70446850000002],[-53.0,68.70450419999997],[-53.0,68.7045046],[-53.0,68.70480700000002],[-53.0,68.70493929999998],[-53.0,68.70494009999999],[-53.0,68.70514559999998],[-53.0,68.70548409999998],[-53.0,68.70582259999998],[-53.0,68.70616109999997],[-53.0,68.7064997],[-53.0,68.70673019999998],[-53.0,68.70683819999999],[-53.0,68.70717669999999],[-53.0,68.70751519999999],[-53.0,68.70785380000001],[-53.0,68.70819230000001],[-53.0,68.7085308],[-53.0,68.70871119999998],[-53.0,68.70871690000001],[-53.0,68.7088693],[-53.0,68.70910079999999],[-53.0,68.70910140000001],[-53.0,68.70920790000002],[-53.0,68.70928939999999],[-53.0,68.70930879999997],[-53.0,68.70954619999998],[-53.0,68.7096161],[-53.0,68.71080749999999],[-53.0,68.71332919999998],[-53.0,68.71429460000002],[-53.0,68.71447560000001],[-53.0,68.7146242],[-53.0,68.71496280000002],[-53.0,68.71530130000002],[-53.0,68.71563980000002],[-53.0,68.71597830000002],[-53.0,68.71631689999998],[-53.0,68.71665539999998],[-53.0,68.71699389999998],[-53.0,68.71733239999998],[-53.0,68.717671],[-53.0,68.7180095],[-53.0,68.71834799999999],[-53.0,68.71868649999999],[-53.0,68.71902510000001],[-53.0,68.71936360000001],[-53.0,68.7197021],[-53.0,68.7200406],[-53.0,68.72037920000002],[-53.0,68.72071770000002],[-53.0,68.72105620000002],[-53.0,68.72131109999998],[-53.0,68.72139470000002],[-53.0,68.72139859999999],[-53.0,68.72317500000003],[-53.0,68.72360700000002],[-53.0,68.7237644],[-53.0,68.72410289999999],[-53.0,68.72444139999999],[-53.0,68.72449319999998],[-53.0,68.72478000000001],[-53.0,68.72491150000002],[-53.0,68.72511850000001],[-53.0,68.72542149999998],[-53.0,68.7254274],[-53.0,68.725457],[-53.0,68.7257955],[-53.0,68.72613410000002],[-53.0,68.72647260000002],[-53.0,68.72681110000002],[-53.0,68.72714960000002],[-53.0,68.72748819999998],[-53.0,68.72782669999998],[-53.0,68.72816519999998],[-53.0,68.72850369999998],[-53.0,68.7288423],[-53.0,68.7290567],[-53.0,68.7291808],[-53.0,68.72951929999999],[-53.0,68.72985779999999],[-53.0,68.73019629999999],[-53.0,68.7304297],[-53.0,68.73052030000002],[-53.0,68.73053490000001],[-53.0,68.73087340000001],[-53.0,68.7312119],[-53.0,68.7315504],[-53.0,68.73188900000002],[-53.0,68.73222750000002],[-53.0,68.73256600000002],[-53.0,68.73290450000002],[-53.0,68.73324309999998],[-53.0,68.73358159999998],[-53.0,68.7336325],[-53.0,68.7337718],[-53.0,68.73392009999998],[-53.0,68.73425859999998],[-53.0,68.7345972],[-53.0,68.7349357],[-53.0,68.73527419999999],[-53.0,68.73545309999997],[-53.0,68.73545619999999],[-53.0,68.73561269999999],[-53.0,68.73595130000001],[-53.0,68.73628980000001],[-53.0,68.73640260000002],[-53.0,68.73642919999998],[-53.0,68.7366283],[-53.0,68.7369668],[-53.0,68.73730540000003],[-53.0,68.73753140000002],[-53.0,68.73753979999998],[-53.0,68.73764390000002],[-53.0,68.73798240000002],[-53.0,68.73832090000002],[-53.0,68.7384644],[-53.0,68.73846800000001],[-53.0,68.73865940000002],[-53.0,68.73899799999998],[-53.0,68.73933649999998],[-53.0,68.73967499999998],[-53.0,68.74001349999998],[-53.0,68.7403521],[-53.0,68.7406052],[-53.0,68.74066670000002],[-53.0,68.7406906],[-53.0,68.74102909999999],[-53.0,68.74136759999999],[-53.0,68.74143570000001],[-53.0,68.74145709999999],[-53.0,68.74170620000001],[-53.0,68.74204470000001],[-53.0,68.7423832],[-53.0,68.7427217],[-53.0,68.74306030000002],[-53.0,68.74339880000002],[-53.0,68.74373730000002],[-53.0,68.74407580000002],[-53.0,68.74441439999998],[-53.0,68.7444544],[-53.0,68.74449870000001],[-53.0,68.74475289999998],[-53.0,68.74509139999998],[-53.0,68.74542989999998],[-53.0,68.7456836],[-53.0,68.74572469999998],[-53.0,68.7457685],[-53.0,68.746107],[-53.0,68.7464455],[-53.0,68.74660610000001],[-53.0,68.74678399999999],[-53.0,68.7468599],[-53.0,68.74712260000001],[-53.0,68.74746110000001],[-53.0,68.74779960000001],[-53.0,68.7481381],[-53.0,68.7484766],[-53.0,68.74859980000002],[-53.0,68.7486788],[-53.0,68.74873350000001],[-53.0,68.74881520000002],[-53.0,68.7489673],[-53.0,68.74897549999997],[-53.0,68.74915370000002],[-53.0,68.74925480000002],[-53.0,68.75],[-53.0,68.75006180000003],[-53.0,68.75348400000001],[-53.0,68.75487750000002],[-53.0,68.75490860000002],[-53.0,68.75524710000002],[-53.0,68.75558569999998],[-53.0,68.75578810000002],[-53.0,68.75592419999998],[-53.0,68.75620199999997],[-53.0,68.75626269999998],[-53.0,68.75660119999998],[-53.0,68.75675760000001],[-53.0,68.7567879],[-53.0,68.75693969999998],[-53.0,68.7572783],[-53.0,68.7576168],[-53.0,68.75795529999999],[-53.0,68.75829379999999],[-53.0,68.75863240000001],[-53.0,68.75897090000001],[-53.0,68.7593094],[-53.0,68.7596479],[-53.0,68.75998650000002],[-53.0,68.76032500000002],[-53.0,68.76066350000002],[-53.0,68.76100200000002],[-53.0,68.76134059999998],[-53.0,68.76167909999998],[-53.0,68.76201759999998],[-53.0,68.76235609999998],[-53.0,68.7626947],[-53.0,68.7630332],[-53.0,68.7633717],[-53.0,68.76371019999999],[-53.0,68.76404880000001],[-53.0,68.76438730000001],[-53.0,68.76472580000001],[-53.0,68.7650643],[-53.0,68.76525040000001],[-53.0,68.76527829999998],[-53.0,68.7654028],[-53.0,68.76574140000002],[-53.0,68.76607990000002],[-53.0,68.76641840000002],[-53.0,68.76675690000002],[-53.0,68.76709549999998],[-53.0,68.76717839999998],[-53.0,68.7671795],[-53.0,68.76743399999998],[-53.0,68.76766930000002],[-53.0,68.76767039999999],[-53.0,68.76777249999998],[-53.0,68.76811099999998],[-53.0,68.7684496],[-53.0,68.7687881],[-53.0,68.76899120000002],[-53.0,68.7690045],[-53.0,68.76912659999999],[-53.0,68.76938419999999],[-53.0,68.7693855],[-53.0,68.76946509999999],[-53.0,68.76980370000001],[-53.0,68.77014220000001],[-53.0,68.77048070000001],[-53.0,68.7705896],[-53.0,68.77060569999998],[-53.0,68.7708192],[-53.0,68.77115780000003],[-53.0,68.77149630000002],[-53.0,68.77183480000002],[-53.0,68.77217330000002],[-53.0,68.77251189999998],[-53.0,68.77285039999998],[-53.0,68.77318889999998],[-53.0,68.77352739999998],[-53.0,68.77386589999998],[-53.0,68.7742045],[-53.0,68.774543],[-53.0,68.77488149999999],[-53.0,68.77521999999999],[-53.0,68.77555860000001],[-53.0,68.77589710000001],[-53.0,68.7762356],[-53.0,68.7765741],[-53.0,68.77691270000003],[-53.0,68.77725120000002],[-53.0,68.77758970000002],[-53.0,68.77792820000002],[-53.0,68.77826679999998],[-53.0,68.77860529999998],[-53.0,68.7786203],[-53.0,68.77894379999998],[-53.0,68.77906680000001],[-53.0,68.77928229999998],[-53.0,68.7796209],[-53.0,68.7799594],[-53.0,68.7802979],[-53.0,68.78063639999999],[-53.0,68.78097500000001],[-53.0,68.78131350000001],[-53.0,68.78165200000001],[-53.0,68.7819905],[-53.0,68.78232910000003],[-53.0,68.78266760000002],[-53.0,68.78300610000002],[-53.0,68.78334460000002],[-53.0,68.78368310000002],[-53.0,68.78402169999998],[-53.0,68.78436019999998],[-53.0,68.78469869999998],[-53.0,68.78503719999998],[-53.0,68.7853758],[-53.0,68.7857143],[-53.0,68.7860528],[-53.0,68.78639129999999],[-53.0,68.78660389999999],[-53.0,68.78660459999998],[-53.0,68.78672990000001],[-53.0,68.78706840000001],[-53.0,68.78740690000001],[-53.0,68.78740859999999],[-53.0,68.7874094],[-53.0,68.7877454],[-53.0,68.78808400000003],[-53.0,68.78842250000002],[-53.0,68.78876100000002],[-53.0,68.78909950000002],[-53.0,68.78930250000002],[-53.0,68.78943809999998],[-53.0,68.78959780000002],[-53.0,68.7896073],[-53.0,68.78977659999998],[-53.0,68.78985790000002],[-53.0,68.7898596],[-53.0,68.79011509999998],[-53.0,68.79045359999998],[-53.0,68.7907922],[-53.0,68.7911307],[-53.0,68.7914692],[-53.0,68.79180769999999],[-53.0,68.79214619999999],[-53.0,68.79248480000001],[-53.0,68.79282330000001],[-53.0,68.79316180000001],[-53.0,68.7935003],[-53.0,68.79383890000003],[-53.0,68.79417740000002],[-53.0,68.79451590000002],[-53.0,68.79485440000002],[-53.0,68.79519299999998],[-53.0,68.79553149999998],[-53.0,68.79586999999998],[-53.0,68.79620849999998],[-53.0,68.7965471],[-53.0,68.7968856],[-53.0,68.7972241],[-53.0,68.79756259999999],[-53.0,68.7978498],[-53.0,68.79785149999998],[-53.0,68.79790120000001],[-53.0,68.79823970000001],[-53.0,68.79857820000001],[-53.0,68.7989167],[-53.0,68.79925070000002],[-53.0,68.79925530000003],[-53.0,68.79925739999999],[-53.0,68.79959380000003],[-53.0,68.79993230000002],[-53.0,68.80027080000002],[-53.0,68.80060930000002],[-53.0,68.80094789999998],[-53.0,68.80128639999998],[-53.0,68.80162489999998],[-53.0,68.80196339999998],[-53.0,68.802302],[-53.0,68.8026405],[-53.0,68.802979],[-53.0,68.80304810000001],[-53.0,68.80305049999998],[-53.0,68.80331749999999],[-53.0,68.80365610000001],[-53.0,68.8039867],[-53.0,68.80399460000001],[-53.0,68.80401849999998],[-53.0,68.80433310000001],[-53.0,68.8046716],[-53.0,68.80501020000003],[-53.0,68.80534870000002],[-53.0,68.80568720000002],[-53.0,68.80602570000002],[-53.0,68.80636429999998],[-53.0,68.80670279999998],[-53.0,68.80704129999998],[-53.0,68.80737979999998],[-53.0,68.8077184],[-53.0,68.8080569],[-53.0,68.8083954],[-53.0,68.8087339],[-53.0,68.80907239999999],[-53.0,68.80941100000001],[-53.0,68.80974950000001],[-53.0,68.81008800000001],[-53.0,68.8104265],[-53.0,68.81076510000003],[-53.0,68.81110360000002],[-53.0,68.81144210000002],[-53.0,68.81178060000002],[-53.0,68.81211919999998],[-53.0,68.81245769999998],[-53.0,68.81279619999998],[-53.0,68.81313469999998],[-53.0,68.8134733],[-53.0,68.8138118],[-53.0,68.8141503],[-53.0,68.81448879999999],[-53.0,68.81482740000001],[-53.0,68.81516590000001],[-53.0,68.81550440000001],[-53.0,68.8158429],[-53.0,68.81618150000003],[-53.0,68.81652000000003],[-53.0,68.81685850000002],[-53.0,68.81719700000002],[-53.0,68.81753559999999],[-53.0,68.81787409999998],[-53.0,68.81821259999998],[-53.0,68.81855109999998],[-53.0,68.81888959999998],[-53.0,68.8192282],[-53.0,68.8195667],[-53.0,68.8199052],[-53.0,68.82024369999999],[-53.0,68.82058230000001],[-53.0,68.82092080000001],[-53.0,68.82125930000001],[-53.0,68.8215978],[-53.0,68.82193640000003],[-53.0,68.82227490000002],[-53.0,68.82261340000002],[-53.0,68.82295190000002],[-53.0,68.82329049999998],[-53.0,68.82362899999998],[-53.0,68.82396749999998],[-53.0,68.82430599999998],[-53.0,68.8246446],[-53.0,68.8249831],[-53.0,68.8253216],[-53.0,68.8256601],[-53.0,68.82599870000001],[-53.0,68.82633720000001],[-53.0,68.82667570000001],[-53.0,68.82701420000001],[-53.0,68.8273527],[-53.0,68.82769130000003],[-53.0,68.82802980000002],[-53.0,68.82836830000002],[-53.0,68.82870680000002],[-53.0,68.82904539999998],[-53.0,68.82938389999998],[-53.0,68.82972239999998],[-53.0,68.83006089999998],[-53.0,68.8303995],[-53.0,68.830738],[-53.0,68.8310765],[-53.0,68.83141499999999],[-53.0,68.83175360000001],[-53.0,68.83209210000001],[-53.0,68.83243060000001],[-53.0,68.83276910000001],[-53.0,68.83310770000003],[-53.0,68.83344620000003],[-53.0,68.83378470000002],[-53.0,68.83412320000002],[-53.0,68.83446179999999],[-53.0,68.83480029999998],[-53.0,68.83513879999998],[-53.0,68.83547729999998],[-53.0,68.83581579999998],[-53.0,68.83597789999999],[-53.0,68.8361544],[-53.0,68.8364929],[-53.0,68.8368314],[-53.0,68.83716989999999],[-53.0,68.83750850000001],[-53.0,68.83784700000001],[-53.0,68.83818550000001],[-53.0,68.838524],[-53.0,68.83886260000003],[-53.0,68.8391742],[-53.0,68.8391972],[-53.0,68.83920110000003],[-53.0,68.83953960000002],[-53.0,68.83977620000002],[-53.0,68.83978180000003],[-53.0,68.83987810000002],[-53.0,68.84021669999998],[-53.0,68.84055519999998],[-53.0,68.84089369999998],[-53.0,68.84123219999998],[-53.0,68.8415708],[-53.0,68.8419093],[-53.0,68.8422478],[-53.0,68.8425863],[-53.0,68.84292490000001],[-53.0,68.84326340000001],[-53.0,68.84360190000001],[-53.0,68.84373169999998],[-53.0,68.84374489999999],[-53.0,68.84394040000001],[-53.0,68.8442789],[-53.0,68.84461750000003],[-53.0,68.84495600000002],[-53.0,68.84529450000002],[-53.0,68.84563300000002],[-53.0,68.84597159999998],[-53.0,68.84631009999998],[-53.0,68.84664859999998],[-53.0,68.84671859999997],[-53.0,68.84671959999997],[-53.0,68.84698709999998],[-53.0,68.8473257],[-53.0,68.8476642],[-53.0,68.8480027],[-53.0,68.8483412],[-53.0,68.84867980000001],[-53.0,68.84901830000001],[-53.0,68.84935680000001],[-53.0,68.84969530000001],[-53.0,68.85003390000003],[-53.0,68.85037240000003],[-53.0,68.85071090000002],[-53.0,68.85104940000002],[-53.0,68.85106489999998],[-53.0,68.85138799999999],[-53.0,68.85172649999998],[-53.0,68.85199849999998],[-53.0,68.85206499999998],[-53.0,68.8520934],[-53.0,68.85240349999998],[-53.0,68.85263250000003],[-53.0,68.85263350000002],[-53.0,68.85274199999998],[-53.0,68.8530806],[-53.0,68.8534191],[-53.0,68.8537576],[-53.0,68.85409609999999],[-53.0,68.85443470000001],[-53.0,68.85477320000001],[-53.0,68.85511170000001],[-53.0,68.85540839999999],[-53.0,68.85541119999999],[-53.0,68.8554502],[-53.0,68.85578880000003],[-53.0,68.85612730000003],[-53.0,68.85646580000002],[-53.0,68.85680430000002],[-53.0,68.85714289999999],[-53.0,68.85748139999998],[-53.0,68.85781989999998],[-53.0,68.85815839999998],[-53.0,68.858497],[-53.0,68.8588355],[-53.0,68.8591131],[-53.0,68.85911329999999],[-53.0,68.859174],[-53.0,68.8595125],[-53.0,68.85985110000001],[-53.0,68.86018960000001],[-53.0,68.86052810000001],[-53.0,68.86086660000001],[-53.0,68.86120519999997],[-53.0,68.86154370000003],[-53.0,68.86188220000003],[-53.0,68.86222070000002],[-53.0,68.86255920000002],[-53.0,68.86289779999998],[-53.0,68.86323629999998],[-53.0,68.86357479999998],[-53.0,68.86391329999998],[-53.0,68.8642519],[-53.0,68.8645904],[-53.0,68.8649289],[-53.0,68.8652674],[-53.0,68.86560600000001],[-53.0,68.86594450000001],[-53.0,68.86628300000001],[-53.0,68.86662150000001],[-53.0,68.86696009999997],[-53.0,68.86729860000003],[-53.0,68.86763710000002],[-53.0,68.86797560000002],[-53.0,68.86831419999999],[-53.0,68.86865269999998],[-53.0,68.86899119999998],[-53.0,68.86932969999998],[-53.0,68.86944940000001],[-53.0,68.8694506],[-53.0,68.8696683],[-53.0,68.8700068],[-53.0,68.8703453],[-53.0,68.8706838],[-53.0,68.87102229999999],[-53.0,68.87136090000001],[-53.0,68.87169940000001],[-53.0,68.87203790000001],[-53.0,68.87237640000001],[-53.0,68.87271500000003],[-53.0,68.87305350000003],[-53.0,68.87339200000002],[-53.0,68.87373050000002],[-53.0,68.87406909999999],[-53.0,68.8742244],[-53.0,68.87422909999998],[-53.0,68.87440759999998],[-53.0,68.87474609999998],[-53.0,68.87508459999998],[-53.0,68.8754232],[-53.0,68.8757617],[-53.0,68.8761002],[-53.0,68.8762901],[-53.0,68.87629049999998],[-53.0,68.8764387],[-53.0,68.87677730000001],[-53.0,68.87711580000001],[-53.0,68.87745430000001],[-53.0,68.87779280000001],[-53.0,68.87813139999997],[-53.0,68.87846990000003],[-53.0,68.87880840000003],[-53.0,68.87914690000002],[-53.0,68.87948540000002],[-53.0,68.87982399999999],[-53.0,68.88016249999998],[-53.0,68.88050099999998],[-53.0,68.88083949999998],[-53.0,68.8811781],[-53.0,68.8815166],[-53.0,68.8818551],[-53.0,68.8821936],[-53.0,68.88253220000001],[-53.0,68.88287070000001],[-53.0,68.88320920000001],[-53.0,68.88354770000001],[-53.0,68.88388629999997],[-53.0,68.88422480000003],[-53.0,68.88456330000002],[-53.0,68.88490180000002],[-53.0,68.88524039999999],[-53.0,68.88557889999998],[-53.0,68.88591739999998],[-53.0,68.88625589999998],[-53.0,68.8865945],[-53.0,68.886933],[-53.0,68.8872715],[-53.0,68.88761],[-53.0,68.8879485],[-53.0,68.88828710000001],[-53.0,68.88862560000001],[-53.0,68.88896410000001],[-53.0,68.88930260000001],[-53.0,68.88943510000001],[-53.0,68.8894621],[-53.0,68.88964120000003],[-53.0,68.88997970000003],[-53.0,68.89031820000002],[-53.0,68.89065670000002],[-53.0,68.89099529999999],[-53.0,68.89133379999998],[-53.0,68.89167229999998],[-53.0,68.89201079999998],[-53.0,68.8923494],[-53.0,68.8926879],[-53.0,68.8930264],[-53.0,68.8933649],[-53.0,68.89370350000002],[-53.0,68.89404200000001],[-53.0,68.89438050000001],[-53.0,68.89471900000001],[-53.0,68.89505759999997],[-53.0,68.89539610000003],[-53.0,68.89573460000003],[-53.0,68.89607310000002],[-53.0,68.89641169999999],[-53.0,68.89675019999999],[-53.0,68.89708869999998],[-53.0,68.89730309999999],[-53.0,68.89730500000002],[-53.0,68.89742719999998],[-53.0,68.89776569999998],[-53.0,68.8981043],[-53.0,68.8984428],[-53.0,68.8987813],[-53.0,68.8991198],[-53.0,68.89945840000001],[-53.0,68.89979690000001],[-53.0,68.90013540000001],[-53.0,68.90024670000003],[-53.0,68.90024749999998],[-53.0,68.90047390000001],[-53.0,68.90081249999997],[-53.0,68.90111630000001],[-53.0,68.90111860000002],[-53.0,68.90115100000003],[-53.0,68.90148950000003],[-53.0,68.90182800000002],[-53.0,68.90216659999999],[-53.0,68.90250509999998],[-53.0,68.90284359999998],[-53.0,68.90318209999998],[-53.0,68.9035207],[-53.0,68.9038592],[-53.0,68.9041977],[-53.0,68.9045362],[-53.0,68.90487480000002],[-53.0,68.90521330000001],[-53.0,68.90555180000001],[-53.0,68.90589030000001],[-53.0,68.90622880000001],[-53.0,68.90656739999997],[-53.0,68.90690590000003],[-53.0,68.90724440000002],[-53.0,68.90758290000002],[-53.0,68.90792149999999],[-53.0,68.90825999999998],[-53.0,68.90859849999998],[-53.0,68.90893699999998],[-53.0,68.9092756],[-53.0,68.9096141],[-53.0,68.9099526],[-53.0,68.9102911],[-53.0,68.91062970000002],[-53.0,68.91096820000001],[-53.0,68.91130670000001],[-53.0,68.91164520000001],[-53.0,68.91198379999997],[-53.0,68.91232230000003],[-53.0,68.91266080000003],[-53.0,68.91299930000002],[-53.0,68.91333789999999],[-53.0,68.91367639999999],[-53.0,68.9137599],[-53.0,68.9137723],[-53.0,68.91401489999998],[-53.0,68.91435339999998],[-53.0,68.91469189999998],[-53.0,68.9150305],[-53.0,68.915369],[-53.0,68.9157075],[-53.0,68.916046],[-53.0,68.91638460000001],[-53.0,68.91672310000001],[-53.0,68.91706160000001],[-53.0,68.91740010000001],[-53.0,68.91773869999997],[-53.0,68.91807720000003],[-53.0,68.91841570000003],[-53.0,68.91875420000002],[-53.0,68.91909279999999],[-53.0,68.91943129999999],[-53.0,68.91976979999998],[-53.0,68.92010829999998],[-53.0,68.9204469],[-53.0,68.9207854],[-53.0,68.9211239],[-53.0,68.9214624],[-53.0,68.92180100000002],[-53.0,68.92213950000001],[-53.0,68.92247800000001],[-53.0,68.92281650000001],[-53.0,68.92315500000001],[-53.0,68.92349359999997],[-53.0,68.92383210000003],[-53.0,68.92417060000002],[-53.0,68.92450910000002],[-53.0,68.92484769999999],[-53.0,68.92518619999998],[-53.0,68.92552469999998],[-53.0,68.92586319999998],[-53.0,68.9262018],[-53.0,68.9265403],[-53.0,68.9268788],[-53.0,68.9272173],[-53.0,68.92732430000001],[-53.0,68.92733659999999],[-53.0,68.92755590000002],[-53.0,68.92789440000001],[-53.0,68.92813769999998],[-53.0,68.92814019999997],[-53.0,68.92823290000001],[-53.0,68.92857140000001],[-53.0,68.92890999999997],[-53.0,68.92924850000003],[-53.0,68.92958700000003],[-53.0,68.92992550000002],[-53.0,68.93026409999999],[-53.0,68.93060259999999],[-53.0,68.93094109999998],[-53.0,68.93108669999998],[-53.0,68.93114889999998],[-53.0,68.93127959999998],[-53.0,68.93161809999998],[-53.0,68.9319567],[-53.0,68.93198159999997],[-53.0,68.9320492],[-53.0,68.9322952],[-53.0,68.9326337],[-53.0,68.9329722],[-53.0,68.93331080000002],[-53.0,68.93364930000001],[-53.0,68.93398780000001],[-53.0,68.93404079999999],[-53.0,68.93415929999998],[-53.0,68.93432630000001],[-53.0,68.93441059999998],[-53.0,68.93446829999999],[-53.0,68.93466489999997],[-53.0,68.93500340000003],[-53.0,68.93534190000003],[-53.0,68.93568040000002],[-53.0,68.93601899999999],[-53.0,68.93635749999999],[-53.0,68.93669599999998],[-53.0,68.93703449999998],[-53.0,68.9373731],[-53.0,68.9377116],[-53.0,68.9380501],[-53.0,68.9383886],[-53.0,68.93872720000002],[-53.0,68.93906570000001],[-53.0,68.93940420000001],[-53.0,68.93974270000001],[-53.0,68.94008129999997],[-53.0,68.94041979999997],[-53.0,68.94075830000003],[-53.0,68.94109680000003],[-53.0,68.94143530000002],[-53.0,68.94174670000001],[-53.0,68.94177389999999],[-53.0,68.94179259999999],[-53.0,68.94211239999998],[-53.0,68.94245089999998],[-53.0,68.94278939999998],[-53.0,68.943128],[-53.0,68.9434665],[-53.0,68.943805],[-53.0,68.9441435],[-53.0,68.94448210000002],[-53.0,68.94482060000001],[-53.0,68.94515910000001],[-53.0,68.94549760000001],[-53.0,68.94583619999997],[-53.0,68.94617469999997],[-53.0,68.94651320000003],[-53.0,68.94685170000002],[-53.0,68.94719029999999],[-53.0,68.94752879999999],[-53.0,68.94786729999998],[-53.0,68.94820579999998],[-53.0,68.9485444],[-53.0,68.9488829],[-53.0,68.9492214],[-53.0,68.9495599],[-53.0,68.9498984],[-53.0,68.95023700000002],[-53.0,68.95057550000001],[-53.0,68.95091400000001],[-53.0,68.95125250000001],[-53.0,68.95159109999997],[-53.0,68.95192960000003],[-53.0,68.95226810000003],[-53.0,68.95260660000002],[-53.0,68.95294519999999],[-53.0,68.95328369999999],[-53.0,68.95362219999998],[-53.0,68.95396069999998],[-53.0,68.9542993],[-53.0,68.9546378],[-53.0,68.9549763],[-53.0,68.9553148],[-53.0,68.95565340000002],[-53.0,68.95599190000001],[-53.0,68.95633040000001],[-53.0,68.95666890000001],[-53.0,68.95700749999997],[-53.0,68.95734599999997],[-53.0,68.95768450000003],[-53.0,68.95802300000003],[-53.0,68.95836150000002],[-53.0,68.95870009999999],[-53.0,68.95903859999999],[-53.0,68.95937709999998],[-53.0,68.95971559999998],[-53.0,68.9600542],[-53.0,68.9603927],[-53.0,68.9607312],[-53.0,68.9610697],[-53.0,68.96140830000002],[-53.0,68.96174680000001],[-53.0,68.96208530000001],[-53.0,68.96228280000003],[-53.0,68.96228969999999],[-53.0,68.96242380000001],[-53.0,68.96276239999997],[-53.0,68.96310089999997],[-53.0,68.96343940000003],[-53.0,68.96377790000003],[-53.0,68.96411649999999],[-53.0,68.96445499999999],[-53.0,68.96479349999998],[-53.0,68.96513199999998],[-53.0,68.9654706],[-53.0,68.9658091],[-53.0,68.9661476],[-53.0,68.9664861],[-53.0,68.9668246],[-53.0,68.96716320000002],[-53.0,68.96750170000001],[-53.0,68.96784020000001],[-53.0,68.96817870000001],[-53.0,68.96851729999997],[-53.0,68.96885579999997],[-53.0,68.96919430000003],[-53.0,68.96953280000002],[-53.0,68.96987139999999],[-53.0,68.97020989999999],[-53.0,68.97054839999998],[-53.0,68.97088689999998],[-53.0,68.9712255],[-53.0,68.971564],[-53.0,68.9719025],[-53.0,68.972241],[-53.0,68.97257960000002],[-53.0,68.97291810000002],[-53.0,68.97325660000001],[-53.0,68.97359510000001],[-53.0,68.97393369999998],[-53.0,68.97427219999997],[-53.0,68.97461070000003],[-53.0,68.97494920000003],[-53.0,68.97528779999999],[-53.0,68.97562629999999],[-53.0,68.97596479999999],[-53.0,68.97630329999998],[-53.0,68.97664179999998],[-53.0,68.9769804],[-53.0,68.9773189],[-53.0,68.9776574],[-53.0,68.9779959],[-53.0,68.97833450000002],[-53.0,68.97867300000001],[-53.0,68.97901150000001],[-53.0,68.97935000000001],[-53.0,68.97968859999997],[-53.0,68.98002709999997],[-53.0,68.98036560000003],[-53.0,68.98070410000003],[-53.0,68.98104269999999],[-53.0,68.98138119999999],[-53.0,68.98171969999999],[-53.0,68.98205819999998],[-53.0,68.9823968],[-53.0,68.9827353],[-53.0,68.9830738],[-53.0,68.9834123],[-53.0,68.98375090000002],[-53.0,68.98408940000002],[-53.0,68.98442790000001],[-53.0,68.98476640000001],[-53.0,68.98510490000001],[-53.0,68.98544349999997],[-53.0,68.98578199999997],[-53.0,68.98612050000003],[-53.0,68.98645900000002],[-53.0,68.98679759999999],[-53.0,68.98713609999999],[-53.0,68.98747459999998],[-53.0,68.98781309999998],[-53.0,68.9881517],[-53.0,68.9884902],[-53.0,68.9888287],[-53.0,68.9891672],[-53.0,68.98950580000002],[-53.0,68.98984430000002],[-53.0,68.99018280000001],[-53.0,68.99052130000001],[-53.0,68.99085989999998],[-53.0,68.99119839999997],[-53.0,68.99153690000003],[-53.0,68.99187540000003],[-53.0,68.99221399999999],[-53.0,68.99255249999999],[-53.0,68.99289099999999],[-53.0,68.99322949999998],[-53.0,68.99356799999998],[-53.0,68.9939066],[-53.0,68.9942451],[-53.0,68.9945836],[-53.0,68.9949221],[-53.0,68.99526070000002],[-53.0,68.99559920000002],[-53.0,68.99593770000001],[-53.0,68.99627620000001],[-53.0,68.99661479999997],[-53.0,68.99695329999997],[-53.0,68.99729180000003],[-53.0,68.99763030000003],[-53.0,68.99796889999999],[-53.0,68.99830739999999],[-53.0,68.99864589999999],[-53.0,68.99898439999998],[-53.0,68.999323],[-53.0,68.9996615],[-53.0,69.0],[-53.0003385,69.0],[-53.00067710000002,69.0],[-53.00101560000002,69.0],[-53.001354100000015,69.0],[-53.00169260000001,69.0],[-53.00203110000001,69.0],[-53.002369699999974,69.0],[-53.00270819999997,69.0],[-53.00304670000003,69.0],[-53.003385200000025,69.0],[-53.00372379999999,69.0],[-53.00406229999999,69.0],[-53.004400799999985,69.0],[-53.00473929999998,69.0],[-53.0050779,69.0],[-53.0054164,69.0],[-53.0057549,69.0],[-53.0060934,69.0],[-53.00643200000002,69.0],[-53.006770500000016,69.0],[-53.007109000000014,69.0],[-53.00744750000001,69.0],[-53.007786099999976,69.0],[-53.008124599999974,69.0],[-53.00846309999997,69.0],[-53.00880160000003,69.0],[-53.00914019999999,69.0],[-53.00947869999999,69.0],[-53.009817199999986,69.0],[-53.010155699999984,69.0],[-53.010494300000005,69.0],[-53.0108328,69.0],[-53.0111713,69.0],[-53.0115098,69.0],[-53.0118483,69.0],[-53.01218690000002,69.0],[-53.012525400000015,69.0],[-53.01286390000001,69.0],[-53.01320240000001,69.0],[-53.013540999999975,69.0],[-53.01387949999997,69.0],[-53.01421800000003,69.0],[-53.014556500000026,69.0],[-53.01489509999999,69.0],[-53.01523359999999,69.0],[-53.015572099999986,69.0],[-53.015910599999984,69.0],[-53.016249200000004,69.0],[-53.0165877,69.0],[-53.0169262,69.0],[-53.0172647,69.0],[-53.01760330000002,69.0],[-53.01794180000002,69.0],[-53.018280300000015,69.0],[-53.01861880000001,69.0],[-53.01895739999998,69.0],[-53.019295899999975,69.0],[-53.01963439999997,69.0],[-53.01997290000003,69.0],[-53.020311400000026,69.0],[-53.02064999999999,69.0],[-53.02098849999999,69.0],[-53.021326999999985,69.0],[-53.02166549999998,69.0],[-53.022004100000004,69.0],[-53.0223426,69.0],[-53.0226811,69.0],[-53.0230196,69.0],[-53.02335820000002,69.0],[-53.023696700000016,69.0],[-53.024035200000014,69.0],[-53.02437370000001,69.0],[-53.024712299999976,69.0],[-53.025050799999974,69.0],[-53.02538929999997,69.0],[-53.02572780000003,69.0],[-53.02606639999999,69.0],[-53.02640489999999,69.0],[-53.02674339999999,69.0],[-53.027081899999985,69.0],[-53.027420500000005,69.0],[-53.027759,69.0],[-53.0280975,69.0],[-53.028436,69.0],[-53.0287745,69.0],[-53.02911310000002,69.0],[-53.029451600000016,69.0],[-53.029790100000014,69.0],[-53.03012860000001,69.0],[-53.030467199999975,69.0],[-53.03080569999997,69.0],[-53.03114420000003,69.0],[-53.031482700000026,69.0],[-53.03182129999999,69.0],[-53.03215979999999,69.0],[-53.032498299999986,69.0],[-53.032836799999984,69.0],[-53.033175400000005,69.0],[-53.0335139,69.0],[-53.0338524,69.0],[-53.0341909,69.0],[-53.03452950000002,69.0],[-53.03486800000002,69.0],[-53.035206500000015,69.0],[-53.03554500000001,69.0],[-53.03588359999998,69.0],[-53.036222099999975,69.0],[-53.03656059999997,69.0],[-53.03689910000003,69.0],[-53.037237600000026,69.0],[-53.03757619999999,69.0],[-53.03791469999999,69.0],[-53.038253199999986,69.0],[-53.038591699999984,69.0],[-53.038930300000004,69.0],[-53.0392688,69.0],[-53.0396073,69.0],[-53.0399458,69.0],[-53.04028440000002,69.0],[-53.04062290000002,69.0],[-53.040961400000015,69.0],[-53.04129990000001,69.0],[-53.041638499999976,69.0],[-53.041976999999974,69.0],[-53.04231549999997,69.0],[-53.04265400000003,69.0],[-53.04299259999999,69.0],[-53.04333109999999,69.0],[-53.04366959999999,69.0],[-53.044008099999985,69.0],[-53.044346700000006,69.0],[-53.0446852,69.0],[-53.0450237,69.0],[-53.0453622,69.0],[-53.0457007,69.0],[-53.04603930000002,69.0],[-53.046377800000016,69.0],[-53.046716300000014,69.0],[-53.04705480000001,69.0],[-53.047393399999976,69.0],[-53.047731899999974,69.0],[-53.04807039999997,69.0],[-53.04840890000003,69.0],[-53.04874749999999,69.0],[-53.04908599999999,69.0],[-53.04933390000002,69.0],[-53.049424499999986,69.0],[-53.049762999999984,69.0],[-53.050101600000005,69.0],[-53.0504401,69.0],[-53.0507786,69.0],[-53.0511171,69.0],[-53.05145570000002,69.0],[-53.05179420000002,69.0],[-53.052132700000016,69.0],[-53.052471200000014,69.0],[-53.05280979999998,69.0],[-53.053148299999975,69.0],[-53.05348679999997,69.0],[-53.05382530000003,69.0],[-53.05416389999999,69.0],[-53.05450239999999,69.0],[-53.05484089999999,69.0],[-53.055179399999986,69.0],[-53.055517899999984,69.0],[-53.055856500000004,69.0],[-53.056195,69.0],[-53.0565335,69.0],[-53.056872,69.0],[-53.05721060000002,69.0],[-53.05754910000002,69.0],[-53.057887600000015,69.0],[-53.05822610000001,69.0],[-53.05856469999998,69.0],[-53.05872499999998,69.0],[-53.058903199999975,69.0],[-53.05924169999997,69.0],[-53.05958020000003,69.0],[-53.05991879999999,69.0],[-53.06025729999999,69.0],[-53.06059579999999,69.0],[-53.060934299999985,69.0],[-53.061272900000006,69.0],[-53.061611400000004,69.0],[-53.0619499,69.0],[-53.0622884,69.0],[-53.06262700000002,69.0],[-53.06296550000002,69.0],[-53.06330400000002,69.0],[-53.063642500000014,69.0],[-53.06398100000001,69.0],[-53.064319599999976,69.0],[-53.064658099999974,69.0],[-53.06499659999997,69.0],[-53.06533510000003,69.0],[-53.06567369999999,69.0],[-53.06601219999999,69.0],[-53.06635069999999,69.0],[-53.066689199999985,69.0],[-53.067027800000005,69.0],[-53.0673663,69.0],[-53.0677048,69.0],[-53.0680433,69.0],[-53.06838190000002,69.0],[-53.06872040000002,69.0],[-53.069058900000016,69.0],[-53.069397400000014,69.0],[-53.06973599999998,69.0],[-53.070074499999976,69.0],[-53.070412999999974,69.0],[-53.07075149999997,69.0],[-53.07109009999999,69.0],[-53.07142859999999,69.0],[-53.07176709999999,69.0],[-53.072105599999986,69.0],[-53.072444099999984,69.0],[-53.072782700000005,69.0],[-53.0731212,69.0],[-53.0734597,69.0],[-53.0737982,69.0],[-53.07413680000002,69.0],[-53.07447530000002,69.0],[-53.074813800000015,69.0],[-53.07515230000001,69.0],[-53.07549089999998,69.0],[-53.075829399999975,69.0],[-53.07616789999997,69.0],[-53.07650640000003,69.0],[-53.07684499999999,69.0],[-53.07718349999999,69.0],[-53.07752199999999,69.0],[-53.077860499999986,69.0],[-53.078199100000006,69.0],[-53.078537600000004,69.0],[-53.0788761,69.0],[-53.0792146,69.0],[-53.07955320000002,69.0],[-53.07989170000002,69.0],[-53.08023020000002,69.0],[-53.080568700000015,69.0],[-53.08090720000001,69.0],[-53.08124579999998,69.0],[-53.081584299999975,69.0],[-53.08192279999997,69.0],[-53.08226130000003,69.0],[-53.08259989999999,69.0],[-53.08293839999999,69.0],[-53.08327689999999,69.0],[-53.083615399999985,69.0],[-53.083954000000006,69.0],[-53.084292500000004,69.0],[-53.084631,69.0],[-53.0849695,69.0],[-53.08530810000002,69.0],[-53.08564660000002,69.0],[-53.085985100000016,69.0],[-53.086323600000014,69.0],[-53.08666219999998,69.0],[-53.087000699999976,69.0],[-53.087339199999974,69.0],[-53.08767769999997,69.0],[-53.08801629999999,69.0],[-53.08835479999999,69.0],[-53.08869329999999,69.0],[-53.08903179999999,69.0],[-53.08937040000001,69.0],[-53.089708900000005,69.0],[-53.0900474,69.0],[-53.0903859,69.0],[-53.0907244,69.0],[-53.09106300000002,69.0],[-53.09140150000002,69.0],[-53.091740000000016,69.0],[-53.092078500000014,69.0],[-53.09241709999998,69.0],[-53.092755599999975,69.0],[-53.09309409999997,69.0],[-53.09343260000003,69.0],[-53.09377119999999,69.0],[-53.09390000000002,69.0],[-53.09410969999999,69.0],[-53.09444819999999,69.0],[-53.094786699999986,69.0],[-53.09512530000001,69.0],[-53.095463800000005,69.0],[-53.0958023,69.0],[-53.0961408,69.0],[-53.09647940000002,69.0],[-53.09681790000002,69.0],[-53.09715640000002,69.0],[-53.097494900000015,69.0],[-53.09783349999998,69.0],[-53.09817199999998,69.0],[-53.098510499999975,69.0],[-53.09884899999997,69.0],[-53.09918750000003,69.0],[-53.09952609999999,69.0],[-53.09986459999999,69.0],[-53.10020309999999,69.0],[-53.100541599999985,69.0],[-53.100880200000006,69.0],[-53.101218700000004,69.0],[-53.1015572,69.0],[-53.1018957,69.0],[-53.10223430000002,69.0],[-53.10257280000002,69.0],[-53.10291130000002,69.0],[-53.103249800000015,69.0],[-53.10358839999998,69.0],[-53.103926899999976,69.0],[-53.104265399999974,69.0],[-53.10460389999997,69.0],[-53.10494249999999,69.0],[-53.10528099999999,69.0],[-53.10561949999999,69.0],[-53.10595799999999,69.0],[-53.10629660000001,69.0],[-53.106635100000005,69.0],[-53.1069736,69.0],[-53.1073121,69.0],[-53.1076506,69.0],[-53.10798920000002,69.0],[-53.10832770000002,69.0],[-53.108666200000016,69.0],[-53.109004700000014,69.0],[-53.10934329999998,69.0],[-53.109681799999976,69.0],[-53.110020299999974,69.0],[-53.11035879999997,69.0],[-53.11069739999999,69.0],[-53.11103589999999,69.0],[-53.11137439999999,69.0],[-53.11165299999999,69.0],[-53.111712899999986,69.0],[-53.11205150000001,69.0],[-53.112390000000005,69.0],[-53.1127285,69.0],[-53.113067,69.0],[-53.11340560000002,69.0],[-53.11374410000002,69.0],[-53.11408260000002,69.0],[-53.114421100000015,69.0],[-53.11475969999998,69.0],[-53.11509819999998,69.0],[-53.115436699999975,69.0],[-53.11577519999997,69.0],[-53.11611370000003,69.0],[-53.11645229999999,69.0],[-53.11679079999999,69.0],[-53.11712929999999,69.0],[-53.117467799999986,69.0],[-53.117806400000006,69.0],[-53.118144900000004,69.0],[-53.1184834,69.0],[-53.1188219,69.0],[-53.11916050000002,69.0],[-53.11949900000002,69.0],[-53.11983750000002,69.0],[-53.120176000000015,69.0],[-53.12051459999998,69.0],[-53.12085309999998,69.0],[-53.121191599999975,69.0],[-53.12153009999997,69.0],[-53.12186869999999,69.0],[-53.12220719999999,69.0],[-53.12254569999999,69.0],[-53.12288419999999,69.0],[-53.12322280000001,69.0],[-53.123561300000006,69.0],[-53.123899800000004,69.0],[-53.1242383,69.0],[-53.1245768,69.0],[-53.12491540000002,69.0],[-53.12525390000002,69.0],[-53.125592400000016,69.0],[-53.125930900000014,69.0],[-53.12626949999998,69.0],[-53.126607999999976,69.0],[-53.126946499999974,69.0],[-53.12728499999997,69.0],[-53.12762359999999,69.0],[-53.12796209999999,69.0],[-53.12830059999999,69.0],[-53.12863909999999,69.0],[-53.12897770000001,69.0],[-53.129316200000005,69.0],[-53.1296547,69.0],[-53.1299932,69.0],[-53.13033180000002,69.0],[-53.13067030000002,69.0],[-53.13100880000002,69.0],[-53.131347300000016,69.0],[-53.13168589999998,69.0],[-53.13202439999998,69.0],[-53.132362899999976,69.0],[-53.13270139999997,69.0],[-53.133039999999994,69.0],[-53.13337849999999,69.0],[-53.13371699999999,69.0],[-53.13405549999999,69.0],[-53.134393999999986,69.0],[-53.13473260000001,69.0],[-53.135071100000005,69.0],[-53.1354096,69.0],[-53.1357481,69.0],[-53.13608670000002,69.0],[-53.13642520000002,69.0],[-53.13676370000002,69.0],[-53.137102200000015,69.0],[-53.13744079999998,69.0],[-53.13777929999998,69.0],[-53.138117799999975,69.0],[-53.13845629999997,69.0],[-53.13879489999999,69.0],[-53.13913339999999,69.0],[-53.13947189999999,69.0],[-53.13981039999999,69.0],[-53.14014900000001,69.0],[-53.140487500000006,69.0],[-53.140826000000004,69.0],[-53.1411645,69.0],[-53.14150310000002,69.0],[-53.14184160000002,69.0],[-53.14218010000002,69.0],[-53.14251860000002,69.0],[-53.142857100000015,69.0],[-53.14319569999998,69.0],[-53.143534199999976,69.0],[-53.143872699999974,69.0],[-53.14421119999997,69.0],[-53.14454979999999,69.0],[-53.14488829999999,69.0],[-53.14522679999999,69.0],[-53.14556529999999,69.0],[-53.14590390000001,69.0],[-53.146242400000006,69.0],[-53.146580900000004,69.0],[-53.1469194,69.0],[-53.14725800000002,69.0],[-53.14759650000002,69.0],[-53.14793500000002,69.0],[-53.148273500000016,69.0],[-53.14861209999998,69.0],[-53.14895059999998,69.0],[-53.149289099999976,69.0],[-53.149627599999974,69.0],[-53.149966199999994,69.0],[-53.15030469999999,69.0],[-53.15064319999999,69.0],[-53.15098169999999,69.0],[-53.15132019999999,69.0],[-53.15165880000001,69.0],[-53.151997300000005,69.0],[-53.1523358,69.0],[-53.1526743,69.0],[-53.15301290000002,69.0],[-53.15335140000002,69.0],[-53.15368990000002,69.0],[-53.154028400000016,69.0],[-53.15436699999998,69.0],[-53.15470549999998,69.0],[-53.155043999999975,69.0],[-53.15538249999997,69.0],[-53.155721099999994,69.0],[-53.15605959999999,69.0],[-53.15639809999999,69.0],[-53.15673659999999,69.0],[-53.15707520000001,69.0],[-53.157413700000006,69.0],[-53.157752200000004,69.0],[-53.1580907,69.0],[-53.15842930000002,69.0],[-53.15876780000002,69.0],[-53.15910630000002,69.0],[-53.15944480000002,69.0],[-53.159783300000015,69.0],[-53.16012189999998,69.0],[-53.16046039999998,69.0],[-53.160798899999975,69.0],[-53.16113739999997,69.0],[-53.16147599999999,69.0],[-53.16181449999999,69.0],[-53.16215299999999,69.0],[-53.16249149999999,69.0],[-53.16283010000001,69.0],[-53.163168600000006,69.0],[-53.163507100000004,69.0],[-53.1638456,69.0],[-53.16418420000002,69.0],[-53.16452270000002,69.0],[-53.16486120000002,69.0],[-53.16519970000002,69.0],[-53.16553829999998,69.0],[-53.16587679999998,69.0],[-53.166215299999976,69.0],[-53.166553799999974,69.0],[-53.166892399999995,69.0],[-53.16723089999999,69.0],[-53.16756939999999,69.0],[-53.16790789999999,69.0],[-53.16824650000001,69.0],[-53.16858500000001,69.0],[-53.168923500000005,69.0],[-53.169262,69.0],[-53.1696005,69.0],[-53.16993910000002,69.0],[-53.17027760000002,69.0],[-53.17061610000002,69.0],[-53.170954600000016,69.0],[-53.17129319999998,69.0],[-53.17163169999998,69.0],[-53.171970199999976,69.0],[-53.172308699999974,69.0],[-53.172647299999994,69.0],[-53.17298579999999,69.0],[-53.17332429999999,69.0],[-53.17366279999999,69.0],[-53.17400140000001,69.0],[-53.17433990000001,69.0],[-53.174678400000005,69.0],[-53.1750169,69.0],[-53.17535550000002,69.0],[-53.17569400000002,69.0],[-53.17603250000002,69.0],[-53.17637100000002,69.0],[-53.17670959999998,69.0],[-53.17704809999998,69.0],[-53.17738659999998,69.0],[-53.177725099999975,69.0],[-53.17806359999997,69.0],[-53.178402199999994,69.0],[-53.17874069999999,69.0],[-53.17907919999999,69.0],[-53.17927159999999,69.0],[-53.17941769999999,69.0],[-53.17975630000001,69.0],[-53.180094800000006,69.0],[-53.180433300000004,69.0],[-53.1807718,69.0],[-53.18111040000002,69.0],[-53.18144890000002,69.0],[-53.18178740000002,69.0],[-53.18195909999997,69.0],[-53.18212590000002,69.0],[-53.18246449999998,69.0],[-53.18280299999998,69.0],[-53.18314149999998,69.0],[-53.183479999999975,69.0],[-53.183818599999995,69.0],[-53.18415709999999,69.0],[-53.18449559999999,69.0],[-53.18483409999999,69.0],[-53.18517270000001,69.0],[-53.18549539999998,69.0],[-53.18551120000001,69.0],[-53.185849700000006,69.0],[-53.186188200000004,69.0],[-53.1865267,69.0],[-53.18686530000002,69.0],[-53.18699029999999,69.0],[-53.18720380000002,69.0],[-53.18754230000002,69.0],[-53.187880800000016,69.0],[-53.18821939999998,69.0],[-53.18855789999998,69.0],[-53.188896399999976,69.0],[-53.189234899999974,69.0],[-53.189573499999995,69.0],[-53.18991199999999,69.0],[-53.19025049999999,69.0],[-53.19058899999999,69.0],[-53.19092760000001,69.0],[-53.19126610000001,69.0],[-53.191604600000005,69.0],[-53.1919431,69.0],[-53.192281700000024,69.0],[-53.19262020000002,69.0],[-53.19295870000002,69.0],[-53.19329720000002,69.0],[-53.19363579999998,69.0],[-53.19397429999998,69.0],[-53.19431279999998,69.0],[-53.19456930000001,69.0],[-53.194651299999975,69.0],[-53.19498979999997,69.0],[-53.195328399999994,69.0],[-53.19566689999999,69.0],[-53.19600539999999,69.0],[-53.19634389999999,69.0],[-53.19668250000001,69.0],[-53.19702100000001,69.0],[-53.197359500000005,69.0],[-53.197698,69.0],[-53.19803660000002,69.0],[-53.19837510000002,69.0],[-53.19871360000002,69.0],[-53.19905210000002,69.0],[-53.19939069999998,69.0],[-53.19972919999998,69.0],[-53.20006769999998,69.0],[-53.200406199999975,69.0],[-53.200744799999995,69.0],[-53.20108329999999,69.0],[-53.20142179999999,69.0],[-53.20176029999999,69.0],[-53.20209890000001,69.0],[-53.20243740000001,69.0],[-53.202775900000006,69.0],[-53.203114400000004,69.0],[-53.203453000000025,69.0],[-53.20379150000002,69.0],[-53.20413000000002,69.0],[-53.20446850000002,69.0],[-53.20480700000002,69.0],[-53.20514559999998,69.0],[-53.20548409999998,69.0],[-53.205822599999976,69.0],[-53.206161099999974,69.0],[-53.206499699999995,69.0],[-53.20683819999999,69.0],[-53.20717669999999,69.0],[-53.20751519999999,69.0],[-53.20785380000001,69.0],[-53.20819230000001,69.0],[-53.208530800000005,69.0],[-53.2088693,69.0],[-53.209207900000024,69.0],[-53.209285299999976,69.0],[-53.20954640000002,69.0],[-53.20988490000002,69.0],[-53.21022340000002,69.0],[-53.21056199999998,69.0],[-53.21090049999998,69.0],[-53.21123899999998,69.0],[-53.211577499999976,69.0],[-53.211916099999996,69.0],[-53.212254599999994,69.0],[-53.21259309999999,69.0],[-53.21293159999999,69.0],[-53.21327009999999,69.0],[-53.21360870000001,69.0],[-53.21394720000001,69.0],[-53.214285700000005,69.0],[-53.2146242,69.0],[-53.21496280000002,69.0],[-53.21530130000002,69.0],[-53.21563980000002,69.0],[-53.21597830000002,69.0],[-53.21631689999998,69.0],[-53.21665539999998,69.0],[-53.21699389999998,69.0],[-53.217332399999975,69.0],[-53.217670999999996,69.0],[-53.218009499999994,69.0],[-53.21834799999999,69.0],[-53.21868649999999,69.0],[-53.21902510000001,69.0],[-53.21936360000001,69.0],[-53.219702100000006,69.0],[-53.219946400000026,69.0],[-53.220040600000004,69.0],[-53.220379200000025,69.0],[-53.22071770000002,69.0],[-53.22105620000002,69.0],[-53.22139470000002,69.0],[-53.22173320000002,69.0],[-53.22207179999998,69.0],[-53.22241029999998,69.0],[-53.22274879999998,69.0],[-53.223087299999975,69.0],[-53.223425899999995,69.0],[-53.22376439999999,69.0],[-53.22410289999999,69.0],[-53.22444139999999,69.0],[-53.22478000000001,69.0],[-53.22511850000001,69.0],[-53.225457000000006,69.0],[-53.225795500000004,69.0],[-53.226134100000024,69.0],[-53.22647260000002,69.0],[-53.22681110000002,69.0],[-53.22714960000002,69.0],[-53.22748819999998,69.0],[-53.22782669999998,69.0],[-53.22816519999998,69.0],[-53.228503699999976,69.0],[-53.2288423,69.0],[-53.229180799999995,69.0],[-53.22951929999999,69.0],[-53.22985779999999,69.0],[-53.23019629999999,69.0],[-53.23053490000001,69.0],[-53.23087340000001,69.0],[-53.231211900000005,69.0],[-53.2315504,69.0],[-53.231889000000024,69.0],[-53.2321336,69.0],[-53.23222750000002,69.0],[-53.23256600000002,69.0],[-53.23290450000002,69.0],[-53.23324309999998,69.0],[-53.23358159999998,69.0],[-53.23392009999998,69.0],[-53.234258599999976,69.0],[-53.234597199999996,69.0],[-53.234935699999994,69.0],[-53.23527419999999,69.0],[-53.23561269999999,69.0],[-53.23595130000001,69.0],[-53.23628980000001,69.0],[-53.23662830000001,69.0],[-53.236966800000005,69.0],[-53.237305400000025,69.0],[-53.23764390000002,69.0],[-53.23798240000002,69.0],[-53.23832090000002,69.0],[-53.23865940000002,69.0],[-53.23899799999998,69.0],[-53.23933649999998,69.0],[-53.23967499999998,69.0],[-53.240013499999975,69.0],[-53.240352099999996,69.0],[-53.24069059999999,69.0],[-53.24102909999999,69.0],[-53.24136759999999,69.0],[-53.24170620000001,69.0],[-53.24204470000001,69.0],[-53.242383200000006,69.0],[-53.242721700000004,69.0],[-53.243060300000025,69.0],[-53.24339880000002,69.0],[-53.24373730000002,69.0],[-53.24407580000002,69.0],[-53.24441439999998,69.0],[-53.24475289999998,69.0],[-53.24509139999998,69.0],[-53.245429899999976,69.0],[-53.2457685,69.0],[-53.246106999999995,69.0],[-53.24644549999999,69.0],[-53.24678399999999,69.0],[-53.24712260000001,69.0],[-53.24746110000001,69.0],[-53.24779960000001,69.0],[-53.248138100000006,69.0],[-53.248476600000004,69.0],[-53.248815200000024,69.0],[-53.24915370000002,69.0],[-53.24949220000002,69.0],[-53.24983070000002,69.0],[-53.25016929999998,69.0],[-53.25050779999998,69.0],[-53.25084629999998,69.0],[-53.251184799999976,69.0],[-53.251523399999996,69.0],[-53.251861899999994,69.0],[-53.25220039999999,69.0],[-53.25253889999999,69.0],[-53.25287750000001,69.0],[-53.25321600000001,69.0],[-53.25355450000001,69.0],[-53.253893000000005,69.0],[-53.254231600000026,69.0],[-53.254570100000024,69.0],[-53.25490860000002,69.0],[-53.25524710000002,69.0],[-53.25558569999998,69.0],[-53.25592419999998,69.0],[-53.25626269999998,69.0],[-53.25660119999998,69.0],[-53.256939699999975,69.0],[-53.257278299999996,69.0],[-53.257616799999994,69.0],[-53.25795529999999,69.0],[-53.25829379999999,69.0],[-53.25863240000001,69.0],[-53.25897090000001,69.0],[-53.25930940000001,69.0],[-53.259647900000004,69.0],[-53.259986500000025,69.0],[-53.26032500000002,69.0],[-53.26066350000002,69.0],[-53.26100200000002,69.0],[-53.26134059999998,69.0],[-53.26167909999998,69.0],[-53.26201759999998,69.0],[-53.26235609999998,69.0],[-53.2626947,69.0],[-53.26276280000002,69.0],[-53.263033199999995,69.0],[-53.2633189,69.0],[-53.26337169999999,69.0],[-53.26371019999999,69.0],[-53.26404880000001,69.0],[-53.26438730000001,69.0],[-53.26472580000001,69.0],[-53.265064300000006,69.0],[-53.265402800000004,69.0],[-53.265741400000024,69.0],[-53.26607990000002,69.0],[-53.26641840000002,69.0],[-53.26675690000002,69.0],[-53.26709549999998,69.0],[-53.26743399999998,69.0],[-53.26777249999998,69.0],[-53.268110999999976,69.0],[-53.2684496,69.0],[-53.268788099999995,69.0],[-53.26912659999999,69.0],[-53.26946509999999,69.0],[-53.26980370000001,69.0],[-53.27014220000001,69.0],[-53.27048070000001,69.0],[-53.270819200000005,69.0],[-53.271157800000026,69.0],[-53.271496300000024,69.0],[-53.27183480000002,69.0],[-53.27217330000002,69.0],[-53.272511899999984,69.0],[-53.27285039999998,69.0],[-53.27318889999998,69.0],[-53.27352739999998,69.0],[-53.273865899999976,69.0],[-53.274204499999996,69.0],[-53.274542999999994,69.0],[-53.27488149999999,69.0],[-53.27521999999999,69.0],[-53.27555860000001,69.0],[-53.27589710000001,69.0],[-53.27623560000001,69.0],[-53.276574100000005,69.0],[-53.276912700000025,69.0],[-53.27725120000002,69.0],[-53.27758970000002,69.0],[-53.27792820000002,69.0],[-53.27826679999998,69.0],[-53.27860529999998,69.0],[-53.27894379999998,69.0],[-53.27928229999998,69.0],[-53.2796209,69.0],[-53.279959399999996,69.0],[-53.280297899999994,69.0],[-53.28063639999999,69.0],[-53.28097500000001,69.0],[-53.28131350000001,69.0],[-53.28165200000001,69.0],[-53.281990500000006,69.0],[-53.28232910000003,69.0],[-53.282667600000025,69.0],[-53.28300610000002,69.0],[-53.28334460000002,69.0],[-53.28368310000002,69.0],[-53.28400069999998,69.0],[-53.28402169999998,69.0],[-53.28436019999998,69.0],[-53.28469869999998,69.0],[-53.28503719999998,69.0],[-53.2853758,69.0],[-53.285714299999995,69.0],[-53.28605279999999,69.0],[-53.28639129999999,69.0],[-53.28672990000001,69.0],[-53.28706840000001,69.0],[-53.28740690000001,69.0],[-53.287745400000006,69.0],[-53.288084000000026,69.0],[-53.288422500000024,69.0],[-53.28876100000002,69.0],[-53.28909950000002,69.0],[-53.289438099999984,69.0],[-53.28977659999998,69.0],[-53.29011509999998,69.0],[-53.29045359999998,69.0],[-53.2907922,69.0],[-53.2911307,69.0],[-53.291469199999995,69.0],[-53.29180769999999,69.0],[-53.29214619999999,69.0],[-53.29248480000001,69.0],[-53.29282330000001,69.0],[-53.29316180000001,69.0],[-53.293500300000005,69.0],[-53.293838900000026,69.0],[-53.294177400000024,69.0],[-53.29451590000002,69.0],[-53.29485440000002,69.0],[-53.29519299999998,69.0],[-53.29553149999998,69.0],[-53.29586999999998,69.0],[-53.29620849999998,69.0],[-53.2965471,69.0],[-53.296885599999996,69.0],[-53.297224099999994,69.0],[-53.29756259999999,69.0],[-53.29790120000001,69.0],[-53.29823970000001,69.0],[-53.29857820000001,69.0],[-53.29891670000001,69.0],[-53.29925530000003,69.0],[-53.299593800000025,69.0],[-53.29993230000002,69.0],[-53.30027080000002,69.0],[-53.30060930000002,69.0],[-53.30094789999998,69.0],[-53.30128639999998,69.0],[-53.30162489999998,69.0],[-53.30196339999998,69.0],[-53.302302,69.0],[-53.302640499999995,69.0],[-53.30297899999999,69.0],[-53.30331749999999,69.0],[-53.30365610000001,69.0],[-53.30399460000001,69.0],[-53.30433310000001,69.0],[-53.304671600000006,69.0],[-53.30501020000003,69.0],[-53.305348700000025,69.0],[-53.30568720000002,69.0],[-53.30602570000002,69.0],[-53.306364299999984,69.0],[-53.30670279999998,69.0],[-53.30704129999998,69.0],[-53.30737979999998,69.0],[-53.3077184,69.0],[-53.3080569,69.0],[-53.308395399999995,69.0],[-53.30873389999999,69.0],[-53.30907239999999,69.0],[-53.30941100000001,69.0],[-53.30974950000001,69.0],[-53.31008800000001,69.0],[-53.310426500000005,69.0],[-53.310765100000026,69.0],[-53.311103600000024,69.0],[-53.31144210000002,69.0],[-53.31178060000002,69.0],[-53.312119199999984,69.0],[-53.31245769999998,69.0],[-53.31279619999998,69.0],[-53.31313469999998,69.0],[-53.3134733,69.0],[-53.313811799999996,69.0],[-53.314150299999994,69.0],[-53.31448879999999,69.0],[-53.31482740000001,69.0],[-53.31516590000001,69.0],[-53.31550440000001,69.0],[-53.31584290000001,69.0],[-53.31618150000003,69.0],[-53.316520000000025,69.0],[-53.31685850000002,69.0],[-53.31719700000002,69.0],[-53.317535599999985,69.0],[-53.317724699999985,69.0],[-53.31787409999998,69.0],[-53.31821259999998,69.0],[-53.31855109999998,69.0],[-53.31888959999998,69.0],[-53.3192282,69.0],[-53.319566699999996,69.0],[-53.319905199999994,69.0],[-53.32024369999999,69.0],[-53.32058230000001,69.0],[-53.32092080000001,69.0],[-53.32125930000001,69.0],[-53.321597800000006,69.0],[-53.32193640000003,69.0],[-53.322274900000025,69.0],[-53.32261340000002,69.0],[-53.32295190000002,69.0],[-53.323290499999985,69.0],[-53.32362899999998,69.0],[-53.32396749999998,69.0],[-53.32430599999998,69.0],[-53.3246446,69.0],[-53.3249831,69.0],[-53.325321599999995,69.0],[-53.32566009999999,69.0],[-53.325998700000014,69.0],[-53.32633720000001,69.0],[-53.32667570000001,69.0],[-53.32701420000001,69.0],[-53.327352700000006,69.0],[-53.327691300000026,69.0],[-53.328029800000024,69.0],[-53.32836830000002,69.0],[-53.32870680000002,69.0],[-53.329045399999984,69.0],[-53.32938389999998,69.0],[-53.32972239999998,69.0],[-53.33006089999998,69.0],[-53.3303995,69.0],[-53.330738,69.0],[-53.331076499999995,69.0],[-53.33141499999999,69.0],[-53.33175360000001,69.0],[-53.33209210000001,69.0],[-53.33243060000001,69.0],[-53.33276910000001,69.0],[-53.33310770000003,69.0],[-53.333446200000026,69.0],[-53.333784700000024,69.0],[-53.33412320000002,69.0],[-53.334461799999985,69.0],[-53.33480029999998,69.0],[-53.33513879999998,69.0],[-53.33547729999998,69.0],[-53.33581579999998,69.0],[-53.3361544,69.0],[-53.336492899999996,69.0],[-53.336523,69.0],[-53.336831399999994,69.0],[-53.33716989999999,69.0],[-53.33750850000001,69.0],[-53.33784700000001,69.0],[-53.33818550000001,69.0],[-53.33852400000001,69.0],[-53.33886260000003,69.0],[-53.339201100000025,69.0],[-53.33953960000002,69.0],[-53.33987810000002,69.0],[-53.33989129999998,69.0],[-53.340216699999985,69.0],[-53.34055519999998,69.0],[-53.3408177,69.0],[-53.34089369999998,69.0],[-53.34123219999998,69.0],[-53.3415708,69.0],[-53.3419093,69.0],[-53.342247799999996,69.0],[-53.34249369999998,69.0],[-53.343368699999985,69.0],[-53.34337549999998,69.0],[-53.34360190000001,69.0],[-53.34394040000001,69.0],[-53.344278900000006,69.0],[-53.34461750000003,69.0],[-53.344956000000025,69.0],[-53.34529450000002,69.0],[-53.34563300000002,69.0],[-53.345971599999984,69.0],[-53.34631009999998,69.0],[-53.34664859999998,69.0],[-53.34698709999998,69.0],[-53.3473257,69.0],[-53.34739999999999,69.0],[-53.347500000000025,69.0],[-53.3476642,69.0],[-53.348002699999995,69.0],[-53.34834119999999,69.0],[-53.34867980000001,69.0],[-53.34901830000001,69.0],[-53.34935680000001,69.0],[-53.34969530000001,69.0],[-53.35003390000003,69.0],[-53.350372400000026,69.0],[-53.350710900000024,69.0],[-53.35104940000002,69.0],[-53.351387999999986,69.0],[-53.351726499999984,69.0],[-53.35206499999998,69.0],[-53.35240349999998,69.0],[-53.35274199999998,69.0],[-53.3530806,69.0],[-53.353419099999996,69.0],[-53.35359999999997,69.0],[-53.353757599999994,69.0],[-53.35409609999999,69.0],[-53.35443470000001,69.0],[-53.35477320000001,69.0],[-53.35511170000001,69.0],[-53.35545020000001,69.0],[-53.35578880000003,69.0],[-53.356127300000026,69.0],[-53.356465800000024,69.0],[-53.35680430000002,69.0],[-53.357142899999985,69.0],[-53.35748139999998,69.0],[-53.35781989999998,69.0],[-53.35815839999998,69.0],[-53.358497,69.0],[-53.3588355,69.0],[-53.359173999999996,69.0],[-53.359512499999994,69.0],[-53.359851100000014,69.0],[-53.36018960000001,69.0],[-53.36052810000001,69.0],[-53.36086660000001,69.0],[-53.36120519999997,69.0],[-53.36154370000003,69.0],[-53.361882200000025,69.0],[-53.36222070000002,69.0],[-53.362300000000005,69.0],[-53.36255920000002,69.0],[-53.362897799999985,69.0],[-53.36323629999998,69.0],[-53.36357479999998,69.0],[-53.36391329999998,69.0],[-53.3642519,69.0],[-53.3645904,69.0],[-53.364928899999995,69.0],[-53.36526739999999,69.0],[-53.365606000000014,69.0],[-53.36594450000001,69.0],[-53.36628300000001,69.0],[-53.36662150000001,69.0],[-53.36696009999997,69.0],[-53.36729860000003,69.0],[-53.367637100000024,69.0],[-53.36797560000002,69.0],[-53.368314199999986,69.0],[-53.368652699999984,69.0],[-53.368756700000006,69.0],[-53.36899119999998,69.0],[-53.36932969999998,69.0],[-53.36958179999999,69.0],[-53.3696683,69.0],[-53.3700068,69.0],[-53.3703453,69.0],[-53.370683799999995,69.0],[-53.37102229999999,69.0],[-53.37136090000001,69.0],[-53.37169940000001,69.0],[-53.37203790000001,69.0],[-53.37237640000001,69.0],[-53.37271500000003,69.0],[-53.373053500000026,69.0],[-53.3732177,69.0],[-53.373392000000024,69.0],[-53.37373050000002,69.0],[-53.374069099999986,69.0],[-53.374407599999984,69.0],[-53.37474609999998,69.0],[-53.37508459999998,69.0],[-53.3754232,69.0],[-53.3757617,69.0],[-53.376100199999996,69.0],[-53.376438699999994,69.0],[-53.376777300000015,69.0],[-53.37709360000002,69.0],[-53.37711580000001,69.0],[-53.37745430000001,69.0],[-53.37779280000001,69.0],[-53.37813139999997,69.0],[-53.37846990000003,69.0],[-53.378808400000025,69.0],[-53.37914690000002,69.0],[-53.37948540000002,69.0],[-53.379823999999985,69.0],[-53.38016249999998,69.0],[-53.38050099999998,69.0],[-53.380770299999995,69.0],[-53.38083949999998,69.0],[-53.3811781,69.0],[-53.3815166,69.0],[-53.381855099999996,69.0],[-53.382193599999994,69.0],[-53.382532200000014,69.0],[-53.38287070000001,69.0],[-53.382935499999974,69.0],[-53.38320920000001,69.0],[-53.38354770000001,69.0],[-53.38383779999998,69.0],[-53.38388629999997,69.0],[-53.38422480000003,69.0],[-53.38426279999999,69.0],[-53.384563300000025,69.0],[-53.38490180000002,69.0],[-53.38524039999999,69.0],[-53.38545319999997,69.0],[-53.385578899999985,69.0],[-53.38591739999998,69.0],[-53.38625589999998,69.0],[-53.3865945,69.0],[-53.386933,69.0],[-53.38696199999998,69.0],[-53.3872715,69.0],[-53.387609999999995,69.0],[-53.38794849999999,69.0],[-53.388287100000014,69.0],[-53.38862560000001,69.0],[-53.38896410000001,69.0],[-53.3893018,69.0],[-53.38930260000001,69.0],[-53.38964120000003,69.0],[-53.389979700000026,69.0],[-53.390318200000024,69.0],[-53.39051660000001,69.0],[-53.39065670000002,69.0],[-53.390995299999986,69.0],[-53.391333799999984,69.0],[-53.39167229999998,69.0],[-53.39201079999998,69.0],[-53.3923494,69.0],[-53.3926879,69.0],[-53.3930264,69.0],[-53.393364899999995,69.0],[-53.393703500000015,69.0],[-53.39404200000001,69.0],[-53.39438050000001,69.0],[-53.39471900000001,69.0],[-53.39505759999997,69.0],[-53.39539610000003,69.0],[-53.395734600000026,69.0],[-53.396073100000024,69.0],[-53.39641169999999,69.0],[-53.396750199999985,69.0],[-53.39708869999998,69.0],[-53.39742719999998,69.0],[-53.39776569999998,69.0],[-53.3981043,69.0],[-53.3984428,69.0],[-53.398781299999996,69.0],[-53.399119799999994,69.0],[-53.399458400000015,69.0],[-53.39979690000001,69.0],[-53.40013540000001,69.0],[-53.40047390000001,69.0],[-53.40081249999997,69.0],[-53.40115100000003,69.0],[-53.401489500000025,69.0],[-53.40182800000002,69.0],[-53.40216659999999,69.0],[-53.402505099999985,69.0],[-53.40284359999998,69.0],[-53.40318209999998,69.0],[-53.4035207,69.0],[-53.4038592,69.0],[-53.4041977,69.0],[-53.404536199999995,69.0],[-53.404874800000016,69.0],[-53.405213300000014,69.0],[-53.40555180000001,69.0],[-53.40589030000001,69.0],[-53.40622880000001,69.0],[-53.40656739999997,69.0],[-53.40690590000003,69.0],[-53.407244400000025,69.0],[-53.40758290000002,69.0],[-53.407921499999986,69.0],[-53.408259999999984,69.0],[-53.40859849999998,69.0],[-53.40893699999998,69.0],[-53.4092756,69.0],[-53.4096141,69.0],[-53.4099526,69.0],[-53.410291099999995,69.0],[-53.410629700000015,69.0],[-53.41096820000001,69.0],[-53.41130670000001,69.0],[-53.41164520000001,69.0],[-53.41198379999997,69.0],[-53.41232230000003,69.0],[-53.412660800000026,69.0],[-53.412999300000024,69.0],[-53.41333789999999,69.0],[-53.413676399999986,69.0],[-53.414014899999984,69.0],[-53.41435339999998,69.0],[-53.41469189999998,69.0],[-53.4150305,69.0],[-53.415369,69.0],[-53.415707499999996,69.0],[-53.416045999999994,69.0],[-53.416384600000015,69.0],[-53.41672310000001,69.0],[-53.41706160000001,69.0],[-53.41740010000001,69.0],[-53.41773869999997,69.0],[-53.41807720000003,69.0],[-53.418415700000025,69.0],[-53.41875420000002,69.0],[-53.41909279999999,69.0],[-53.419431299999985,69.0],[-53.41976979999998,69.0],[-53.42010829999998,69.0],[-53.4204469,69.0],[-53.4207854,69.0],[-53.4211239,69.0],[-53.421462399999996,69.0],[-53.421801000000016,69.0],[-53.42193739999999,69.0],[-53.422139500000014,69.0],[-53.42247800000001,69.0],[-53.42281650000001,69.0],[-53.42315500000001,69.0],[-53.42349359999997,69.0],[-53.42383210000003,69.0],[-53.424170600000025,69.0],[-53.42450910000002,69.0],[-53.42484769999999,69.0],[-53.425186199999985,69.0],[-53.42552469999998,69.0],[-53.42586319999998,69.0],[-53.4262018,69.0],[-53.4265403,69.0],[-53.4268788,69.0],[-53.427217299999995,69.0],[-53.427555900000016,69.0],[-53.427894400000014,69.0],[-53.42823290000001,69.0],[-53.42857140000001,69.0],[-53.42890999999997,69.0],[-53.42924850000003,69.0],[-53.429587000000026,69.0],[-53.429925500000024,69.0],[-53.43026409999999,69.0],[-53.430602599999986,69.0],[-53.430941099999984,69.0],[-53.43127959999998,69.0],[-53.43161809999998,69.0],[-53.4319567,69.0],[-53.4322952,69.0],[-53.4326337,69.0],[-53.432972199999995,69.0],[-53.433310800000015,69.0],[-53.43364930000001,69.0],[-53.43398780000001,69.0],[-53.43432630000001,69.0],[-53.43466489999997,69.0],[-53.43500340000003,69.0],[-53.435341900000026,69.0],[-53.435680400000024,69.0],[-53.43601899999999,69.0],[-53.436357499999986,69.0],[-53.43669599999998,69.0],[-53.43703449999998,69.0],[-53.4373731,69.0],[-53.4377116,69.0],[-53.4380501,69.0],[-53.438388599999996,69.0],[-53.43872720000002,69.0],[-53.438894000000005,69.0],[-53.439065700000015,69.0],[-53.43940420000001,69.0],[-53.43974270000001,69.0],[-53.440081299999974,69.0],[-53.44041979999997,69.0],[-53.44075830000003,69.0],[-53.441096800000025,69.0],[-53.44143530000002,69.0],[-53.44177389999999,69.0],[-53.442112399999985,69.0],[-53.44245089999998,69.0],[-53.44278939999998,69.0],[-53.443128,69.0],[-53.4434665,69.0],[-53.443805,69.0],[-53.443916100000024,69.0],[-53.444143499999996,69.0],[-53.444482100000016,69.0],[-53.444820600000014,69.0],[-53.44515910000001,69.0],[-53.44549760000001,69.0],[-53.445836199999974,69.0],[-53.44617469999997,69.0],[-53.44651320000003,69.0],[-53.446851700000025,69.0],[-53.44719029999999,69.0],[-53.447528799999986,69.0],[-53.447867299999984,69.0],[-53.44820579999998,69.0],[-53.4485444,69.0],[-53.4488829,69.0],[-53.4492214,69.0],[-53.4495599,69.0],[-53.449898399999995,69.0],[-53.450237000000016,69.0],[-53.450575500000014,69.0],[-53.45091400000001,69.0],[-53.45125250000001,69.0],[-53.45159109999997,69.0],[-53.45192960000003,69.0],[-53.452268100000026,69.0],[-53.452606600000024,69.0],[-53.45294519999999,69.0],[-53.453283699999986,69.0],[-53.453622199999984,69.0],[-53.45396069999998,69.0],[-53.4542993,69.0],[-53.4546378,69.0],[-53.4549763,69.0],[-53.4553148,69.0],[-53.45565340000002,69.0],[-53.455991900000015,69.0],[-53.45633040000001,69.0],[-53.45666890000001,69.0],[-53.457007499999975,69.0],[-53.45734599999997,69.0],[-53.45768450000003,69.0],[-53.458023000000026,69.0],[-53.458361500000024,69.0],[-53.45870009999999,69.0],[-53.459038599999985,69.0],[-53.45937709999998,69.0],[-53.45971559999998,69.0],[-53.4600542,69.0],[-53.4603927,69.0],[-53.4607312,69.0],[-53.461069699999996,69.0],[-53.461408300000016,69.0],[-53.461746800000014,69.0],[-53.46208530000001,69.0],[-53.46242380000001,69.0],[-53.462762399999974,69.0],[-53.46310089999997,69.0],[-53.46343940000003,69.0],[-53.463777900000025,69.0],[-53.46411649999999,69.0],[-53.46445499999999,69.0],[-53.464793499999985,69.0],[-53.46507680000002,69.0],[-53.46513199999998,69.0],[-53.4654706,69.0],[-53.4658091,69.0],[-53.4661476,69.0],[-53.4664861,69.0],[-53.466824599999995,69.0],[-53.467163200000016,69.0],[-53.467501700000014,69.0],[-53.46784020000001,69.0],[-53.46817870000001,69.0],[-53.468517299999974,69.0],[-53.46885579999997,69.0],[-53.46919430000003,69.0],[-53.469532800000025,69.0],[-53.46987139999999,69.0],[-53.470209899999986,69.0],[-53.470548399999984,69.0],[-53.47088689999998,69.0],[-53.4712255,69.0],[-53.471564,69.0],[-53.4719025,69.0],[-53.472241,69.0],[-53.47257960000002,69.0],[-53.472918100000015,69.0],[-53.47325660000001,69.0],[-53.47359510000001,69.0],[-53.473933699999975,69.0],[-53.47427219999997,69.0],[-53.47461070000003,69.0],[-53.474949200000026,69.0],[-53.47528779999999,69.0],[-53.47562629999999,69.0],[-53.475964799999986,69.0],[-53.476303299999984,69.0],[-53.47664179999998,69.0],[-53.4769804,69.0],[-53.47724199999999,69.0],[-53.4773189,69.0],[-53.4776574,69.0],[-53.477995899999996,69.0],[-53.47833450000002,69.0],[-53.478673000000015,69.0],[-53.47901150000001,69.0],[-53.47935000000001,69.0],[-53.479688599999974,69.0],[-53.48002709999997,69.0],[-53.48036560000003,69.0],[-53.480704100000025,69.0],[-53.48079760000002,69.0],[-53.48104269999999,69.0],[-53.48138119999999,69.0],[-53.481719699999985,69.0],[-53.48205819999998,69.0],[-53.482396800000004,69.0],[-53.4827353,69.0],[-53.4830738,69.0],[-53.4834123,69.0],[-53.48375090000002,69.0],[-53.484089400000016,69.0],[-53.484427900000014,69.0],[-53.48476640000001,69.0],[-53.48510490000001,69.0],[-53.485443499999974,69.0],[-53.48578199999997,69.0],[-53.48612050000003,69.0],[-53.486459000000025,69.0],[-53.48679759999999,69.0],[-53.48713609999999,69.0],[-53.487474599999985,69.0],[-53.48781309999998,69.0],[-53.4881517,69.0],[-53.4884902,69.0],[-53.4888287,69.0],[-53.4891672,69.0],[-53.48950580000002,69.0],[-53.489844300000016,69.0],[-53.490182800000014,69.0],[-53.49052130000001,69.0],[-53.490859899999975,69.0],[-53.49119839999997,69.0],[-53.49153690000003,69.0],[-53.491875400000026,69.0],[-53.49221399999999,69.0],[-53.49255249999999,69.0],[-53.492890999999986,69.0],[-53.493229499999984,69.0],[-53.49356799999998,69.0],[-53.4939066,69.0],[-53.4942451,69.0],[-53.4945836,69.0],[-53.4949221,69.0],[-53.49518269999999,69.0],[-53.49526070000002,69.0],[-53.495599200000015,69.0],[-53.49593770000001,69.0],[-53.49627620000001,69.0],[-53.496614799999975,69.0],[-53.49695329999997,69.0],[-53.497245599999985,69.0],[-53.49729180000003,69.0],[-53.497630300000026,69.0],[-53.49796889999999,69.0],[-53.49830739999999,69.0],[-53.498645899999985,69.0],[-53.49898439999998,69.0],[-53.499323000000004,69.0],[-53.4996615,69.0],[-53.5,69.0],[-53.5,68.9996615],[-53.5,68.999323],[-53.5,68.99898439999998],[-53.5,68.99864589999999],[-53.5,68.99830739999999],[-53.5,68.99796889999999],[-53.5,68.99763030000003],[-53.5,68.99729180000003],[-53.5,68.99695329999997],[-53.5,68.99661479999997],[-53.5,68.99627620000001],[-53.5,68.99593770000001],[-53.5,68.9957111],[-53.5,68.99559920000002],[-53.5,68.99526070000002],[-53.5,68.9949221],[-53.5,68.9945836],[-53.5,68.9942451],[-53.5,68.9939066],[-53.5,68.99356799999998],[-53.5,68.99322949999998],[-53.5,68.99289099999999],[-53.5,68.99255249999999],[-53.5,68.99221399999999],[-53.5,68.99187540000003],[-53.5,68.99153690000003],[-53.5,68.99119839999997],[-53.5,68.99085989999998],[-53.5,68.99052130000001],[-53.5,68.99018280000001],[-53.5,68.98984430000002],[-53.5,68.98950580000002],[-53.5,68.9891672],[-53.5,68.9888287],[-53.5,68.9884902],[-53.5,68.9881517],[-53.5,68.98781309999998],[-53.5,68.98747459999998],[-53.5,68.98713609999999],[-53.5,68.98679759999999],[-53.5,68.98645900000002],[-53.5,68.98612050000003],[-53.5,68.98578199999997],[-53.5,68.98544349999997],[-53.5,68.98510490000001],[-53.5,68.98476640000001],[-53.5,68.98442790000001],[-53.5,68.98408940000002],[-53.5,68.98375090000002],[-53.5,68.9834123],[-53.5,68.9830738],[-53.5,68.9827353],[-53.5,68.9823968],[-53.5,68.98205819999998],[-53.5,68.98171969999999],[-53.5,68.98138119999999],[-53.5,68.98104269999999],[-53.5,68.98070410000003],[-53.5,68.98036560000003],[-53.5,68.98002709999997],[-53.5,68.97968859999997],[-53.5,68.97935000000001],[-53.5,68.97901150000001],[-53.5,68.97867300000001],[-53.5,68.97833450000002],[-53.5,68.9779959],[-53.5,68.9776574],[-53.5,68.9773189],[-53.5,68.9769804],[-53.5,68.97664179999998],[-53.5,68.97630329999998],[-53.5,68.97596479999999],[-53.5,68.97562629999999],[-53.5,68.97528779999999],[-53.5,68.97494920000003],[-53.5,68.97461070000003],[-53.5,68.97427219999997],[-53.5,68.97393369999998],[-53.5,68.97359510000001],[-53.5,68.97325660000001],[-53.5,68.97291810000002],[-53.5,68.97257960000002],[-53.5,68.972241],[-53.5,68.9719025],[-53.5,68.971564],[-53.5,68.9712255],[-53.5,68.97088689999998],[-53.5,68.97054839999998],[-53.5,68.97020989999999],[-53.5,68.96987139999999],[-53.5,68.96953280000002],[-53.5,68.96919430000003],[-53.5,68.96885579999997],[-53.5,68.96851729999997],[-53.5,68.96817870000001],[-53.5,68.96784020000001],[-53.5,68.96750170000001],[-53.5,68.96716320000002],[-53.5,68.9668246],[-53.5,68.9664861],[-53.5,68.9661476],[-53.5,68.9658091],[-53.5,68.9654706],[-53.5,68.96513199999998],[-53.5,68.96479349999998],[-53.5,68.96445499999999],[-53.5,68.96411649999999],[-53.5,68.96377790000003],[-53.5,68.96343940000003],[-53.5,68.96310089999997],[-53.5,68.96276239999997],[-53.5,68.96242380000001],[-53.5,68.96208530000001],[-53.5,68.96174680000001],[-53.5,68.96140830000002],[-53.5,68.96128090000002],[-53.5,68.9610697],[-53.5,68.9607312],[-53.5,68.9603927],[-53.5,68.9600542],[-53.5,68.95971559999998],[-53.5,68.9596163],[-53.5,68.95937709999998],[-53.5,68.95903859999999],[-53.5,68.95870009999999],[-53.5,68.95836150000002],[-53.5,68.95802300000003],[-53.5,68.95768450000003],[-53.5,68.95734599999997],[-53.5,68.95700749999997],[-53.5,68.95666890000001],[-53.5,68.95633040000001],[-53.5,68.95599190000001],[-53.5,68.95565340000002],[-53.5,68.9553148],[-53.5,68.9549763],[-53.5,68.9546378],[-53.5,68.9542993],[-53.5,68.95396069999998],[-53.5,68.95362219999998],[-53.5,68.95328369999999],[-53.5,68.95294519999999],[-53.5,68.95260660000002],[-53.5,68.95226810000003],[-53.5,68.95192960000003],[-53.5,68.9515922],[-53.5,68.95159109999997],[-53.5,68.95125250000001],[-53.5,68.95091400000001],[-53.5,68.95057550000001],[-53.5,68.95023700000002],[-53.5,68.9498984],[-53.5,68.9495599],[-53.5,68.9492214],[-53.5,68.9488829],[-53.5,68.9485444],[-53.5,68.94820579999998],[-53.5,68.94786729999998],[-53.5,68.94752879999999],[-53.5,68.94719029999999],[-53.5,68.94685170000002],[-53.5,68.94651320000003],[-53.5,68.94617469999997],[-53.5,68.94583619999997],[-53.5,68.94549760000001],[-53.5,68.94515910000001],[-53.5,68.94482060000001],[-53.5,68.94448210000002],[-53.5,68.9441435],[-53.5,68.943805],[-53.5,68.9434665],[-53.5,68.943128],[-53.5,68.94278939999998],[-53.5,68.94245089999998],[-53.5,68.94211239999998],[-53.5,68.94177389999999],[-53.5,68.94143530000002],[-53.5,68.94109680000003],[-53.5,68.94075830000003],[-53.5,68.94041979999997],[-53.5,68.94008129999997],[-53.5,68.93974270000001],[-53.5,68.93940420000001],[-53.5,68.93906570000001],[-53.5,68.93872720000002],[-53.5,68.9383886],[-53.5,68.9380501],[-53.5,68.9377116],[-53.5,68.9373731],[-53.5,68.93703449999998],[-53.5,68.93669599999998],[-53.5,68.93635749999999],[-53.5,68.93601899999999],[-53.5,68.93568040000002],[-53.5,68.93534190000003],[-53.5,68.93500340000003],[-53.5,68.93466489999997],[-53.5,68.93432630000001],[-53.5,68.93398780000001],[-53.5,68.93364930000001],[-53.5,68.93331080000002],[-53.5,68.9329722],[-53.5,68.9326337],[-53.5,68.9322952],[-53.5,68.9319567],[-53.5,68.93161809999998],[-53.5,68.93127959999998],[-53.5,68.93094109999998],[-53.5,68.93060259999999],[-53.5,68.93026409999999],[-53.5,68.92992550000002],[-53.5,68.92958700000003],[-53.5,68.92924850000003],[-53.5,68.92890999999997],[-53.5,68.92857140000001],[-53.5,68.92823290000001],[-53.5,68.92789440000001],[-53.5,68.92755590000002],[-53.5,68.9272173],[-53.5,68.9268788],[-53.5,68.9265403],[-53.5,68.9262018],[-53.5,68.92586319999998],[-53.5,68.92552469999998],[-53.5,68.92518619999998],[-53.5,68.92484769999999],[-53.5,68.92450910000002],[-53.5,68.92417060000002],[-53.5,68.92383210000003],[-53.5,68.92349359999997],[-53.5,68.92315500000001],[-53.5,68.92281650000001],[-53.5,68.92247800000001],[-53.5,68.92213950000001],[-53.5,68.92180100000002],[-53.5,68.9214624],[-53.5,68.9211239],[-53.5,68.9207854],[-53.5,68.9204469],[-53.5,68.92010829999998],[-53.5,68.91976979999998],[-53.5,68.91943129999999],[-53.5,68.91909279999999],[-53.5,68.91875420000002],[-53.5,68.91841570000003],[-53.5,68.91807720000003],[-53.5,68.91773869999997],[-53.5,68.91740010000001],[-53.5,68.91706160000001],[-53.5,68.91672310000001],[-53.5,68.91638460000001],[-53.5,68.916046],[-53.5,68.9157075],[-53.5,68.915369],[-53.5,68.9150305],[-53.5,68.91469189999998],[-53.5,68.91435339999998],[-53.5,68.91401489999998],[-53.5,68.91367639999999],[-53.5,68.91333789999999],[-53.5,68.91299930000002],[-53.5,68.91266080000003],[-53.5,68.91232230000003],[-53.5,68.91198379999997],[-53.5,68.91164520000001],[-53.5,68.91130670000001],[-53.5,68.91096820000001],[-53.5,68.91062970000002],[-53.5,68.9102911],[-53.5,68.9099526],[-53.5,68.9096141],[-53.5,68.9092756],[-53.5,68.90893699999998],[-53.5,68.90859849999998],[-53.5,68.90825999999998],[-53.5,68.90792149999999],[-53.5,68.90758290000002],[-53.5,68.90724440000002],[-53.5,68.90690590000003],[-53.5,68.90656739999997],[-53.5,68.90622880000001],[-53.5,68.90589030000001],[-53.5,68.90555180000001],[-53.5,68.90521330000001],[-53.5,68.90487480000002],[-53.5,68.9045362],[-53.5,68.9041977],[-53.5,68.9038592],[-53.5,68.9035207],[-53.5,68.90318209999998],[-53.5,68.90284359999998],[-53.5,68.90250509999998],[-53.5,68.90216659999999],[-53.5,68.90182800000002],[-53.5,68.90148950000003],[-53.5,68.90115100000003],[-53.5,68.90081249999997],[-53.5,68.90047390000001],[-53.5,68.90013540000001],[-53.5,68.89979690000001],[-53.5,68.89945840000001],[-53.5,68.8991198],[-53.5,68.8987813],[-53.5,68.8984428],[-53.5,68.8981043],[-53.5,68.89776569999998],[-53.5,68.89742719999998],[-53.5,68.89708869999998],[-53.5,68.89675019999999],[-53.5,68.89641169999999],[-53.5,68.89607310000002],[-53.5,68.89573460000003],[-53.5,68.89539610000003],[-53.5,68.89505759999997],[-53.5,68.89471900000001],[-53.5,68.89438050000001],[-53.5,68.89404200000001],[-53.5,68.89370350000002],[-53.5,68.8933649],[-53.5,68.8930264],[-53.5,68.8926879],[-53.5,68.8923494],[-53.5,68.89201079999998],[-53.5,68.89167229999998],[-53.5,68.89133379999998],[-53.5,68.89099529999999],[-53.5,68.89065670000002],[-53.5,68.89031820000002],[-53.5,68.88997970000003],[-53.5,68.88964120000003],[-53.5,68.88930260000001],[-53.5,68.88896410000001],[-53.5,68.88862560000001],[-53.5,68.88828710000001],[-53.5,68.8879485],[-53.5,68.88761],[-53.5,68.8872715],[-53.5,68.886933],[-53.5,68.8865945],[-53.5,68.88625589999998],[-53.5,68.88591739999998],[-53.5,68.88557889999998],[-53.5,68.88524039999999],[-53.5,68.88490180000002],[-53.5,68.88456330000002],[-53.5,68.88422480000003],[-53.5,68.88388629999997],[-53.5,68.88354770000001],[-53.5,68.88320920000001],[-53.5,68.88287070000001],[-53.5,68.88253220000001],[-53.5,68.8821936],[-53.5,68.8818551],[-53.5,68.8815166],[-53.5,68.8811781],[-53.5,68.88083949999998],[-53.5,68.88050099999998],[-53.5,68.88016249999998],[-53.5,68.87982399999999],[-53.5,68.87948540000002],[-53.5,68.87914690000002],[-53.5,68.87880840000003],[-53.5,68.87846990000003],[-53.5,68.87813139999997],[-53.5,68.87779280000001],[-53.5,68.87745430000001],[-53.5,68.87711580000001],[-53.5,68.87677730000001],[-53.5,68.8764387],[-53.5,68.8761002],[-53.5,68.8757617],[-53.5,68.8754232],[-53.5,68.87508459999998],[-53.5,68.87474609999998],[-53.5,68.87440759999998],[-53.5,68.87406909999999],[-53.5,68.87373050000002],[-53.5,68.87339200000002],[-53.5,68.87305350000003],[-53.5,68.87271500000003],[-53.5,68.87255440000001],[-53.5,68.87237640000001],[-53.5,68.87203790000001],[-53.5,68.87169940000001],[-53.5,68.87136090000001],[-53.5,68.87102229999999],[-53.5,68.8706838],[-53.5,68.8703453],[-53.5,68.8700068],[-53.5,68.8696683],[-53.5,68.86932969999998],[-53.5,68.86899119999998],[-53.5,68.86865269999998],[-53.5,68.86831419999999],[-53.5,68.86797560000002],[-53.5,68.86763710000002],[-53.5,68.86729860000003],[-53.5,68.86696009999997],[-53.5,68.86662150000001],[-53.5,68.86628300000001],[-53.5,68.86594450000001],[-53.5,68.86560600000001],[-53.5,68.8652674],[-53.5,68.8649289],[-53.5,68.8645904],[-53.5,68.8642519],[-53.5,68.86391329999998],[-53.5,68.86357479999998],[-53.5,68.86323629999998],[-53.5,68.86289779999998],[-53.5,68.86255920000002],[-53.5,68.86222070000002],[-53.5,68.86188220000003],[-53.5,68.86154370000003],[-53.5,68.86120519999997],[-53.5,68.86086660000001],[-53.5,68.86052810000001],[-53.5,68.86018960000001],[-53.5,68.85985110000001],[-53.5,68.8595125],[-53.5,68.859174],[-53.5,68.8588355],[-53.5,68.858497],[-53.5,68.85815839999998],[-53.5,68.85781989999998],[-53.5,68.85748139999998],[-53.5,68.85714289999999],[-53.5,68.85680430000002],[-53.5,68.85646580000002],[-53.5,68.85612730000003],[-53.5,68.85578880000003],[-53.5,68.8554502],[-53.5,68.85511170000001],[-53.5,68.85477320000001],[-53.5,68.85443470000001],[-53.5,68.85409609999999],[-53.5,68.8537576],[-53.5,68.8534191],[-53.5,68.8530806],[-53.5,68.85274199999998],[-53.5,68.85240349999998],[-53.5,68.85206499999998],[-53.5,68.85172649999998],[-53.5,68.85138799999999],[-53.5,68.85104940000002],[-53.5,68.85071090000002],[-53.5,68.85037240000003],[-53.5,68.85003390000003],[-53.5,68.84969530000001],[-53.5,68.84935680000001],[-53.5,68.84901830000001],[-53.5,68.84867980000001],[-53.5,68.8483412],[-53.5,68.8480027],[-53.5,68.8476642],[-53.5,68.8473257],[-53.5,68.84698709999998],[-53.5,68.84664859999998],[-53.5,68.84631009999998],[-53.5,68.84597159999998],[-53.5,68.84563300000002],[-53.5,68.84529450000002],[-53.5,68.84495600000002],[-53.5,68.84461750000003],[-53.5,68.8442789],[-53.5,68.84394040000001],[-53.5,68.84360190000001],[-53.5,68.84326340000001],[-53.5,68.84292490000001],[-53.5,68.8425863],[-53.5,68.8422478],[-53.5,68.8419093],[-53.5,68.8415708],[-53.5,68.84123219999998],[-53.5,68.84089369999998],[-53.5,68.84055519999998],[-53.5,68.84021669999998],[-53.5,68.83987810000002],[-53.5,68.83953960000002],[-53.5,68.83927269999998],[-53.5,68.83920110000003],[-53.5,68.83886260000003],[-53.5,68.838524],[-53.5,68.83818550000001],[-53.5,68.838164],[-53.5,68.83784700000001],[-53.5,68.83750850000001],[-53.5,68.83716989999999],[-53.5,68.8368314],[-53.5,68.8364929],[-53.5,68.8364128],[-53.5,68.8361544],[-53.5,68.83581579999998],[-53.5,68.83547729999998],[-53.5,68.83513879999998],[-53.5,68.83480029999998],[-53.5,68.83446179999999],[-53.5,68.83412320000002],[-53.5,68.83378470000002],[-53.5,68.83344620000003],[-53.5,68.83310770000003],[-53.5,68.83276910000001],[-53.5,68.83243060000001],[-53.5,68.83209210000001],[-53.5,68.83175360000001],[-53.5,68.83141499999999],[-53.5,68.8310765],[-53.5,68.830738],[-53.5,68.8303995],[-53.5,68.83006089999998],[-53.5,68.82972239999998],[-53.5,68.82938389999998],[-53.5,68.82904539999998],[-53.5,68.82870680000002],[-53.5,68.82836830000002],[-53.5,68.82802980000002],[-53.5,68.82769130000003],[-53.5,68.8273527],[-53.5,68.82701420000001],[-53.5,68.82667570000001],[-53.5,68.82633720000001],[-53.5,68.82599870000001],[-53.5,68.8256601],[-53.5,68.8253216],[-53.5,68.8249831],[-53.5,68.8246446],[-53.5,68.82430599999998],[-53.5,68.82396749999998],[-53.5,68.82362899999998],[-53.5,68.82329049999998],[-53.5,68.82295190000002],[-53.5,68.82261340000002],[-53.5,68.82227490000002],[-53.5,68.82193640000003],[-53.5,68.8215978],[-53.5,68.82125930000001],[-53.5,68.82092080000001],[-53.5,68.82058230000001],[-53.5,68.82024369999999],[-53.5,68.8199052],[-53.5,68.8195667],[-53.5,68.8192282],[-53.5,68.81888959999998],[-53.5,68.81855109999998],[-53.5,68.81821259999998],[-53.5,68.81787409999998],[-53.5,68.81753559999999],[-53.5,68.81719700000002],[-53.5,68.81685850000002],[-53.5,68.81652000000003],[-53.5,68.81618150000003],[-53.5,68.8158429],[-53.5,68.81550440000001],[-53.5,68.81516590000001],[-53.5,68.81482740000001],[-53.5,68.81448879999999],[-53.5,68.8141503],[-53.5,68.8138118],[-53.5,68.8134733],[-53.5,68.81313469999998],[-53.5,68.81279619999998],[-53.5,68.81245769999998],[-53.5,68.81211919999998],[-53.5,68.81178060000002],[-53.5,68.81144210000002],[-53.5,68.81110360000002],[-53.5,68.81076510000003],[-53.5,68.8104265],[-53.5,68.81008800000001],[-53.5,68.80974950000001],[-53.5,68.80941100000001],[-53.5,68.80907239999999],[-53.5,68.8087339],[-53.5,68.8083954],[-53.5,68.8080569],[-53.5,68.8077184],[-53.5,68.80737979999998],[-53.5,68.80704129999998],[-53.5,68.80670279999998],[-53.5,68.80636429999998],[-53.5,68.80602570000002],[-53.5,68.80568720000002],[-53.5,68.80534870000002],[-53.5,68.80501020000003],[-53.5,68.8046716],[-53.5,68.80433310000001],[-53.5,68.80399460000001],[-53.5,68.80365610000001],[-53.5,68.80331749999999],[-53.5,68.802979],[-53.5,68.8026405],[-53.5,68.802302],[-53.5,68.80196339999998],[-53.5,68.80162489999998],[-53.5,68.80128639999998],[-53.5,68.80094789999998],[-53.5,68.80060930000002],[-53.5,68.80027080000002],[-53.5,68.79993230000002],[-53.5,68.79959380000003],[-53.5,68.79925530000003],[-53.5,68.7989167],[-53.5,68.79857820000001],[-53.5,68.79823970000001],[-53.5,68.79790120000001],[-53.5,68.79756259999999],[-53.5,68.7972241],[-53.5,68.7968856],[-53.5,68.7965471],[-53.5,68.79620849999998],[-53.5,68.79586999999998],[-53.5,68.79553149999998],[-53.5,68.79519299999998],[-53.5,68.79485440000002],[-53.5,68.79451590000002],[-53.5,68.79417740000002],[-53.5,68.79383890000003],[-53.5,68.7935003],[-53.5,68.79316180000001],[-53.5,68.79314260000001],[-53.5,68.79282330000001],[-53.5,68.79248480000001],[-53.5,68.79214619999999],[-53.5,68.79180769999999],[-53.5,68.7914692],[-53.5,68.7911307],[-53.5,68.7907922],[-53.5,68.79045359999998],[-53.5,68.79011509999998],[-53.5,68.78977659999998],[-53.5,68.78943809999998],[-53.5,68.78909950000002],[-53.5,68.78876100000002],[-53.5,68.78842250000002],[-53.5,68.78808400000003],[-53.5,68.7877454],[-53.5,68.78740690000001],[-53.5,68.78706840000001],[-53.5,68.78672990000001],[-53.5,68.78639129999999],[-53.5,68.7860528],[-53.5,68.78597869999999],[-53.5,68.78577239999998],[-53.5,68.7857143],[-53.5,68.7853758],[-53.5,68.78536589999999],[-53.5,68.78503719999998],[-53.5,68.78495939999999],[-53.5,68.78469869999998],[-53.5,68.7845529],[-53.5,68.78436019999998],[-53.5,68.78414629999997],[-53.5,68.78402169999998],[-53.5,68.78373979999998],[-53.5,68.78368940000001],[-53.5,68.78368310000002],[-53.5,68.78334460000002],[-53.5,68.78333329999998],[-53.5,68.78300610000002],[-53.5,68.78292679999998],[-53.5,68.78266760000002],[-53.5,68.78252029999999],[-53.5,68.78232910000003],[-53.5,68.78211379999999],[-53.5,68.78209179999999],[-53.5,68.7819905],[-53.5,68.7817073],[-53.5,68.78165200000001],[-53.5,68.78131350000001],[-53.5,68.7813008],[-53.5,68.78097500000001],[-53.5,68.7808943],[-53.5,68.78063639999999],[-53.5,68.7804878],[-53.5,68.7802979],[-53.5,68.7800813],[-53.5,68.7799594],[-53.5,68.77967480000001],[-53.5,68.7796209],[-53.5,68.77928229999998],[-53.5,68.77926830000001],[-53.5,68.77894379999998],[-53.5,68.77886180000002],[-53.5,68.77860529999998],[-53.5,68.77845530000002],[-53.5,68.77826679999998],[-53.5,68.77804880000002],[-53.5,68.77792820000002],[-53.5,68.77764230000002],[-53.5,68.77758970000002],[-53.5,68.77737280000002],[-53.5,68.77725120000002],[-53.5,68.77723580000003],[-53.5,68.77691270000003],[-53.5,68.77682929999997],[-53.5,68.7765741],[-53.5,68.77642279999998],[-53.5,68.7762356],[-53.5,68.77601629999998],[-53.5,68.77589710000001],[-53.5,68.77560979999998],[-53.5,68.77555860000001],[-53.5,68.77521999999999],[-53.5,68.77520329999999],[-53.5,68.77488149999999],[-53.5,68.77479679999999],[-53.5,68.774543],[-53.5,68.77439020000003],[-53.5,68.7742045],[-53.5,68.77398369999997],[-53.5,68.77386589999998],[-53.5,68.77357719999998],[-53.5,68.77352739999998],[-53.5,68.77318889999998],[-53.5,68.77317069999998],[-53.5,68.77306909999999],[-53.5,68.77285039999998],[-53.5,68.77276419999998],[-53.5,68.77251189999998],[-53.5,68.77235769999999],[-53.5,68.77217330000002],[-53.5,68.77195119999999],[-53.5,68.77183480000002],[-53.5,68.77154469999999],[-53.5,68.77149630000002],[-53.5,68.7712699],[-53.5,68.77115780000003],[-53.5,68.7711382],[-53.5,68.7708192],[-53.5,68.7707317],[-53.5,68.77048070000001],[-53.5,68.7703252],[-53.5,68.77014220000001],[-53.5,68.7699187],[-53.5,68.76980370000001],[-53.5,68.76951220000001],[-53.5,68.76946509999999],[-53.5,68.76912659999999],[-53.5,68.76910570000001],[-53.5,68.7687881],[-53.5,68.76869920000001],[-53.5,68.76868250000001],[-53.5,68.7684496],[-53.5,68.768415],[-53.5,68.76829270000002],[-53.5,68.76821699999999],[-53.5,68.76811099999998],[-53.5,68.7679794],[-53.5,68.76788620000002],[-53.5,68.76777249999998],[-53.5,68.76757650000002],[-53.5,68.76747970000002],[-53.5,68.76743399999998],[-53.5,68.76727920000002],[-53.5,68.76725379999999],[-53.5,68.76709549999998],[-53.5,68.76675690000002],[-53.5,68.76641840000002],[-53.5,68.76607990000002],[-53.5,68.76574140000002],[-53.5,68.76573780000001],[-53.5,68.76544719999998],[-53.5,68.7654028],[-53.5,68.7650643],[-53.5,68.76504069999999],[-53.5,68.76472580000001],[-53.5,68.76463419999999],[-53.5,68.76438730000001],[-53.5,68.76422760000003],[-53.5,68.76404880000001],[-53.5,68.76382109999997],[-53.5,68.76371019999999],[-53.5,68.76341459999998],[-53.5,68.7633717],[-53.5,68.7630332],[-53.5,68.76300809999998],[-53.5,68.7626947],[-53.5,68.76260159999998],[-53.5,68.76235609999998],[-53.5,68.76219509999999],[-53.5,68.76201759999998],[-53.5,68.76178859999999],[-53.5,68.76167909999998],[-53.5,68.76138209999999],[-53.5,68.76134059999998],[-53.5,68.76100200000002],[-53.5,68.7609756],[-53.5,68.76066350000002],[-53.5,68.7605691],[-53.5,68.76032500000002],[-53.5,68.7601626],[-53.5,68.75998650000002],[-53.5,68.7597561],[-53.5,68.7596479],[-53.5,68.75934960000001],[-53.5,68.7593094],[-53.5,68.75928240000002],[-53.5,68.75897090000001],[-53.5,68.75894310000001],[-53.5,68.75863240000001],[-53.5,68.75853660000001],[-53.5,68.75829379999999],[-53.5,68.75813010000002],[-53.5,68.75795529999999],[-53.5,68.75772360000002],[-53.5,68.7576168],[-53.5,68.75731710000002],[-53.5,68.7572783],[-53.5,68.75693969999998],[-53.5,68.75691060000003],[-53.5,68.75660119999998],[-53.5,68.75650409999997],[-53.5,68.75626269999998],[-53.5,68.75609759999998],[-53.5,68.75592419999998],[-53.5,68.75569109999998],[-53.5,68.75558569999998],[-53.5,68.75528459999998],[-53.5,68.75524710000002],[-53.5,68.75490860000002],[-53.5,68.75487809999998],[-53.5,68.75457010000002],[-53.5,68.75447150000002],[-53.5,68.75423160000003],[-53.5,68.75406500000003],[-53.5,68.7540146],[-53.5,68.753893],[-53.5,68.7535545],[-53.5,68.75321600000001],[-53.5,68.75287750000001],[-53.5,68.75253889999999],[-53.5,68.75220039999999],[-53.5,68.7518619],[-53.5,68.7515234],[-53.5,68.75118479999998],[-53.5,68.75084629999998],[-53.5,68.75050779999998],[-53.5,68.75016929999998],[-53.5,68.74983070000002],[-53.5,68.74949220000002],[-53.5,68.74915370000002],[-53.5,68.74881520000002],[-53.5,68.7484766],[-53.5,68.7481381],[-53.5,68.74779960000001],[-53.5,68.74746110000001],[-53.5,68.74712260000001],[-53.5,68.74678399999999],[-53.5,68.7464455],[-53.5,68.746107],[-53.5,68.7457685],[-53.5,68.74542989999998],[-53.5,68.74509139999998],[-53.5,68.74475289999998],[-53.5,68.74441439999998],[-53.5,68.74407580000002],[-53.5,68.74373730000002],[-53.5,68.74339880000002],[-53.5,68.74306030000002],[-53.5,68.7427217],[-53.5,68.7423832],[-53.5,68.74204470000001],[-53.5,68.74170620000001],[-53.5,68.74136759999999],[-53.5,68.74102909999999],[-53.5,68.7406906],[-53.5,68.7403521],[-53.5,68.74001349999998],[-53.5,68.73967499999998],[-53.5,68.73933649999998],[-53.5,68.73899799999998],[-53.5,68.73865940000002],[-53.5,68.73832090000002],[-53.5,68.73798240000002],[-53.5,68.73764390000002],[-53.5,68.73730540000003],[-53.5,68.7369668],[-53.5,68.7366283],[-53.5,68.73628980000001],[-53.5,68.73595130000001],[-53.5,68.73561269999999],[-53.5,68.73527419999999],[-53.5,68.7349357],[-53.5,68.7345972],[-53.5,68.73425859999998],[-53.5,68.73392009999998],[-53.5,68.73358159999998],[-53.5,68.73324309999998],[-53.5,68.73290450000002],[-53.5,68.73256600000002],[-53.5,68.73222750000002],[-53.5,68.73188900000002],[-53.5,68.7315504],[-53.5,68.7312119],[-53.5,68.73087340000001],[-53.5,68.73053490000001],[-53.5,68.73019629999999],[-53.5,68.72985779999999],[-53.5,68.72951929999999],[-53.5,68.72950329999998],[-53.5,68.7291808],[-53.5,68.72917619999998],[-53.5,68.7288423],[-53.5,68.72850369999998],[-53.5,68.72816519999998],[-53.5,68.72782669999998],[-53.5,68.72748819999998],[-53.5,68.72714960000002],[-53.5,68.72681110000002],[-53.5,68.72647260000002],[-53.5,68.72613410000002],[-53.5,68.7257955],[-53.5,68.725457],[-53.5,68.72511850000001],[-53.5,68.72478000000001],[-53.5,68.72444139999999],[-53.5,68.72410289999999],[-53.5,68.7237644],[-53.5,68.7234259],[-53.5,68.72308729999997],[-53.5,68.72274879999998],[-53.5,68.72241029999998],[-53.5,68.72207179999998],[-53.5,68.72173320000002],[-53.5,68.72139470000002],[-53.5,68.72105620000002],[-53.5,68.72071770000002],[-53.5,68.72037920000002],[-53.5,68.7200406],[-53.5,68.7197021],[-53.5,68.71936360000001],[-53.5,68.71902510000001],[-53.5,68.71868649999999],[-53.5,68.71834799999999],[-53.5,68.7180095],[-53.5,68.717671],[-53.5,68.71733239999998],[-53.5,68.71699389999998],[-53.5,68.71665539999998],[-53.5,68.71631689999998],[-53.5,68.71597830000002],[-53.5,68.71563980000002],[-53.5,68.71530130000002],[-53.5,68.71496280000002],[-53.5,68.7146242],[-53.5,68.7142857],[-53.5,68.7139472],[-53.5,68.71360870000001],[-53.5,68.71327009999999],[-53.5,68.71293159999999],[-53.5,68.71259309999999],[-53.5,68.7122546],[-53.5,68.7119161],[-53.5,68.71157749999998],[-53.5,68.71123899999998],[-53.5,68.71090049999998],[-53.5,68.71056199999998],[-53.5,68.71022340000002],[-53.5,68.70988490000002],[-53.5,68.70954640000002],[-53.5,68.70920790000002],[-53.5,68.7088693],[-53.5,68.7085308],[-53.5,68.70819230000001],[-53.5,68.70785380000001],[-53.5,68.70751519999999],[-53.5,68.70717669999999],[-53.5,68.70683819999999],[-53.5,68.7064997],[-53.5,68.70616109999997],[-53.5,68.70582259999998],[-53.5,68.70548409999998],[-53.5,68.70514559999998],[-53.5,68.70480700000002],[-53.5,68.70446850000002],[-53.5,68.70413000000002],[-53.5,68.70379150000002],[-53.5,68.70345300000002],[-53.5,68.7031144],[-53.5,68.7027759],[-53.5,68.70243740000001],[-53.5,68.70209890000001],[-53.5,68.70176029999999],[-53.5,68.70142179999999],[-53.5,68.7010833],[-53.5,68.7007448],[-53.5,68.70040619999997],[-53.5,68.70006769999998],[-53.5,68.69972919999998],[-53.5,68.69939069999998],[-53.5,68.69905210000002],[-53.5,68.69871360000002],[-53.5,68.69837510000002],[-53.5,68.69803660000002],[-53.5,68.697698],[-53.5,68.6973595],[-53.5,68.697021],[-53.5,68.69668250000001],[-53.5,68.69634389999999],[-53.5,68.69600539999999],[-53.5,68.69566689999999],[-53.5,68.6953284],[-53.5,68.69498979999997],[-53.5,68.69465129999998],[-53.5,68.69444140000002],[-53.5,68.69431279999998],[-53.5,68.69397429999998],[-53.5,68.69391130000002],[-53.5,68.69363579999998],[-53.5,68.69329720000002],[-53.5,68.69295870000002],[-53.5,68.69262020000002],[-53.5,68.69228170000002],[-53.5,68.6919431],[-53.5,68.6916046],[-53.5,68.6912661],[-53.5,68.69092760000001],[-53.5,68.69058899999999],[-53.5,68.69025049999999],[-53.5,68.68991199999999],[-53.5,68.6895735],[-53.5,68.68923489999997],[-53.5,68.68889639999998],[-53.5,68.68855789999998],[-53.5,68.68831069999999],[-53.5,68.68821939999998],[-53.5,68.68788080000002],[-53.5,68.68754230000002],[-53.5,68.68720380000002],[-53.5,68.68686530000002],[-53.5,68.6865267],[-53.5,68.6861882],[-53.5,68.6858497],[-53.5,68.68551120000001],[-53.5,68.68517270000001],[-53.5,68.68483409999999],[-53.5,68.68449559999999],[-53.5,68.6841571],[-53.5,68.6838186],[-53.5,68.68347999999997],[-53.5,68.68314149999998],[-53.5,68.68280299999998],[-53.5,68.68246449999998],[-53.5,68.68212590000002],[-53.5,68.68178740000002],[-53.5,68.68144890000002],[-53.5,68.68111040000002],[-53.5,68.6810888],[-53.5,68.6807718],[-53.5,68.6804333],[-53.5,68.6800948],[-53.5,68.67975630000001],[-53.5,68.67941769999999],[-53.5,68.67907919999999],[-53.5,68.67874069999999],[-53.5,68.6784022],[-53.5,68.67806359999997],[-53.5,68.67772509999998],[-53.5,68.67738659999998],[-53.5,68.67704809999998],[-53.5,68.67670959999998],[-53.5,68.67653530000001],[-53.5,68.67637100000002],[-53.5,68.67603250000002],[-53.5,68.67569400000002],[-53.5,68.67535550000002],[-53.5,68.6750169],[-53.5,68.6746784],[-53.5,68.6743399],[-53.5,68.67425309999999],[-53.5,68.67400140000001],[-53.5,68.67366279999999],[-53.5,68.67332429999999],[-53.5,68.67298579999999],[-53.5,68.6726473],[-53.5,68.67230869999997],[-53.5,68.67197019999998],[-53.5,68.67163169999998],[-53.5,68.67129319999998],[-53.5,68.67095460000002],[-53.5,68.67087759999998],[-53.5,68.67061610000002],[-53.5,68.67027760000002],[-53.5,68.66993910000002],[-53.5,68.6696005],[-53.5,68.669262],[-53.5,68.6689235],[-53.5,68.66858500000001],[-53.5,68.66824650000001],[-53.5,68.66790789999999],[-53.5,68.66756939999999],[-53.5,68.66723089999999],[-53.5,68.6668924],[-53.5,68.66655379999997],[-53.5,68.66621529999998],[-53.5,68.66587679999998],[-53.5,68.66553829999998],[-53.5,68.66519970000002],[-53.5,68.66486120000002],[-53.5,68.66452270000002],[-53.5,68.66418420000002],[-53.5,68.6638456],[-53.5,68.6635071],[-53.5,68.6631686],[-53.5,68.66283010000001],[-53.5,68.66249149999999],[-53.5,68.66215299999999],[-53.5,68.66181449999999],[-53.5,68.661476],[-53.5,68.66113739999997],[-53.5,68.66079889999997],[-53.5,68.66046039999998],[-53.5,68.66012189999998],[-53.5,68.66008449999998],[-53.5,68.65978330000002],[-53.5,68.65944480000002],[-53.5,68.65910630000002],[-53.5,68.65876780000002],[-53.5,68.65842930000002],[-53.5,68.6580907],[-53.5,68.6577522],[-53.5,68.6574137],[-53.5,68.65707520000001],[-53.5,68.65673659999999],[-53.5,68.65639809999999],[-53.5,68.65605959999999],[-53.5,68.6557211],[-53.5,68.65538249999997],[-53.5,68.65504399999998],[-53.5,68.65470549999998],[-53.5,68.65436699999998],[-53.5,68.65402840000002],[-53.5,68.65368990000002],[-53.5,68.65335140000002],[-53.5,68.65301290000002],[-53.5,68.6526743],[-53.5,68.6523358],[-53.5,68.6519973],[-53.5,68.6516588],[-53.5,68.65132019999999],[-53.5,68.65098169999999],[-53.5,68.65064319999999],[-53.5,68.65030469999999],[-53.5,68.6499662],[-53.5,68.64962759999997],[-53.5,68.64928909999998],[-53.5,68.64895059999998],[-53.5,68.64861209999998],[-53.5,68.64827350000002],[-53.5,68.64793500000002],[-53.5,68.64759650000002],[-53.5,68.64725800000002],[-53.5,68.6469194],[-53.5,68.6465809],[-53.5,68.6462424],[-53.5,68.64590390000001],[-53.5,68.64556529999999],[-53.5,68.64522679999999],[-53.5,68.64488829999999],[-53.5,68.6445498],[-53.5,68.64421119999997],[-53.5,68.64387269999997],[-53.5,68.64353419999998],[-53.5,68.64319569999998],[-53.5,68.64295499999997],[-53.5,68.64285710000001],[-53.5,68.64251860000002],[-53.5,68.64218010000002],[-53.5,68.64184160000002],[-53.5,68.64150310000002],[-53.5,68.6411645],[-53.5,68.640826],[-53.5,68.64054779999998],[-53.5,68.6404875],[-53.5,68.64014900000001],[-53.5,68.63981039999999],[-53.5,68.63947189999999],[-53.5,68.63913339999999],[-53.5,68.6387949],[-53.5,68.63845629999997],[-53.5,68.63811779999997],[-53.5,68.63777929999998],[-53.5,68.63744079999998],[-53.5,68.63710220000002],[-53.5,68.63676370000002],[-53.5,68.63642520000002],[-53.5,68.63608670000002],[-53.5,68.6357481],[-53.5,68.6354096],[-53.5,68.6350711],[-53.5,68.6347326],[-53.5,68.63443690000003],[-53.5,68.63439399999999],[-53.5,68.63405549999999],[-53.5,68.63383160000001],[-53.5,68.63371699999999],[-53.5,68.63337849999999],[-53.5,68.63304],[-53.5,68.63270139999997],[-53.5,68.63236289999998],[-53.5,68.63202439999998],[-53.5,68.63189890000001],[-53.5,68.63168589999998],[-53.5,68.63134730000002],[-53.5,68.63100880000002],[-53.5,68.63067030000002],[-53.5,68.63033180000002],[-53.5,68.6299932],[-53.5,68.62975699999998],[-53.5,68.6296547],[-53.5,68.6293162],[-53.5,68.62897770000001],[-53.5,68.62863909999999],[-53.5,68.62830059999999],[-53.5,68.628063],[-53.5,68.62796209999999],[-53.5,68.62762359999999],[-53.5,68.62728499999997],[-53.5,68.62694649999997],[-53.5,68.62660799999998],[-53.5,68.62626949999998],[-53.5,68.62593090000001],[-53.5,68.62559240000002],[-53.5,68.62525390000002],[-53.5,68.62491540000002],[-53.5,68.6245768],[-53.5,68.62439360000002],[-53.5,68.6242383],[-53.5,68.6238998],[-53.5,68.6235613],[-53.5,68.62322280000001],[-53.5,68.62288419999999],[-53.5,68.62254569999999],[-53.5,68.62220719999999],[-53.5,68.6218687],[-53.5,68.62167729999999],[-53.5,68.62153009999997],[-53.5,68.62119159999997],[-53.5,68.62085309999998],[-53.5,68.62063030000002],[-53.5,68.62051459999998],[-53.5,68.62017600000001],[-53.5,68.61997530000002],[-53.5,68.61983750000002],[-53.5,68.61949900000002],[-53.5,68.6192165],[-53.5,68.61916050000002],[-53.5,68.6188219],[-53.5,68.6184834],[-53.5,68.6181449],[-53.5,68.6178064],[-53.5,68.61746779999999],[-53.5,68.61712929999999],[-53.5,68.61688179999999],[-53.5,68.61679079999999],[-53.5,68.6167261],[-53.5,68.61645229999999],[-53.5,68.61640940000001],[-53.5,68.61623559999998],[-53.5,68.61611370000003],[-53.5,68.61577519999997],[-53.5,68.61543669999998],[-53.5,68.61509819999998],[-53.5,68.61475969999998],[-53.5,68.61442110000002],[-53.5,68.61416350000002],[-53.5,68.61408260000002],[-53.5,68.61374410000002],[-53.5,68.61361570000003],[-53.5,68.61340560000002],[-53.5,68.613067],[-53.5,68.6127285],[-53.5,68.61271060000001],[-53.5,68.61239],[-53.5,68.6120515],[-53.5,68.61171289999999],[-53.5,68.61137439999999],[-53.5,68.61103589999999],[-53.5,68.61093399999999],[-53.5,68.61069739999999],[-53.5,68.61035879999997],[-53.5,68.61002029999997],[-53.5,68.60968179999998],[-53.5,68.60934329999998],[-53.5,68.60900470000001],[-53.5,68.60866620000002],[-53.5,68.60832770000002],[-53.5,68.60798920000002],[-53.5,68.6076506],[-53.5,68.6073121],[-53.5,68.6069736],[-53.5,68.6066351],[-53.5,68.60629660000001],[-53.5,68.60595799999999],[-53.5,68.60561949999999],[-53.5,68.60528099999999],[-53.5,68.60494249999999],[-53.5,68.60460389999997],[-53.5,68.60426539999997],[-53.5,68.60392689999998],[-53.5,68.60358839999998],[-53.5,68.60324980000001],[-53.5,68.60291130000002],[-53.5,68.60257280000002],[-53.5,68.60223430000002],[-53.5,68.6018957],[-53.5,68.6015572],[-53.5,68.6012187],[-53.5,68.6008802],[-53.5,68.60054159999999],[-53.5,68.60020309999999],[-53.5,68.59986459999999],[-53.5,68.59952609999999],[-53.5,68.59918750000003],[-53.5,68.59884899999997],[-53.5,68.59851049999997],[-53.5,68.59817199999998],[-53.5,68.59783349999998],[-53.5,68.59749490000002],[-53.5,68.59715640000002],[-53.5,68.59681790000002],[-53.5,68.59647940000002],[-53.5,68.5961408],[-53.5,68.5958023],[-53.5,68.5954638],[-53.5,68.5951253],[-53.5,68.59478669999999],[-53.5,68.59444819999999],[-53.5,68.59410969999999],[-53.5,68.59377119999999],[-53.5,68.59343260000003],[-53.5,68.59309409999997],[-53.5,68.59275559999998],[-53.5,68.59241709999998],[-53.5,68.59207850000001],[-53.5,68.59174000000002],[-53.5,68.5915152],[-53.5,68.59140150000002],[-53.5,68.59106300000002],[-53.5,68.5907244],[-53.5,68.5903859],[-53.5,68.5900474],[-53.5,68.5897089],[-53.5,68.5893704],[-53.5,68.58903179999999],[-53.5,68.58892850000001],[-53.5,68.58869329999999],[-53.5,68.58835479999999],[-53.5,68.58801629999999],[-53.5,68.58767769999997],[-53.5,68.58733919999997],[-53.5,68.58700069999998],[-53.5,68.58666219999998],[-53.5,68.58632360000001],[-53.5,68.58598510000002],[-53.5,68.58564660000002],[-53.5,68.58530810000002],[-53.5,68.5849695],[-53.5,68.584631],[-53.5,68.5842925],[-53.5,68.583954],[-53.5,68.58361539999999],[-53.5,68.58327689999999],[-53.5,68.58293839999999],[-53.5,68.58259989999999],[-53.5,68.58226130000003],[-53.5,68.58192279999997],[-53.5,68.58158429999997],[-53.5,68.58124579999998],[-53.5,68.58090720000001],[-53.5,68.58056870000001],[-53.5,68.58023020000002],[-53.5,68.5799465],[-53.5,68.5779033],[-53.5,68.57786049999999],[-53.5,68.57752199999999],[-53.5,68.57718349999999],[-53.5,68.57684499999999],[-53.5,68.57650640000003],[-53.5,68.57616789999997],[-53.5,68.57582939999998],[-53.5,68.57549089999998],[-53.5,68.57515230000001],[-53.5,68.57481380000002],[-53.5,68.57447530000002],[-53.5,68.57413680000002],[-53.5,68.5737982],[-53.5,68.5734597],[-53.5,68.5731212],[-53.5,68.5727827],[-53.5,68.57244409999998],[-53.5,68.57210559999999],[-53.5,68.57176709999999],[-53.5,68.57142859999999],[-53.5,68.57109009999999],[-53.5,68.57075149999997],[-53.5,68.57041299999997],[-53.5,68.57007449999998],[-53.5,68.56973599999998],[-53.5,68.56939740000001],[-53.5,68.56905890000002],[-53.5,68.56877550000002],[-53.5,68.56828300000001],[-53.5,68.5680433],[-53.5,68.56785580000002],[-53.5,68.56775920000001],[-53.5,68.5677048],[-53.5,68.5673663],[-53.5,68.5670278],[-53.5,68.56668919999998],[-53.5,68.56635069999999],[-53.5,68.5661318],[-53.5,68.56601219999999],[-53.5,68.56567369999999],[-53.5,68.56533510000003],[-53.5,68.56499659999997],[-53.5,68.56465809999997],[-53.5,68.56431959999998],[-53.5,68.56398100000001],[-53.5,68.56364250000001],[-53.5,68.56330400000002],[-53.5,68.56296550000002],[-53.5,68.56262700000002],[-53.5,68.5622884],[-53.5,68.5621913],[-53.5,68.5619499],[-53.5,68.5616114],[-53.5,68.5612729],[-53.5,68.56093429999999],[-53.5,68.56059579999999],[-53.5,68.56036269999998],[-53.5,68.56025729999999],[-53.5,68.55991879999999],[-53.5,68.55958020000003],[-53.5,68.55924169999997],[-53.5,68.55890319999997],[-53.5,68.55856469999998],[-53.5,68.55822610000001],[-53.5,68.55788760000002],[-53.5,68.55754910000002],[-53.5,68.55737290000002],[-53.5,68.55732469999998],[-53.5,68.55721060000002],[-53.5,68.556872],[-53.5,68.5565335],[-53.5,68.556195],[-53.5,68.5558565],[-53.5,68.55551789999998],[-53.5,68.55517939999999],[-53.5,68.55484089999999],[-53.5,68.55450239999999],[-53.5,68.55416389999999],[-53.5,68.55382530000003],[-53.5,68.55348679999997],[-53.5,68.55314829999998],[-53.5,68.55280979999998],[-53.5,68.55247120000001],[-53.5,68.55213270000002],[-53.5,68.55179420000002],[-53.5,68.55149799999998],[-53.5,68.55149219999998],[-53.5,68.55145570000002],[-53.5,68.5511171],[-53.5,68.5507786],[-53.5,68.5504401],[-53.5,68.5501016],[-53.5,68.54976299999998],[-53.5,68.54942449999999],[-53.5,68.54908599999999],[-53.5,68.54874749999999],[-53.5,68.54840890000003],[-53.5,68.54807039999997],[-53.5,68.54773189999997],[-53.5,68.54739339999998],[-53.5,68.54705480000001],[-53.5,68.54671630000001],[-53.5,68.54663190000002],[-53.5,68.54661349999998],[-53.5,68.54637780000002],[-53.5,68.54603930000002],[-53.5,68.5457007],[-53.5,68.5453622],[-53.5,68.5450237],[-53.5,68.5446852],[-53.5,68.5443467],[-53.5,68.54400809999999],[-53.5,68.54394980000001],[-53.5,68.54393190000002],[-53.5,68.54366959999999],[-53.5,68.5435612],[-53.5,68.54347519999999],[-53.5,68.54333109999999],[-53.5,68.54322230000002],[-53.5,68.5430945],[-53.5,68.54053770000002],[-53.5,68.53867050000002],[-53.5,68.53713809999999],[-53.5,68.53689910000003],[-53.5,68.53656059999997],[-53.5,68.53622209999997],[-53.5,68.53588359999998],[-53.5,68.53554500000001],[-53.5,68.53520650000002],[-53.5,68.53486800000002],[-53.5,68.53452950000002],[-53.5,68.5341909],[-53.5,68.5338524],[-53.5,68.53369149999997],[-53.5,68.5335139],[-53.5,68.5331754],[-53.5,68.5331033],[-53.5,68.53283679999998],[-53.5,68.53249829999999],[-53.5,68.53215979999999],[-53.5,68.53182129999999],[-53.5,68.53148270000003],[-53.5,68.53114420000003],[-53.5,68.53080569999997],[-53.5,68.53046719999998],[-53.5,68.53012860000001],[-53.5,68.52979010000001],[-53.5,68.52945160000002],[-53.5,68.52911310000002],[-53.5,68.5287745],[-53.5,68.528436],[-53.5,68.5280975],[-53.5,68.527759],[-53.5,68.5274205],[-53.5,68.52739939999998],[-53.5,68.52734320000002],[-53.5,68.52708189999998],[-53.5,68.52674339999999],[-53.5,68.52640489999999],[-53.5,68.52606639999999],[-53.5,68.52572780000003],[-53.5,68.52538929999997],[-53.5,68.52535390000003],[-53.5,68.52534179999998],[-53.5,68.52505079999997],[-53.5,68.5249387],[-53.5,68.52471229999998],[-53.5,68.52437370000001],[-53.5,68.52403520000001],[-53.5,68.52369670000002],[-53.5,68.52335820000002],[-53.5,68.5230196],[-53.5,68.5226811],[-53.5,68.5223426],[-53.5,68.5220041],[-53.5,68.52166549999998],[-53.5,68.52132699999999],[-53.5,68.52098849999999],[-53.5,68.52064999999999],[-53.5,68.52031140000003],[-53.5,68.51997290000003],[-53.5,68.51963439999997],[-53.5,68.51929589999997],[-53.5,68.51895739999998],[-53.5,68.51861880000001],[-53.5,68.51828030000001],[-53.5,68.51794180000002],[-53.5,68.51760330000002],[-53.5,68.5172647],[-53.5,68.5169262],[-53.5,68.5165877],[-53.5,68.5162492],[-53.5,68.51591059999998],[-53.5,68.51557209999999],[-53.5,68.51523359999999],[-53.5,68.51508630000001],[-53.5,68.51489509999999],[-53.5,68.51455650000003],[-53.5,68.51421800000003],[-53.5,68.51401629999998],[-53.5,68.51387949999997],[-53.5,68.5136531],[-53.5,68.51354099999998],[-53.5,68.5135406],[-53.5,68.51320240000001],[-53.5,68.51289489999999],[-53.5,68.51286390000001],[-53.5,68.51271919999999],[-53.5,68.51252540000002],[-53.5,68.51230550000002],[-53.5,68.51218690000002],[-53.5,68.51198870000002],[-53.5,68.5118483],[-53.5,68.5115098],[-53.5,68.51140570000001],[-53.5,68.5111713],[-53.5,68.5108328],[-53.5,68.51069039999999],[-53.5,68.5104943],[-53.5,68.51015569999998],[-53.5,68.50981719999999],[-53.5,68.50962370000002],[-53.5,68.50947869999999],[-53.5,68.50914019999999],[-53.5,68.50880160000003],[-53.5,68.50849419999997],[-53.5,68.50846309999997],[-53.5,68.50812459999997],[-53.5,68.50786979999998],[-53.5,68.50778609999998],[-53.5,68.50744750000001],[-53.5,68.50739019999997],[-53.5,68.5068852],[-53.5,68.50677050000002],[-53.5,68.50643200000002],[-53.5,68.5060934],[-53.5,68.5057549],[-53.5,68.5054164],[-53.5,68.5050779],[-53.5,68.50473929999998],[-53.5,68.50440079999998],[-53.5,68.50406229999999],[-53.5,68.50372379999999],[-53.5,68.50338520000003],[-53.5,68.50304670000003],[-53.5,68.50270819999997],[-53.5,68.50236969999997],[-53.5,68.50203110000001],[-53.5,68.50169260000001],[-53.5,68.50135410000001],[-53.5,68.50101560000002],[-53.5,68.50067710000002],[-53.5,68.5003385],[-53.5,68.5],[-53.4996615,68.5]]]]},"properties":{"datasetName":"101DK004BYDME","edition":1,"update":0,"status":2}},{"type":"Feature","geometry":{"type":"MultiPolygon","coordinates":[[[[-53.0,71.0],[-53.0,71.5],[-53.5,71.5],[-53.5,71.0],[-53.0,71.0]]]]},"properties":{"datasetName":"101DK004CIDME","edition":1,"update":0,"status":1}},{"type":"Feature","geometry":{"type":"MultiPolygon","coordinates":[[[[13.0,54.5],[13.0,54.8881518],[13.0,55.0],[12.5,55.0],[12.5,54.701546500000006],[12.5,54.5],[13.0,54.5]]]]},"properties":{"datasetName":"101DK0040351E","edition":1,"update":0,"status":4}},{"type":"Feature","geometry":{"type":"MultiPolygon","coordinates":[[[[-48.5,62.0],[-48.5,62.5],[-49.0,62.5],[-49.0,62.0],[-48.5,62.0]]]]},"properties":{"datasetName":"101DK004AYEEE","edition":1,"update":0,"status":2}},{"type":"Feature","geometry":{"type":"MultiPolygon","coordinates":[[[[11.0,55.0],[11.0,55.5],[10.699999999999989,55.5],[10.5,55.5],[10.5,55.39999999999998],[10.5,55.21333329999999],[10.5,55.0],[11.0,55.0]]]]},"properties":{"datasetName":"101DK0040543E","edition":1,"update":0,"status":1}},{"type":"Feature","geometry":{"type":"MultiPolygon","coordinates":[[[[11.437934700000028,54.5],[11.5,54.5],[11.5,55.0],[11.0,55.0],[11.0,54.64038099999999],[11.0,54.5],[11.437934700000028,54.5]]]]},"properties":{"datasetName":"101DK0040345E","edition":1,"update":0,"status":2}},{"type":"Feature","geometry":{"type":"MultiPolygon","coordinates":[[[[11.5,57.0],[11.5,57.32422129999998],[11.5,57.5],[11.350117599999976,57.5],[11.34480000000002,57.5],[11.335211200000003,57.5],[11.286623700000007,57.5],[11.24601530000001,57.5],[11.183147899999994,57.5],[11.164546200000018,57.5],[11.152916699999992,57.5],[11.0,57.5],[11.0,57.47082999999998],[11.0,57.0],[11.5,57.0]]]]},"properties":{"datasetName":"101DK0041345E","edition":1,"update":0,"status":4}},{"type":"Feature","geometry":{"type":"MultiPolygon","coordinates":[[[[-52.5,71.0],[-52.5,71.5],[-53.0,71.5],[-53.0,71.0],[-52.5,71.0]]]]},"properties":{"datasetName":"101DK004CIDOE","edition":1,"update":0,"status":2}},{"type":"Feature","geometry":{"type":"MultiPolygon","coordinates":[[[[10.0,55.5],[10.0,56.0],[9.841666700000019,56.0],[9.5,56.0],[9.5,55.72500000000002],[9.5,55.5],[10.0,55.5]]]]},"properties":{"datasetName":"101DK0040739E","edition":1,"update":0,"status":3}},{"type":"Feature","geometry":{"type":"MultiPolygon","coordinates":[[[[8.501375900000028,55.0],[8.75,55.0],[9.0,55.0],[9.0,55.5],[8.5,55.5],[8.5,55.10069170000003],[8.5,55.00118850000001],[8.5,55.0],[8.501375900000028,55.0]]]]},"properties":{"datasetName":"101DK0040535E","edition":1,"update":0,"status":4}},{"type":"Feature","geometry":{"type":"MultiPolygon","coordinates":[[[[12.0,54.5],[12.0,55.0],[11.5,55.0],[11.5,54.5],[12.0,54.5]]]]},"properties":{"datasetName":"101DK0040347E","edition":1,"update":0,"status":3}},{"type":"Feature","geometry":{"type":"MultiPolygon","coordinates":[[[[11.760617200000013,57.0],[12.0,57.0],[12.0,57.5],[11.5,57.5],[11.5,57.32422129999998],[11.5,57.0],[11.760617200000013,57.0]]]]},"properties":{"datasetName":"101DK0041347E","edition":1,"update":0,"status":2}},{"type":"Feature","geometry":{"type":"MultiPolygon","coordinates":[[[[-50.5,66.5],[-50.5,67.0],[-51.0,67.0],[-51.0,66.5],[-50.5,66.5]]]]},"properties":{"datasetName":"101DK004BQDWE","edition":1,"update":0,"status":3}},{"type":"Feature","geometry":{"type":"MultiPolygon","coordinates":[[[[-50.75,69.0],[-50.572467399999994,69.0],[-50.50432840000002,69.0],[-50.5,69.0],[-50.5,69.00630080000002],[-50.5,69.05782640000001],[-50.5,69.09887300000003],[-50.5,69.101494],[-50.5,69.10963770000001],[-50.5,69.33129489999999],[-50.5,69.35711270000002],[-50.5,69.44525490000001],[-50.5,69.44968469999998],[-50.5,69.45057700000001],[-50.5,69.4510517],[-50.5,69.4744437],[-50.5,69.4782252],[-50.5,69.4901663],[-50.5,69.5],[-50.52992130000001,69.5],[-50.59110609999999,69.5],[-50.650155600000005,69.5],[-50.653141800000014,69.5],[-50.75,69.5],[-50.764952900000026,69.5],[-50.83408600000001,69.5],[-50.83610679999998,69.5],[-50.83757609999998,69.5],[-50.90970429999999,69.5],[-50.91600410000001,69.5],[-50.924522000000024,69.5],[-51.0,69.5],[-51.0,69.49810459999998],[-51.0,69.49315539999998],[-51.0,69.4925106],[-51.0,69.47702520000001],[-51.0,69.46844809999999],[-51.0,69.46701669999999],[-51.0,69.46391970000002],[-51.0,69.4601065],[-51.0,69.35710360000002],[-51.0,69.34840910000003],[-51.0,69.34707079999998],[-51.0,69.34688569999997],[-51.0,69.34677850000003],[-51.0,69.3426043],[-51.0,69.34128129999999],[-51.0,69.30336169999998],[-51.0,69.3025533],[-51.0,69.2946556],[-51.0,69.294351],[-51.0,69.29337470000002],[-51.0,69.29077590000003],[-51.0,69.29042850000002],[-51.0,69.28800139999998],[-51.0,69.27043559999998],[-51.0,69.25],[-51.0,69.23312049999998],[-51.0,69.17280799999997],[-51.0,69.12681620000001],[-51.0,69.0414328],[-51.0,69.03234559999999],[-51.0,69.0],[-50.75,69.0]]]]},"properties":{"datasetName":"101DK004CADWE","edition":1,"update":0,"status":1}},{"type":"Feature","geometry":{"type":"MultiPolygon","coordinates":[[[[-55.0,72.0],[-55.0,72.5],[-55.5,72.5],[-55.5,72.0],[-55.0,72.0]]]]},"properties":{"datasetName":"101DK004CMDEE","edition":1,"update":0,"status":3}},{"type":"Feature","geometry":{"type":"MultiPolygon","coordinates":[[[[9.399999999999977,55.0],[9.5,55.0],[9.5,55.5],[9.466666700000019,55.5],[9.0,55.5],[9.0,55.0],[9.399999999999977,55.0]]]]},"properties":{"datasetName":"101DK0040537E","edition":1,"update":0,"status":4}},{"type":"Feature","geometry":{"type":"MultiPolygon","coordinates":[[[[10.5,54.5],[10.5,54.58525300000002],[10.5,55.0],[10.0,55.0],[10.0,54.99461000000002],[10.0,54.988940000000014],[10.0,54.98886599999997],[10.0,54.98743999999999],[10.0,54.98549000000003],[10.0,54.983540000000005],[10.0,54.98164000000003],[10.0,54.977359999999976],[10.0,54.969780000000014],[10.0,54.90368000000001],[10.0,54.902769999999975],[10.0,54.86025139999998],[10.0,54.85897],[10.0,54.85664000000003],[10.0,54.84791999999999],[10.0,54.84791990000002],[10.0,54.8424],[10.0,54.84239000000002],[10.0,54.84111999999999],[10.0,54.84055000000001],[10.0,54.82019559999998],[10.0,54.81970000000001],[10.0,54.81040999999999],[10.0,54.807590000000005],[10.0,54.806005500000026],[10.0,54.804689999999994],[10.0,54.79595999999998],[10.0,54.79065700000001],[10.0,54.5],[10.5,54.5]]]]},"properties":{"datasetName":"101DK0040341E","edition":1,"update":0,"status":1}},{"type":"Feature","geometry":{"type":"MultiPolygon","coordinates":[[[[10.5,57.0],[10.5,57.25],[10.5,57.261750000000006],[10.5,57.26607000000001],[10.5,57.27708000000001],[10.5,57.27841000000001],[10.5,57.28595999999999],[10.5,57.29032999999998],[10.5,57.31936000000002],[10.5,57.32279],[10.5,57.338840000000005],[10.5,57.346929999999986],[10.5,57.39076],[10.5,57.391399999999976],[10.5,57.39350000000002],[10.5,57.39605],[10.5,57.40865000000002],[10.5,57.417880000000025],[10.5,57.42084],[10.5,57.42318],[10.5,57.430150000000026],[10.5,57.45427000000001],[10.5,57.45647869999999],[10.5,57.46487000000002],[10.5,57.46737999999999],[10.5,57.49027899999999],[10.5,57.49572999999998],[10.5,57.496975599999985],[10.5,57.497990000000016],[10.5,57.5],[10.0,57.5],[10.0,57.116666699999996],[10.0,57.0],[10.5,57.0]]]]},"properties":{"datasetName":"101DK0041341E","edition":1,"update":0,"status":4}},{"type":"Feature","geometry":{"type":"MultiPolygon","coordinates":[[[[-52.0,69.0],[-52.0,69.5],[-52.5,69.5],[-52.5,69.0],[-52.0,69.0]]]]},"properties":{"datasetName":"101DK004CADQE","edition":1,"update":0,"status":3}},{"type":"Feature","geometry":{"type":"MultiPolygon","coordinates":[[[[-53.48899269999998,68.0],[-53.488587199999984,68.0],[-53.4813097,68.0],[-53.475626499999976,68.0],[-53.454828599999985,68.0],[-53.43940199999997,68.0],[-53.433674499999995,68.0],[-53.400420999999994,68.0],[-53.3887661,68.0],[-53.380500100000006,68.0],[-53.371855400000015,68.0],[-53.36631060000002,68.0],[-53.36611019999998,68.0],[-53.362160200000005,68.0],[-53.341387699999984,68.0],[-53.327675399999976,68.0],[-53.32506619999998,68.0],[-53.29404169999998,68.0],[-53.292824199999984,68.0],[-53.2897509,68.0],[-53.28394429999997,68.0],[-53.28260510000001,68.0],[-53.28219519999999,68.0],[-53.281809099999975,68.0],[-53.28155140000001,68.0],[-53.28099559999998,68.0],[-53.276374299999986,68.0],[-53.27343560000003,68.0],[-53.2685965,68.0],[-53.26774790000002,68.0],[-53.26130010000003,68.0],[-53.25,68.0],[-53.23850440000001,68.0],[-53.23437430000001,68.0],[-53.188014399999986,68.0],[-53.136686199999986,68.0],[-53.13152960000002,68.0],[-53.0,68.0],[-53.0,68.01470870000003],[-53.0,68.01616660000002],[-53.0,68.01753919999999],[-53.0,68.0184458],[-53.0,68.02766759999997],[-53.0,68.03372919999998],[-53.0,68.03537449999999],[-53.0,68.0427856],[-53.0,68.04515470000001],[-53.0,68.04730360000002],[-53.0,68.0521455],[-53.0,68.05505870000002],[-53.0,68.0840758],[-53.0,68.08631459999998],[-53.0,68.09841399999999],[-53.0,68.09924430000001],[-53.0,68.10141920000001],[-53.0,68.12045799999999],[-53.0,68.14256740000002],[-53.0,68.14370760000003],[-53.0,68.1576766],[-53.0,68.1637179],[-53.0,68.16701940000002],[-53.0,68.16702199999997],[-53.0,68.17149990000001],[-53.0,68.17175609999998],[-53.0,68.17215169999997],[-53.0,68.17231809999998],[-53.0,68.17772020000001],[-53.0,68.1779108],[-53.0,68.18543840000001],[-53.0,68.18544859999997],[-53.0,68.18660010000002],[-53.0,68.1902422],[-53.0,68.1909043],[-53.0,68.19950519999998],[-53.0,68.19955060000001],[-53.0,68.20099149999999],[-53.0,68.20099979999998],[-53.0,68.20294139999999],[-53.0,68.20294209999997],[-53.0,68.20375660000002],[-53.0,68.20375680000001],[-53.0,68.2041112],[-53.0,68.2051141],[-53.0,68.20660429999998],[-53.0,68.21034429999997],[-53.0,68.22569420000002],[-53.0,68.22778899999997],[-53.0,68.22841199999999],[-53.0,68.22841640000001],[-53.0,68.23260900000002],[-53.0,68.23261079999997],[-53.0,68.2347825],[-53.0,68.23509810000002],[-53.0,68.23599569999999],[-53.0,68.23600649999997],[-53.0,68.23876050000001],[-53.0,68.23877820000001],[-53.0,68.2434983],[-53.0,68.25073579999997],[-53.0,68.27026910000001],[-53.0,68.2704228],[-53.0,68.2735083],[-53.0,68.27509170000002],[-53.0,68.27685159999999],[-53.0,68.27700859999999],[-53.0,68.2770519],[-53.0,68.2779544],[-53.0,68.27796260000002],[-53.0,68.2951238],[-53.0,68.29957990000003],[-53.0,68.30247120000001],[-53.0,68.30789220000003],[-53.0,68.31216460000002],[-53.0,68.3127806],[-53.0,68.3163017],[-53.0,68.3197475],[-53.0,68.32115099999999],[-53.0,68.3266878],[-53.0,68.32844999999998],[-53.0,68.3343812],[-53.0,68.336228],[-53.0,68.33833609999999],[-53.0,68.34891649999997],[-53.0,68.34984109999999],[-53.0,68.36217749999997],[-53.0,68.3839686],[-53.0,68.38926429999998],[-53.0,68.3998856],[-53.0,68.40093610000002],[-53.0,68.41238199999998],[-53.0,68.41893549999998],[-53.0,68.4254057],[-53.0,68.4267193],[-53.0,68.43433449999998],[-53.0,68.44157280000002],[-53.0,68.44218710000001],[-53.0,68.4460679],[-53.0,68.44759720000002],[-53.0,68.44803810000002],[-53.0,68.4489709],[-53.0,68.4495705],[-53.0,68.4522164],[-53.0,68.45230700000002],[-53.0,68.45751209999997],[-53.0,68.49340790000002],[-53.0,68.49402079999999],[-53.0,68.5],[-53.01955779999997,68.5],[-53.022626600000024,68.5],[-53.02422730000001,68.5],[-53.02593009999998,68.5],[-53.156557299999974,68.5],[-53.182247399999994,68.5],[-53.1822727,68.5],[-53.19424650000002,68.5],[-53.194301199999984,68.5],[-53.200393399999996,68.5],[-53.20041140000001,68.5],[-53.20781899999997,68.5],[-53.208640600000024,68.5],[-53.208643300000006,68.5],[-53.2088693,68.5],[-53.209207900000024,68.5],[-53.20954640000002,68.5],[-53.20988490000002,68.5],[-53.21022340000002,68.5],[-53.21056199999998,68.5],[-53.21090049999998,68.5],[-53.21123899999998,68.5],[-53.211577499999976,68.5],[-53.211916099999996,68.5],[-53.212254599999994,68.5],[-53.21259309999999,68.5],[-53.21293159999999,68.5],[-53.21317010000001,68.5],[-53.213182200000006,68.5],[-53.21512869999998,68.5],[-53.24679579999997,68.5],[-53.24977860000001,68.5],[-53.25001520000001,68.5],[-53.25030199999998,68.5],[-53.25100950000001,68.5],[-53.25208420000001,68.5],[-53.25220039999999,68.5],[-53.25253889999999,68.5],[-53.25254210000003,68.5],[-53.252747699999986,68.5],[-53.25274810000002,68.5],[-53.254497300000025,68.5],[-53.25491119999998,68.5],[-53.25491599999998,68.5],[-53.26702640000002,68.5],[-53.26721070000002,68.5],[-53.26724230000002,68.5],[-53.26743399999998,68.5],[-53.26777249999998,68.5],[-53.268110999999976,68.5],[-53.2684496,68.5],[-53.268788099999995,68.5],[-53.26912659999999,68.5],[-53.26946509999999,68.5],[-53.269603200000006,68.5],[-53.26980370000001,68.5],[-53.27014220000001,68.5],[-53.27048070000001,68.5],[-53.270819200000005,68.5],[-53.271157800000026,68.5],[-53.271496300000024,68.5],[-53.27183480000002,68.5],[-53.27217330000002,68.5],[-53.272511899999984,68.5],[-53.27285039999998,68.5],[-53.27318889999998,68.5],[-53.27352739999998,68.5],[-53.273865899999976,68.5],[-53.274204499999996,68.5],[-53.274542999999994,68.5],[-53.27488149999999,68.5],[-53.27521999999999,68.5],[-53.27555860000001,68.5],[-53.27589710000001,68.5],[-53.27623560000001,68.5],[-53.276574100000005,68.5],[-53.276912700000025,68.5],[-53.27725120000002,68.5],[-53.27758970000002,68.5],[-53.27792820000002,68.5],[-53.27826679999998,68.5],[-53.27860529999998,68.5],[-53.27894379999998,68.5],[-53.27928229999998,68.5],[-53.2796209,68.5],[-53.279959399999996,68.5],[-53.280297899999994,68.5],[-53.28063639999999,68.5],[-53.28097500000001,68.5],[-53.28131350000001,68.5],[-53.28165200000001,68.5],[-53.281990500000006,68.5],[-53.28232910000003,68.5],[-53.282667600000025,68.5],[-53.28300610000002,68.5],[-53.28334460000002,68.5],[-53.28368310000002,68.5],[-53.28402169999998,68.5],[-53.28436019999998,68.5],[-53.28469869999998,68.5],[-53.28503719999998,68.5],[-53.2853758,68.5],[-53.285714299999995,68.5],[-53.28605279999999,68.5],[-53.28639129999999,68.5],[-53.28672990000001,68.5],[-53.28706840000001,68.5],[-53.28740690000001,68.5],[-53.287745400000006,68.5],[-53.288084000000026,68.5],[-53.288422500000024,68.5],[-53.28876100000002,68.5],[-53.28909950000002,68.5],[-53.289438099999984,68.5],[-53.28977659999998,68.5],[-53.29011509999998,68.5],[-53.29045359999998,68.5],[-53.2907922,68.5],[-53.2911307,68.5],[-53.291469199999995,68.5],[-53.29180769999999,68.5],[-53.29214619999999,68.5],[-53.29248480000001,68.5],[-53.29282330000001,68.5],[-53.29316180000001,68.5],[-53.293500300000005,68.5],[-53.293838900000026,68.5],[-53.294177400000024,68.5],[-53.29451590000002,68.5],[-53.29485440000002,68.5],[-53.29519299999998,68.5],[-53.29553149999998,68.5],[-53.29560989999999,68.5],[-53.295626700000014,68.5],[-53.301903700000025,68.5],[-53.30191559999997,68.5],[-53.30196339999998,68.5],[-53.302302,68.5],[-53.302640499999995,68.5],[-53.30297899999999,68.5],[-53.30331749999999,68.5],[-53.30365610000001,68.5],[-53.30399460000001,68.5],[-53.30433310000001,68.5],[-53.304671600000006,68.5],[-53.30501020000003,68.5],[-53.305348700000025,68.5],[-53.30568720000002,68.5],[-53.30602570000002,68.5],[-53.306364299999984,68.5],[-53.30670279999998,68.5],[-53.30704129999998,68.5],[-53.30737979999998,68.5],[-53.3077184,68.5],[-53.3080569,68.5],[-53.308395399999995,68.5],[-53.30873389999999,68.5],[-53.30907239999999,68.5],[-53.30941100000001,68.5],[-53.30974950000001,68.5],[-53.31008800000001,68.5],[-53.310426500000005,68.5],[-53.310765100000026,68.5],[-53.311103600000024,68.5],[-53.31144210000002,68.5],[-53.31178060000002,68.5],[-53.312119199999984,68.5],[-53.31245769999998,68.5],[-53.31279619999998,68.5],[-53.31313469999998,68.5],[-53.3134733,68.5],[-53.313811799999996,68.5],[-53.314150299999994,68.5],[-53.31448879999999,68.5],[-53.31482740000001,68.5],[-53.31516590000001,68.5],[-53.31550440000001,68.5],[-53.31584290000001,68.5],[-53.31618150000003,68.5],[-53.316520000000025,68.5],[-53.31685850000002,68.5],[-53.31719700000002,68.5],[-53.31747990000002,68.5],[-53.317535599999985,68.5],[-53.31754460000002,68.5],[-53.31787409999998,68.5],[-53.31821259999998,68.5],[-53.31855109999998,68.5],[-53.31888959999998,68.5],[-53.3192282,68.5],[-53.319566699999996,68.5],[-53.319905199999994,68.5],[-53.32024369999999,68.5],[-53.32058230000001,68.5],[-53.32092080000001,68.5],[-53.32125930000001,68.5],[-53.321597800000006,68.5],[-53.32193640000003,68.5],[-53.322274900000025,68.5],[-53.32261340000002,68.5],[-53.32295190000002,68.5],[-53.323290499999985,68.5],[-53.32362899999998,68.5],[-53.32382899999999,68.5],[-53.32396749999998,68.5],[-53.32430599999998,68.5],[-53.3246446,68.5],[-53.3249831,68.5],[-53.325321599999995,68.5],[-53.32566009999999,68.5],[-53.325998700000014,68.5],[-53.32633720000001,68.5],[-53.32667570000001,68.5],[-53.32701420000001,68.5],[-53.327352700000006,68.5],[-53.327691300000026,68.5],[-53.328029800000024,68.5],[-53.32836830000002,68.5],[-53.32870680000002,68.5],[-53.329045399999984,68.5],[-53.32938389999998,68.5],[-53.32965089999999,68.5],[-53.32972239999998,68.5],[-53.33006089999998,68.5],[-53.3303995,68.5],[-53.33073200000001,68.5],[-53.3307322,68.5],[-53.330738,68.5],[-53.331076499999995,68.5],[-53.33141499999999,68.5],[-53.33175360000001,68.5],[-53.33209210000001,68.5],[-53.33243060000001,68.5],[-53.33276910000001,68.5],[-53.33310770000003,68.5],[-53.333446200000026,68.5],[-53.333784700000024,68.5],[-53.33412320000002,68.5],[-53.334461799999985,68.5],[-53.33480029999998,68.5],[-53.33513879999998,68.5],[-53.33547729999998,68.5],[-53.33581579999998,68.5],[-53.3361544,68.5],[-53.336492899999996,68.5],[-53.336831399999994,68.5],[-53.33716989999999,68.5],[-53.33750850000001,68.5],[-53.33784700000001,68.5],[-53.33818550000001,68.5],[-53.33852400000001,68.5],[-53.33886260000003,68.5],[-53.339201100000025,68.5],[-53.33953960000002,68.5],[-53.33987810000002,68.5],[-53.340216699999985,68.5],[-53.34055519999998,68.5],[-53.34089369999998,68.5],[-53.34123219999998,68.5],[-53.3415708,68.5],[-53.3419093,68.5],[-53.342247799999996,68.5],[-53.342586299999994,68.5],[-53.342924900000014,68.5],[-53.34326340000001,68.5],[-53.34360190000001,68.5],[-53.34394040000001,68.5],[-53.344278900000006,68.5],[-53.34461750000003,68.5],[-53.344956000000025,68.5],[-53.34529450000002,68.5],[-53.34563300000002,68.5],[-53.345971599999984,68.5],[-53.34631009999998,68.5],[-53.34664859999998,68.5],[-53.34698709999998,68.5],[-53.3473257,68.5],[-53.3476642,68.5],[-53.348002699999995,68.5],[-53.34834119999999,68.5],[-53.34867980000001,68.5],[-53.34901830000001,68.5],[-53.34935680000001,68.5],[-53.34969530000001,68.5],[-53.35003390000003,68.5],[-53.350372400000026,68.5],[-53.350710900000024,68.5],[-53.35104940000002,68.5],[-53.351387999999986,68.5],[-53.351726499999984,68.5],[-53.35206499999998,68.5],[-53.35240349999998,68.5],[-53.35274199999998,68.5],[-53.3530806,68.5],[-53.353419099999996,68.5],[-53.353757599999994,68.5],[-53.35409609999999,68.5],[-53.35443470000001,68.5],[-53.35477320000001,68.5],[-53.35511170000001,68.5],[-53.35545020000001,68.5],[-53.35578880000003,68.5],[-53.356127300000026,68.5],[-53.356465800000024,68.5],[-53.35680430000002,68.5],[-53.357142899999985,68.5],[-53.35748139999998,68.5],[-53.35781989999998,68.5],[-53.35815839999998,68.5],[-53.35825449999999,68.5],[-53.358292000000006,68.5],[-53.36088539999997,68.5],[-53.367053999999996,68.5],[-53.36705610000001,68.5],[-53.36801120000001,68.5],[-53.371142599999985,68.5],[-53.37257460000001,68.5],[-53.372597600000006,68.5],[-53.37926190000002,68.5],[-53.37932599999999,68.5],[-53.38110710000001,68.5],[-53.38183989999999,68.5],[-53.3826469,68.5],[-53.386807999999974,68.5],[-53.38963030000002,68.5],[-53.3919573,68.5],[-53.39715990000002,68.5],[-53.4010227,68.5],[-53.404663400000004,68.5],[-53.40563900000001,68.5],[-53.41540040000001,68.5],[-53.42538880000001,68.5],[-53.42539110000001,68.5],[-53.42902190000001,68.5],[-53.42943530000002,68.5],[-53.45273420000001,68.5],[-53.462145899999996,68.5],[-53.5,68.5],[-53.5,68.4938603],[-53.5,68.49351250000001],[-53.5,68.4932971],[-53.5,68.4929042],[-53.5,68.49263880000001],[-53.5,68.49228340000002],[-53.5,68.4903928],[-53.5,68.4903033],[-53.5,68.48941150000002],[-53.5,68.48917460000001],[-53.5,68.4876327],[-53.5,68.48749880000003],[-53.5,68.48430539999998],[-53.5,68.48428560000002],[-53.5,68.4831575],[-53.5,68.48309519999998],[-53.5,68.4722385],[-53.5,68.4722299],[-53.5,68.4710207],[-53.5,68.47098019999999],[-53.5,68.46910919999999],[-53.5,68.46908680000001],[-53.5,68.46635470000001],[-53.5,68.4663271],[-53.5,68.46519569999998],[-53.5,68.46519489999997],[-53.5,68.463078],[-53.5,68.46307730000001],[-53.5,68.4538963],[-53.5,68.45218870000002],[-53.5,68.45216470000003],[-53.5,68.45130549999999],[-53.5,68.45127839999998],[-53.5,68.450986],[-53.5,68.45012150000002],[-53.5,68.4500377],[-53.5,68.4497935],[-53.5,68.44963739999997],[-53.5,68.44806449999999],[-53.5,68.4443938],[-53.5,68.44434389999998],[-53.5,68.4438599],[-53.5,68.44345670000001],[-53.5,68.44248420000002],[-53.5,68.44228199999998],[-53.5,68.43804669999997],[-53.5,68.43795030000001],[-53.5,68.43698869999997],[-53.5,68.4369805],[-53.5,68.43070619999997],[-53.5,68.4306914],[-53.5,68.43015329999997],[-53.5,68.43002760000002],[-53.5,68.42400679999997],[-53.5,68.42399719999997],[-53.5,68.4139308],[-53.5,68.41392830000001],[-53.5,68.41071340000002],[-53.5,68.41070059999998],[-53.5,68.40921659999998],[-53.5,68.4091937],[-53.5,68.4036911],[-53.5,68.40368799999999],[-53.5,68.39714079999999],[-53.5,68.3971396],[-53.5,68.3940581],[-53.5,68.39315749999997],[-53.5,68.39227540000002],[-53.5,68.39185420000001],[-53.5,68.38860249999999],[-53.5,68.38764859999998],[-53.5,68.3875021],[-53.5,68.3872546],[-53.5,68.38717759999997],[-53.5,68.3847227],[-53.5,68.3847083],[-53.5,68.38088599999998],[-53.5,68.37802190000002],[-53.5,68.37727059999997],[-53.5,68.37548249999998],[-53.5,68.37490229999997],[-53.5,68.37121639999998],[-53.5,68.36963320000001],[-53.5,68.3683297],[-53.5,68.36774600000001],[-53.5,68.36773119999998],[-53.5,68.3666374],[-53.5,68.36663499999997],[-53.5,68.3652801],[-53.5,68.36526379999998],[-53.5,68.3545327],[-53.5,68.35453150000001],[-53.5,68.35351939999998],[-53.5,68.35349330000003],[-53.5,68.35240670000002],[-53.5,68.35236320000001],[-53.5,68.35197679999999],[-53.5,68.35154360000001],[-53.5,68.35127720000003],[-53.5,68.34870039999998],[-53.5,68.34854619999999],[-53.5,68.34536739999999],[-53.5,68.34064039999998],[-53.5,68.33783720000002],[-53.5,68.33732279999998],[-53.5,68.3356814],[-53.5,68.3356627],[-53.5,68.33049870000002],[-53.5,68.33027929999997],[-53.5,68.31765360000003],[-53.5,68.31003659999999],[-53.5,68.31003570000001],[-53.5,68.30855459999998],[-53.5,68.30855359999998],[-53.5,68.305743],[-53.5,68.30563030000002],[-53.5,68.30482330000001],[-53.5,68.30463049999997],[-53.5,68.30438909999998],[-53.5,68.303853],[-53.5,68.30222520000001],[-53.5,68.301333],[-53.5,68.29915790000001],[-53.5,68.2969584],[-53.5,68.2930101],[-53.5,68.29257569999999],[-53.5,68.29172590000002],[-53.5,68.29169680000001],[-53.5,68.29120849999998],[-53.5,68.29056059999999],[-53.5,68.29056029999998],[-53.5,68.28886779999999],[-53.5,68.2888658],[-53.5,68.28846220000003],[-53.5,68.28846019999997],[-53.5,68.28801979999997],[-53.5,68.28768259999998],[-53.5,68.2848136],[-53.5,68.283391],[-53.5,68.27930679999997],[-53.5,68.27169989999999],[-53.5,68.27149730000002],[-53.5,68.27079570000001],[-53.5,68.27058340000002],[-53.5,68.27055080000002],[-53.5,68.2702557],[-53.5,68.27019309999997],[-53.5,68.26902130000002],[-53.5,68.26770690000001],[-53.5,68.2676937],[-53.5,68.26700790000001],[-53.5,68.26654029999997],[-53.5,68.2643129],[-53.5,68.26374980000003],[-53.5,68.2634251],[-53.5,68.26146799999998],[-53.5,68.26076899999998],[-53.5,68.26073539999999],[-53.5,68.26037769999999],[-53.5,68.2595177],[-53.5,68.2591069],[-53.5,68.2576176],[-53.5,68.2575989],[-53.5,68.2559329],[-53.5,68.2557117],[-53.5,68.25488840000003],[-53.5,68.25488790000003],[-53.5,68.25386479999997],[-53.5,68.25380419999999],[-53.5,68.25379609999999],[-53.5,68.25166719999999],[-53.5,68.25165579999998],[-53.5,68.25107930000001],[-53.5,68.25],[-53.5,68.24584820000001],[-53.5,68.24583100000001],[-53.5,68.24408360000001],[-53.5,68.2440312],[-53.5,68.23689460000003],[-53.5,68.23689409999997],[-53.5,68.22733549999998],[-53.5,68.22732919999999],[-53.5,68.22364119999997],[-53.5,68.22363919999998],[-53.5,68.22326120000002],[-53.5,68.22223220000001],[-53.5,68.22222920000002],[-53.5,68.2219179],[-53.5,68.22191400000003],[-53.5,68.22191379999998],[-53.5,68.22187509999998],[-53.5,68.22159629999999],[-53.5,68.22102899999999],[-53.5,68.21839940000001],[-53.5,68.21624170000001],[-53.5,68.21370000000002],[-53.5,68.2133174],[-53.5,68.2117758],[-53.5,68.2074318],[-53.5,68.19914460000001],[-53.5,68.19393559999997],[-53.5,68.19280170000002],[-53.5,68.19215309999998],[-53.5,68.1914056],[-53.5,68.18978720000001],[-53.5,68.18952080000003],[-53.5,68.1889903],[-53.5,68.1884369],[-53.5,68.18834800000002],[-53.5,68.18770009999997],[-53.5,68.18757970000001],[-53.5,68.18754000000001],[-53.5,68.18707699999999],[-53.5,68.18381010000002],[-53.5,68.1751021],[-53.5,68.16355779999998],[-53.5,68.1606243],[-53.5,68.15937179999997],[-53.5,68.15755630000001],[-53.5,68.15468240000001],[-53.5,68.1543312],[-53.5,68.15377810000001],[-53.5,68.15310579999999],[-53.5,68.15195560000001],[-53.5,68.15089469999998],[-53.5,68.15060799999998],[-53.5,68.1503806],[-53.5,68.15009199999997],[-53.5,68.14987200000002],[-53.5,68.1490789],[-53.5,68.14907840000001],[-53.5,68.14862140000002],[-53.5,68.14857810000001],[-53.5,68.148167],[-53.5,68.14792130000001],[-53.5,68.1478098],[-53.5,68.14595000000003],[-53.5,68.14540149999999],[-53.5,68.14440200000001],[-53.5,68.14410720000001],[-53.5,68.1435214],[-53.5,68.14346569999998],[-53.5,68.14304809999999],[-53.5,68.14295010000001],[-53.5,68.14292010000003],[-53.5,68.14251389999998],[-53.5,68.13985009999999],[-53.5,68.13853],[-53.5,68.1374533],[-53.5,68.135828],[-53.5,68.1348817],[-53.5,68.13482909999999],[-53.5,68.13475729999999],[-53.5,68.13475570000003],[-53.5,68.13471629999998],[-53.5,68.13447910000002],[-53.5,68.13443819999998],[-53.5,68.1340937],[-53.5,68.134029],[-53.5,68.13366769999999],[-53.5,68.12575249999998],[-53.5,68.12572840000001],[-53.5,68.12572699999998],[-53.5,68.1245318],[-53.5,68.1244982],[-53.5,68.12289140000001],[-53.5,68.12288560000002],[-53.5,68.12188129999998],[-53.5,68.12186279999997],[-53.5,68.12010800000002],[-53.5,68.11939749999999],[-53.5,68.1178582],[-53.5,68.1173938],[-53.5,68.11706179999999],[-53.5,68.11703879999999],[-53.5,68.11607629999997],[-53.5,68.11607099999998],[-53.5,68.11533809999997],[-53.5,68.11533159999999],[-53.5,68.11171489999998],[-53.5,68.11163529999999],[-53.5,68.11014669999997],[-53.5,68.10995329999997],[-53.5,68.10766330000001],[-53.5,68.10757690000003],[-53.5,68.10274399999997],[-53.5,68.1027398],[-53.5,68.0997592],[-53.5,68.09971250000001],[-53.5,68.09813609999998],[-53.5,68.0978212],[-53.5,68.09688690000002],[-53.5,68.09682429999998],[-53.5,68.08315249999998],[-53.5,68.0817998],[-53.5,68.08165789999998],[-53.5,68.08120009999999],[-53.5,68.0811999],[-53.5,68.07486649999998],[-53.5,68.07384689999998],[-53.5,68.0738293],[-53.5,68.070494],[-53.5,68.07002890000001],[-53.5,68.07002540000002],[-53.5,68.06980329999999],[-53.5,68.069122],[-53.5,68.06895450000002],[-53.5,68.0687413],[-53.5,68.06872670000001],[-53.5,68.06742079999998],[-53.5,68.0659713],[-53.5,68.06426870000001],[-53.5,68.06287229999998],[-53.5,68.06241019999999],[-53.5,68.0600344],[-53.5,68.05867949999998],[-53.5,68.05804490000003],[-53.5,68.05650029999998],[-53.5,68.0564999],[-53.5,68.05435510000001],[-53.5,68.04968630000002],[-53.5,68.04844459999998],[-53.5,68.04326609999998],[-53.5,68.03982610000003],[-53.5,68.03888669999998],[-53.5,68.02528890000002],[-53.5,68.02456439999997],[-53.5,68.01880799999998],[-53.5,68.0179718],[-53.5,68.01587740000002],[-53.5,68.01510710000002],[-53.5,68.01485079999998],[-53.5,68.0131672],[-53.5,68.0116668],[-53.5,68.0065409],[-53.5,68.00589179999997],[-53.5,68.00211109999998],[-53.5,68.0017158],[-53.5,68.0],[-53.48899269999998,68.0]]]]},"properties":{"datasetName":"101DK004BWDME","edition":1,"update":0,"status":3}},{"type":"Feature","geometry":{"type":"MultiPolygon","coordinates":[[[[-53.0,70.5],[-53.0,71.0],[-53.5,71.0],[-53.5,70.5],[-53.0,70.5]]]]},"properties":{"datasetName":"101DK004CGDME","edition":1,"update":0,"status":2}},{"type":"Feature","geometry":{"type":"MultiPolygon","coordinates":[[[[12.652315499999986,56.0],[13.0,56.0],[13.0,56.5],[12.5,56.5],[12.5,56.1329121],[12.5,56.107542799999976],[12.5,56.1015276],[12.5,56.101],[12.5,56.09978369999999],[12.5,56.097787900000014],[12.5,56.09678600000001],[12.5,56.09296330000001],[12.5,56.09220399999998],[12.5,56.0914363],[12.5,56.09096679999999],[12.5,56.084040000000016],[12.5,56.02201609999997],[12.5,56.020562600000005],[12.5,56.0],[12.652315499999986,56.0]]]]},"properties":{"datasetName":"101DK0040951E","edition":1,"update":0,"status":4}},{"type":"Feature","geometry":{"type":"MultiPolygon","coordinates":[[[[-48.69907610000001,61.5],[-48.698415899999986,61.5],[-48.6975286,61.5],[-48.57504949999998,61.5],[-48.5,61.5],[-48.5,61.50603239999998],[-48.5,61.54592309999998],[-48.5,61.54624130000002],[-48.5,61.54678530000001],[-48.5,61.581570399999976],[-48.5,61.66666670000001],[-48.5,62.0],[-48.75,62.0],[-49.0,62.0],[-49.0,61.941765499999974],[-49.0,61.864778],[-49.0,61.84312160000002],[-49.0,61.835429499999975],[-49.0,61.72361910000001],[-49.0,61.714583800000014],[-49.0,61.63143760000003],[-49.0,61.6239382],[-49.0,61.621101899999985],[-49.0,61.61884880000002],[-49.0,61.61650759999998],[-49.0,61.61254300000002],[-49.0,61.61148350000002],[-49.0,61.606180600000016],[-49.0,61.59267369999998],[-49.0,61.58986010000001],[-49.0,61.5887955],[-49.0,61.58618200000001],[-49.0,61.5847091],[-49.0,61.58358670000001],[-49.0,61.58280619999999],[-49.0,61.53095130000003],[-49.0,61.52385129999999],[-49.0,61.515140299999985],[-49.0,61.5],[-48.69907610000001,61.5]]]]},"properties":{"datasetName":"101DK004AWEEE","edition":1,"update":0,"status":1}},{"type":"Feature","geometry":{"type":"MultiPolygon","coordinates":[[[[11.0,54.5],[11.0,54.64038099999999],[11.0,55.0],[10.5,55.0],[10.5,54.58525300000002],[10.5,54.5],[11.0,54.5]]]]},"properties":{"datasetName":"101DK0040343E","edition":1,"update":0,"status":3}},{"type":"Feature","geometry":{"type":"MultiPolygon","coordinates":[[[[-52.5,70.5],[-52.5,71.0],[-53.0,71.0],[-53.0,70.5],[-52.5,70.5]]]]},"properties":{"datasetName":"101DK004CGDOE","edition":1,"update":0,"status":4}},{"type":"Feature","geometry":{"type":"MultiPolygon","coordinates":[[[[-56.0,72.0],[-56.0,72.5],[-56.5,72.5],[-56.5,72.0],[-56.0,72.0]]]]},"properties":{"datasetName":"101DK004CMDAE","edition":1,"update":0,"status":2}},{"type":"Feature","geometry":{"type":"MultiPolygon","coordinates":[[[[-48.46558169999997,61.0],[-48.451849700000025,61.0],[-48.4412734,61.0],[-48.423078299999986,61.0],[-48.417461100000025,61.0],[-48.417164300000024,61.0],[-48.41485490000002,61.0],[-48.414725799999985,61.0],[-48.413230399999975,61.0],[-48.40944259999998,61.0],[-48.40334949999999,61.0],[-48.40174330000002,61.0],[-48.40021730000001,61.0],[-48.3974101,61.0],[-48.39158170000002,61.0],[-48.38946010000001,61.0],[-48.388621,61.0],[-48.38775450000003,61.0],[-48.386939600000005,61.0],[-48.386166100000025,61.0],[-48.38590160000001,61.0],[-48.38542000000001,61.0],[-48.385075900000004,61.0],[-48.384809700000005,61.0],[-48.384203000000014,61.0],[-48.38310799999999,61.0],[-48.378085399999975,61.0],[-48.37664760000001,61.0],[-48.37438040000001,61.0],[-48.37274289999999,61.0],[-48.370660199999975,61.0],[-48.369856500000026,61.0],[-48.36909270000001,61.0],[-48.36826739999998,61.0],[-48.36740880000002,61.0],[-48.3665264,61.0],[-48.36557490000001,61.0],[-48.36436629999997,61.0],[-48.3627386,61.0],[-48.362159599999984,61.0],[-48.361076500000024,61.0],[-48.359097899999995,61.0],[-48.357923099999994,61.0],[-48.356834400000025,61.0],[-48.35576950000001,61.0],[-48.35477450000002,61.0],[-48.353825700000016,61.0],[-48.35323729999999,61.0],[-48.352734,61.0],[-48.352342299999975,61.0],[-48.35206310000001,61.0],[-48.351557300000024,61.0],[-48.350920900000006,61.0],[-48.35031409999999,61.0],[-48.34977550000002,61.0],[-48.34880850000002,61.0],[-48.34812740000001,61.0],[-48.34747549999997,61.0],[-48.34676730000001,61.0],[-48.34612470000002,61.0],[-48.345390899999984,61.0],[-48.34481199999999,61.0],[-48.344147599999985,61.0],[-48.34348460000001,61.0],[-48.34283549999998,61.0],[-48.342191000000014,61.0],[-48.34149719999999,61.0],[-48.34081359999999,61.0],[-48.34079800000001,61.0],[-48.34001599999999,61.0],[-48.33832210000003,61.0],[-48.337584100000015,61.0],[-48.33736140000002,61.0],[-48.33684269999998,61.0],[-48.33616890000002,61.0],[-48.335736499999996,61.0],[-48.3350853,61.0],[-48.33428989999999,61.0],[-48.33368969999998,61.0],[-48.332966,61.0],[-48.3323044,61.0],[-48.331721000000016,61.0],[-48.33121820000002,61.0],[-48.33023429999997,61.0],[-48.329206,61.0],[-48.3283783,61.0],[-48.32748290000001,61.0],[-48.32666979999999,61.0],[-48.3257385,61.0],[-48.32500049999999,61.0],[-48.32417800000002,61.0],[-48.32303889999997,61.0],[-48.322612900000024,61.0],[-48.32142440000001,61.0],[-48.32052440000001,61.0],[-48.3194896,61.0],[-48.31863850000002,61.0],[-48.31790849999999,61.0],[-48.31719199999998,61.0],[-48.31642670000002,61.0],[-48.31573739999999,61.0],[-48.31515239999999,61.0],[-48.31464790000001,61.0],[-48.31425730000001,61.0],[-48.31385340000003,61.0],[-48.31344999999999,61.0],[-48.3130491,61.0],[-48.312624400000004,61.0],[-48.31218469999999,61.0],[-48.311803699999984,61.0],[-48.31155439999998,61.0],[-48.3107258,61.0],[-48.30938409999999,61.0],[-48.30802139999997,61.0],[-48.305820400000016,61.0],[-48.3044994,61.0],[-48.303085899999985,61.0],[-48.30167,61.0],[-48.30056689999998,61.0],[-48.298871899999995,61.0],[-48.29737929999999,61.0],[-48.295733799999994,61.0],[-48.29451369999998,61.0],[-48.2932179,61.0],[-48.29167260000003,61.0],[-48.290211899999974,61.0],[-48.288754400000016,61.0],[-48.28698609999998,61.0],[-48.285722799999974,61.0],[-48.28422649999999,61.0],[-48.28283140000002,61.0],[-48.281752400000016,61.0],[-48.280699500000026,61.0],[-48.2793259,61.0],[-48.27429480000001,61.0],[-48.27235080000003,61.0],[-48.27005860000003,61.0],[-48.26852050000002,61.0],[-48.266456500000004,61.0],[-48.26429760000002,61.0],[-48.262197300000025,61.0],[-48.258849999999995,61.0],[-48.237145999999996,61.0],[-48.23186240000001,61.0],[-48.229866500000014,61.0],[-48.2280045,61.0],[-48.22567950000001,61.0],[-48.225128299999994,61.0],[-48.22469369999999,61.0],[-48.22206399999999,61.0],[-48.217314199999976,61.0],[-48.21354680000002,61.0],[-48.195912899999996,61.0],[-48.192575799999986,61.0],[-48.18944140000002,61.0],[-48.184179900000004,61.0],[-48.168390199999976,61.0],[-48.16463950000002,61.0],[-48.16087620000002,61.0],[-48.156575299999986,61.0],[-48.1528725,61.0],[-48.145259899999985,61.0],[-48.14448599999997,61.0],[-48.14329429999998,61.0],[-48.14207490000001,61.0],[-48.13993019999998,61.0],[-48.133930299999975,61.0],[-48.12895129999998,61.0],[-48.12671540000002,61.0],[-48.123660099999995,61.0],[-48.122438699999975,61.0],[-48.12117890000002,61.0],[-48.119998599999974,61.0],[-48.11907009999999,61.0],[-48.11824999999999,61.0],[-48.11587909999997,61.0],[-48.11178819999998,61.0],[-48.107530499999996,61.0],[-48.09755940000002,61.0],[-48.094246699999985,61.0],[-48.0901667,61.0],[-48.0852251,61.0],[-48.08275459999999,61.0],[-48.08021170000001,61.0],[-48.07515810000001,61.0],[-48.06972560000003,61.0],[-48.0667732,61.0],[-48.06301330000002,61.0],[-48.058370000000025,61.0],[-48.04999859999998,61.0],[-48.04549900000001,61.0],[-48.040880300000026,61.0],[-48.03872180000002,61.0],[-48.036164799999995,61.0],[-48.0360809,61.0],[-48.0327714,61.0],[-48.03154169999999,61.0],[-48.03050830000001,61.0],[-48.02078849999998,61.0],[-48.01753889999998,61.0],[-48.0159433,61.0],[-48.012848399999996,61.0],[-48.00801369999999,61.0],[-48.0039261,61.0],[-48.0,61.0],[-48.0,61.000213099999996],[-48.0,61.00116209999999],[-48.0,61.00267059999999],[-48.0,61.00636250000002],[-48.0,61.007388900000024],[-48.0,61.00823320000001],[-48.0,61.008990600000004],[-48.0,61.00970849999999],[-48.0,61.01016520000002],[-48.0,61.0105236],[-48.0,61.010992499999986],[-48.0,61.011606900000004],[-48.0,61.01279099999999],[-48.0,61.01387219999998],[-48.0,61.01651620000001],[-48.0,61.01814949999999],[-48.0,61.018647999999985],[-48.0,61.01930570000002],[-48.0,61.02014270000001],[-48.0,61.02083219999997],[-48.0,61.02180329999999],[-48.0,61.022725700000024],[-48.0,61.0235174],[-48.0,61.0241547],[-48.0,61.024340800000004],[-48.0,61.02508449999999],[-48.0,61.02551549999998],[-48.0,61.025904000000025],[-48.0,61.02620230000002],[-48.0,61.02646329999999],[-48.0,61.02677920000002],[-48.0,61.02717710000002],[-48.0,61.02760760000001],[-48.0,61.02828740000001],[-48.0,61.02894520000001],[-48.0,61.029727700000024],[-48.0,61.03024349999998],[-48.0,61.03105670000002],[-48.0,61.03204950000003],[-48.0,61.03279509999999],[-48.0,61.03344240000001],[-48.0,61.03428120000001],[-48.0,61.03487849999999],[-48.0,61.035413000000005],[-48.0,61.05270639999998],[-48.0,61.053098999999975],[-48.0,61.05812259999999],[-48.0,61.06038319999999],[-48.0,61.0617441],[-48.0,61.06900000000002],[-48.0,61.07021759999998],[-48.0,61.07657599999999],[-48.0,61.08026189999998],[-48.0,61.08804759999998],[-48.0,61.09178079999998],[-48.0,61.10103559999999],[-48.0,61.10145460000001],[-48.0,61.101945],[-48.0,61.10246110000003],[-48.0,61.102865699999995],[-48.0,61.103217700000016],[-48.0,61.103474300000016],[-48.0,61.10710879999999],[-48.0,61.1088345],[-48.0,61.111011899999994],[-48.0,61.11106649999999],[-48.0,61.11177500000002],[-48.0,61.11215090000002],[-48.0,61.11249859999998],[-48.0,61.5],[-48.5,61.5],[-48.5,61.271215600000005],[-48.5,61.25927610000002],[-48.5,61.2518159],[-48.5,61.23333910000002],[-48.5,61.2265883],[-48.5,61.186208799999974],[-48.5,61.16591519999997],[-48.5,61.165561500000024],[-48.5,61.16204950000002],[-48.5,61.1563941],[-48.5,61.154135999999994],[-48.5,61.150999300000024],[-48.5,61.14602819999999],[-48.5,61.145153600000015],[-48.5,61.142429600000014],[-48.5,61.14061600000002],[-48.5,61.140032599999984],[-48.5,61.1396249],[-48.5,61.137012500000026],[-48.5,61.13608260000001],[-48.5,61.11249859999998],[-48.5,61.103640900000016],[-48.5,61.101776400000006],[-48.5,61.10075019999999],[-48.5,61.09907179999999],[-48.5,61.09472649999998],[-48.5,61.091501300000004],[-48.5,61.06943039999999],[-48.5,61.04736459999998],[-48.5,61.04723990000002],[-48.5,61.03860309999999],[-48.5,61.03446939999998],[-48.5,61.0307047],[-48.5,61.02464650000002],[-48.5,61.0226126],[-48.5,61.01376240000002],[-48.5,61.0056007],[-48.5,61.0],[-48.46558169999997,61.0]]]]},"properties":{"datasetName":"101DK004AUEGE","edition":1,"update":0,"status":3}},{"type":"Feature","geometry":{"type":"MultiPolygon","coordinates":[[[[8.5,55.0],[8.5,55.00118850000001],[8.5,55.10069170000003],[8.5,55.5],[8.0,55.5],[8.0,55.0],[8.5,55.0]]]]},"properties":{"datasetName":"101DK0040533E","edition":1,"update":0,"status":4}},{"type":"Feature","geometry":{"type":"MultiPolygon","coordinates":[[[[9.0,54.5],[9.0,55.0],[8.75,55.0],[8.650797399999988,55.0],[8.501375900000028,55.0],[8.5,55.0],[8.5,54.5],[9.0,54.5]]]]},"properties":{"datasetName":"101DK0040335E","edition":1,"update":0,"status":1}},{"type":"Feature","geometry":{"type":"MultiPolygon","coordinates":[[[[8.75,57.0],[9.0,57.0],[9.0,57.05000000000001],[9.0,57.5],[8.5,57.5],[8.5,57.0],[8.75,57.0]]]]},"properties":{"datasetName":"101DK0041335E","edition":1,"update":0,"status":1}},{"type":"Feature","geometry":{"type":"MultiPolygon","coordinates":[[[[12.0,56.0],[12.0,56.5],[11.5,56.5],[11.5,56.0],[12.0,56.0]]]]},"properties":{"datasetName":"101DK0040947E","edition":1,"update":0,"status":1}},{"type":"Feature","geometry":{"type":"MultiPolygon","coordinates":[[[[-54.15937889999998,67.5],[-54.11044879999997,67.5],[-54.06970239999998,67.5],[-54.03779400000002,67.5],[-54.03507400000001,67.5],[-54.02895569999998,67.5],[-54.00899020000003,67.5],[-54.00815030000001,67.5],[-54.006113500000026,67.5],[-54.00533530000001,67.5],[-54.0,67.5],[-54.0,67.5044206],[-54.0,67.50953349999997],[-54.0,67.52580139999998],[-54.0,67.54088230000002],[-54.0,67.54567450000002],[-54.0,67.55746679999999],[-54.0,67.59576019999997],[-54.0,67.64236590000002],[-54.0,67.6427147],[-54.0,67.65093919999998],[-54.0,67.70988720000003],[-54.0,67.71668299999999],[-54.0,67.7481009],[-54.0,67.75335130000002],[-54.0,67.75957140000003],[-54.0,67.78226940000002],[-54.0,67.8147037],[-54.0,67.81714879999998],[-54.0,67.82274690000003],[-54.0,67.83303749999999],[-54.0,67.86004739999998],[-54.0,67.86220980000002],[-54.0,67.87978270000002],[-54.0,67.88235780000002],[-54.0,67.88980120000002],[-54.0,67.89765870000002],[-54.0,67.9077216],[-54.0,67.91504350000002],[-54.0,67.91871950000001],[-54.0,67.9326944],[-54.0,67.94303459999998],[-54.0,67.94959499999999],[-54.0,67.96059409999998],[-54.0,67.9705808],[-54.0,67.97831350000001],[-54.0,67.98217019999998],[-54.0,67.98313109999998],[-54.0,68.0],[-54.012092300000006,68.0],[-54.01443039999998,68.0],[-54.01474990000003,68.0],[-54.075845500000014,68.0],[-54.078950299999974,68.0],[-54.084554200000014,68.0],[-54.09267829999999,68.0],[-54.125879699999984,68.0],[-54.22922169999998,68.0],[-54.23338560000002,68.0],[-54.236622899999986,68.0],[-54.27227629999999,68.0],[-54.41803329999999,68.0],[-54.4733329,68.0],[-54.5,68.0],[-54.5,67.99175220000001],[-54.5,67.98689080000003],[-54.5,67.98370269999998],[-54.5,67.95805239999999],[-54.5,67.95791500000001],[-54.5,67.86678389999997],[-54.5,67.77812499999999],[-54.5,67.70636359999997],[-54.5,67.5],[-54.15937889999998,67.5]]]]},"properties":{"datasetName":"101DK004BUDIE","edition":1,"update":0,"status":2}},{"type":"Feature","geometry":{"type":"MultiPolygon","coordinates":[[[[-55.5,72.0],[-55.5,72.5],[-56.0,72.5],[-56.0,72.0],[-55.5,72.0]]]]},"properties":{"datasetName":"101DK004CMDCE","edition":1,"update":0,"status":1}},{"type":"Feature","geometry":{"type":"MultiPolygon","coordinates":[[[[9.5,57.0],[9.5,57.116666699999996],[9.5,57.5],[9.0,57.5],[9.0,57.05000000000001],[9.0,57.0],[9.5,57.0]]]]},"properties":{"datasetName":"101DK0041337E","edition":1,"update":0,"status":4}},{"type":"Feature","geometry":{"type":"MultiPolygon","coordinates":[[[[10.5,56.0],[10.5,56.33333329999999],[10.5,56.44999999999999],[10.5,56.5],[10.0,56.5],[10.0,56.44999999999999],[10.0,56.33333329999999],[10.0,56.0],[10.5,56.0]]]]},"properties":{"datasetName":"101DK0040941E","edition":1,"update":0,"status":3}},{"type":"Feature","geometry":{"type":"MultiPolygon","coordinates":[[[[-53.98787390000001,67.5],[-53.98049789999999,67.5],[-53.97444860000002,67.5],[-53.97437500000001,67.5],[-53.91820719999998,67.5],[-53.887181999999996,67.5],[-53.87703809999999,67.5],[-53.8663148,67.5],[-53.846338100000025,67.5],[-53.844148099999984,67.5],[-53.76023279999998,67.5],[-53.69191860000001,67.5],[-53.68981910000002,67.5],[-53.68953019999998,67.5],[-53.66247090000002,67.5],[-53.648956199999986,67.5],[-53.63297669999997,67.5],[-53.620104000000026,67.5],[-53.59377189999998,67.5],[-53.59218240000001,67.5],[-53.590033300000016,67.5],[-53.58432240000002,67.5],[-53.58208930000001,67.5],[-53.58155540000001,67.5],[-53.578846699999986,67.5],[-53.57563470000002,67.5],[-53.575321599999995,67.5],[-53.57418660000002,67.5],[-53.56633549999998,67.5],[-53.53327999999999,67.5],[-53.512374799999975,67.5],[-53.50808239999998,67.5],[-53.5,67.5],[-53.5,67.500204],[-53.5,67.50121089999999],[-53.5,67.50121360000003],[-53.5,67.5022735],[-53.5,67.50228470000002],[-53.5,67.5150448],[-53.5,67.5150496],[-53.5,67.5176849],[-53.5,67.51769860000002],[-53.5,67.52061959999997],[-53.5,67.52065010000001],[-53.5,67.52183200000002],[-53.5,67.52183280000003],[-53.5,67.52506299999999],[-53.5,67.52506519999997],[-53.5,67.5256281],[-53.5,67.52660609999998],[-53.5,67.5275188],[-53.5,67.52882670000002],[-53.5,67.5302777],[-53.5,67.53475129999998],[-53.5,67.53807769999997],[-53.5,67.53819720000001],[-53.5,67.53897649999999],[-53.5,67.5399612],[-53.5,67.54097030000003],[-53.5,67.54168800000002],[-53.5,67.5421862],[-53.5,67.54291990000002],[-53.5,67.5440802],[-53.5,67.54447900000002],[-53.5,67.54601939999998],[-53.5,67.54637839999998],[-53.5,67.54670779999998],[-53.5,67.5491839],[-53.5,67.54978829999999],[-53.5,67.5501961],[-53.5,67.55049889999998],[-53.5,67.55080579999998],[-53.5,67.5509889],[-53.5,67.55150659999998],[-53.5,67.55341229999999],[-53.5,67.55808159999998],[-53.5,67.55932810000002],[-53.5,67.55984389999998],[-53.5,67.56068049999999],[-53.5,67.5613884],[-53.5,67.56405319999999],[-53.5,67.56451659999999],[-53.5,67.56639389999998],[-53.5,67.56713389999999],[-53.5,67.56787800000001],[-53.5,67.56842189999998],[-53.5,67.57406859999998],[-53.5,67.57504949999998],[-53.5,67.5758348],[-53.5,67.57643309999997],[-53.5,67.57734579999999],[-53.5,67.57811509999999],[-53.5,67.57929080000002],[-53.5,67.58021810000002],[-53.5,67.58065110000001],[-53.5,67.58190539999998],[-53.5,67.58441219999997],[-53.5,67.58663589999998],[-53.5,67.58747629999999],[-53.5,67.5882853],[-53.5,67.5894457],[-53.5,67.59060140000003],[-53.5,67.59133969999999],[-53.5,67.59310349999998],[-53.5,67.59435969999998],[-53.5,67.60193520000001],[-53.5,67.60225709999997],[-53.5,67.60248589999998],[-53.5,67.60294850000002],[-53.5,67.60349730000002],[-53.5,67.60585220000002],[-53.5,67.60645679999999],[-53.5,67.6070517],[-53.5,67.6077932],[-53.5,67.60859649999998],[-53.5,67.61184179999998],[-53.5,67.61371659999998],[-53.5,67.61519399999997],[-53.5,67.6155329],[-53.5,67.61684029999998],[-53.5,67.61730899999998],[-53.5,67.61781059999998],[-53.5,67.61955649999999],[-53.5,67.62122199999999],[-53.5,67.62209519999999],[-53.5,67.64486440000002],[-53.5,67.6467629],[-53.5,67.64747340000002],[-53.5,67.6497812],[-53.5,67.65105979999998],[-53.5,67.65139210000001],[-53.5,67.65247449999998],[-53.5,67.6532699],[-53.5,67.65513420000002],[-53.5,67.6567111],[-53.5,67.66044190000002],[-53.5,67.66137520000001],[-53.5,67.66239389999998],[-53.5,67.6668704],[-53.5,67.66775619999999],[-53.5,67.66837779999997],[-53.5,67.66888929999999],[-53.5,67.66977680000002],[-53.5,67.6707705],[-53.5,67.67204650000002],[-53.5,67.67274750000001],[-53.5,67.67328220000002],[-53.5,67.67408610000001],[-53.5,67.67546249999998],[-53.5,67.67880680000002],[-53.5,67.6798258],[-53.5,67.68192479999999],[-53.5,67.68344250000001],[-53.5,67.68428460000001],[-53.5,67.68525060000002],[-53.5,67.68633540000002],[-53.5,67.68732540000002],[-53.5,67.68891819999999],[-53.5,67.6920819],[-53.5,67.69545820000002],[-53.5,67.69663659999998],[-53.5,67.69743089999997],[-53.5,67.69830510000003],[-53.5,67.70177230000002],[-53.5,67.70329049999998],[-53.5,67.70379860000003],[-53.5,67.70419120000003],[-53.5,67.70683550000001],[-53.5,67.70985940000003],[-53.5,67.71080130000001],[-53.5,67.71123399999999],[-53.5,67.71154660000002],[-53.5,67.71213920000002],[-53.5,67.71416950000003],[-53.5,67.71777100000003],[-53.5,67.71891069999998],[-53.5,67.7189808],[-53.5,67.71966529999997],[-53.5,67.7212687],[-53.5,67.72205009999999],[-53.5,67.72270270000001],[-53.5,67.72356300000001],[-53.5,67.72424339999998],[-53.5,67.72546599999998],[-53.5,67.7262541],[-53.5,67.73098870000001],[-53.5,67.7323035],[-53.5,67.73290109999999],[-53.5,67.7343257],[-53.5,67.73625220000002],[-53.5,67.73670049999998],[-53.5,67.73733019999997],[-53.5,67.73755290000003],[-53.5,67.7380556],[-53.5,67.73982769999998],[-53.5,67.74357600000002],[-53.5,67.7442939],[-53.5,67.7458603],[-53.5,67.74648669999999],[-53.5,67.74725990000002],[-53.5,67.75],[-53.5,67.75004489999998],[-53.5,67.75009610000001],[-53.5,67.7509392],[-53.5,67.75099540000002],[-53.5,67.7523301],[-53.5,67.7539825],[-53.5,67.75443330000002],[-53.5,67.75515389999998],[-53.5,67.75553059999999],[-53.5,67.7574836],[-53.5,67.76085389999997],[-53.5,67.7634157],[-53.5,67.76369269999998],[-53.5,67.76795229999999],[-53.5,67.76801740000002],[-53.5,67.77084350000001],[-53.5,67.7719012],[-53.5,67.77537710000001],[-53.5,67.77606050000003],[-53.5,67.77723170000002],[-53.5,67.77757930000001],[-53.5,67.7789952],[-53.5,67.78032409999997],[-53.5,67.78127210000002],[-53.5,67.7822693],[-53.5,67.78353379999999],[-53.5,67.78798560000001],[-53.5,67.78925199999998],[-53.5,67.78977040000001],[-53.5,67.79017420000002],[-53.5,67.79063919999999],[-53.5,67.791245],[-53.5,67.792192],[-53.5,67.79366759999999],[-53.5,67.79433239999997],[-53.5,67.7955437],[-53.5,67.79598729999998],[-53.5,67.79681],[-53.5,67.79729129999998],[-53.5,67.79815239999999],[-53.5,67.79962160000002],[-53.5,67.80026750000002],[-53.5,67.80070560000001],[-53.5,67.8011492],[-53.5,67.80140499999999],[-53.5,67.80167469999998],[-53.5,67.80497480000002],[-53.5,67.80803259999999],[-53.5,67.8109384],[-53.5,67.8132627],[-53.5,67.81511510000001],[-53.5,67.81732820000002],[-53.5,67.81962040000002],[-53.5,67.82231339999998],[-53.5,67.8234736],[-53.5,67.824183],[-53.5,67.82658659999998],[-53.5,67.83218720000002],[-53.5,67.83741900000001],[-53.5,67.83765],[-53.5,67.85821859999999],[-53.5,67.85907379999998],[-53.5,67.8674044],[-53.5,67.86943880000001],[-53.5,67.8696104],[-53.5,67.874236],[-53.5,67.87439030000002],[-53.5,67.8911268],[-53.5,67.89244000000002],[-53.5,67.89575980000001],[-53.5,67.8967558],[-53.5,67.89765829999999],[-53.5,67.8987884],[-53.5,67.89912399999997],[-53.5,67.90313959999997],[-53.5,67.9035925],[-53.5,67.90369809999999],[-53.5,67.90410309999999],[-53.5,67.90543200000002],[-53.5,67.90543500000001],[-53.5,67.90606009999999],[-53.5,67.90606969999999],[-53.5,67.90987100000001],[-53.5,67.90989289999999],[-53.5,67.91492140000003],[-53.5,67.91503160000002],[-53.5,67.91740729999998],[-53.5,67.91796190000002],[-53.5,67.9179656],[-53.5,67.92214000000001],[-53.5,67.92215249999998],[-53.5,67.92362370000001],[-53.5,67.9236292],[-53.5,67.92690579999999],[-53.5,67.92691810000002],[-53.5,67.92932409999997],[-53.5,67.94353269999999],[-53.5,67.9435408],[-53.5,67.94432139999998],[-53.5,67.94432219999999],[-53.5,67.9450132],[-53.5,67.94508150000001],[-53.5,67.94508530000002],[-53.5,67.9450918],[-53.5,67.9452832],[-53.5,67.9453416],[-53.5,67.94534290000001],[-53.5,67.94733179999997],[-53.5,67.94737170000002],[-53.5,67.9478383],[-53.5,67.94983509999997],[-53.5,67.95025709999999],[-53.5,67.95115429999998],[-53.5,67.95242630000001],[-53.5,67.95357209999997],[-53.5,67.95398110000002],[-53.5,67.9551667],[-53.5,67.95540970000002],[-53.5,67.95560189999998],[-53.5,67.95614849999998],[-53.5,67.95778810000002],[-53.5,67.96547670000001],[-53.5,67.96699560000002],[-53.5,67.9677284],[-53.5,67.96880709999999],[-53.5,67.96955480000003],[-53.5,67.96956999999998],[-53.5,67.995654],[-53.5,67.99578079999998],[-53.5,68.0],[-53.504533200000026,68.0],[-53.50610230000001,68.0],[-53.51266930000003,68.0],[-53.515023799999994,68.0],[-53.5155431,68.0],[-53.51886380000002,68.0],[-53.522287000000006,68.0],[-53.54432489999999,68.0],[-53.54641129999999,68.0],[-53.54645399999998,68.0],[-53.5502338,68.0],[-53.55364279999998,68.0],[-53.55562900000001,68.0],[-53.5609819,68.0],[-53.5682506,68.0],[-53.583471900000006,68.0],[-53.58513570000002,68.0],[-53.58634230000001,68.0],[-53.59318680000001,68.0],[-53.59940999999998,68.0],[-53.60380279999998,68.0],[-53.61010449999998,68.0],[-53.615235900000016,68.0],[-53.62160990000001,68.0],[-53.623021800000004,68.0],[-53.630760899999984,68.0],[-53.631969200000015,68.0],[-53.632055200000025,68.0],[-53.6340386,68.0],[-53.63871929999999,68.0],[-53.63931889999998,68.0],[-53.64118639999998,68.0],[-53.64694530000003,68.0],[-53.64760949999999,68.0],[-53.65150440000002,68.0],[-53.65163519999999,68.0],[-53.66266239999999,68.0],[-53.663574900000015,68.0],[-53.66444250000001,68.0],[-53.670476199999996,68.0],[-53.67126330000002,68.0],[-53.673165400000016,68.0],[-53.674677299999985,68.0],[-53.68130389999999,68.0],[-53.684271799999976,68.0],[-53.68603139999999,68.0],[-53.68984499999999,68.0],[-53.696239100000014,68.0],[-53.70915860000002,68.0],[-53.717968499999984,68.0],[-53.7297423,68.0],[-53.73239339999998,68.0],[-53.73753829999998,68.0],[-53.73862029999998,68.0],[-53.742597699999976,68.0],[-53.75,68.0],[-53.750066000000004,68.0],[-53.758670499999994,68.0],[-53.76814589999998,68.0],[-53.77300300000002,68.0],[-53.77719999999999,68.0],[-53.77902080000001,68.0],[-53.785492799999986,68.0],[-53.79329999999999,68.0],[-53.79340000000002,68.0],[-53.80890019999998,68.0],[-53.8089018,68.0],[-53.80975430000001,68.0],[-53.809766000000025,68.0],[-53.81224129999998,68.0],[-53.81228599999997,68.0],[-53.83285999999998,68.0],[-53.83307129999997,68.0],[-53.83307450000001,68.0],[-53.83615800000001,68.0],[-53.836169299999995,68.0],[-53.839307899999994,68.0],[-53.839361800000006,68.0],[-53.853148799999985,68.0],[-53.85351960000003,68.0],[-53.86233329999999,68.0],[-53.862343899999985,68.0],[-53.880229199999974,68.0],[-53.881791599999985,68.0],[-53.881940499999985,68.0],[-53.89999999999998,68.0],[-53.92065689999998,68.0],[-53.922330199999976,68.0],[-53.943162700000016,68.0],[-53.94348719999999,68.0],[-53.95639510000001,68.0],[-53.95779329999999,68.0],[-53.966952900000024,68.0],[-53.96695970000002,68.0],[-53.98827189999997,68.0],[-53.988529099999994,68.0],[-54.0,68.0],[-54.0,67.98314040000002],[-54.0,67.98313109999998],[-54.0,67.98217140000003],[-54.0,67.98217019999998],[-54.0,67.97845160000003],[-54.0,67.97831350000001],[-54.0,67.9705808],[-54.0,67.9705624],[-54.0,67.97001879999999],[-54.0,67.96914900000002],[-54.0,67.96059409999998],[-54.0,67.96058749999997],[-54.0,67.95874049999998],[-54.0,67.94959499999999],[-54.0,67.94951029999999],[-54.0,67.94303609999997],[-54.0,67.94303459999998],[-54.0,67.9326944],[-54.0,67.9326868],[-54.0,67.91873140000001],[-54.0,67.91871950000001],[-54.0,67.91740729999998],[-54.0,67.91504350000002],[-54.0,67.91498039999999],[-54.0,67.9079759],[-54.0,67.9077216],[-54.0,67.8976652],[-54.0,67.89765870000002],[-54.0,67.88980120000002],[-54.0,67.88235780000002],[-54.0,67.88025069999998],[-54.0,67.87978270000002],[-54.0,67.87600040000001],[-54.0,67.86220980000002],[-54.0,67.86130650000001],[-54.0,67.8606069],[-54.0,67.86004739999998],[-54.0,67.85186169999997],[-54.0,67.8345195],[-54.0,67.8338455],[-54.0,67.83303749999999],[-54.0,67.82274690000003],[-54.0,67.8227382],[-54.0,67.81714879999998],[-54.0,67.81488639999998],[-54.0,67.8147037],[-54.0,67.79296470000003],[-54.0,67.78226940000002],[-54.0,67.78210009999998],[-54.0,67.75957140000003],[-54.0,67.7579404],[-54.0,67.75335130000002],[-54.0,67.75318170000003],[-54.0,67.75133579999999],[-54.0,67.74838999999997],[-54.0,67.7481009],[-54.0,67.71668299999999],[-54.0,67.71667939999998],[-54.0,67.71632829999999],[-54.0,67.70988720000003],[-54.0,67.70975320000002],[-54.0,67.70963269999999],[-54.0,67.66785520000002],[-54.0,67.65093919999998],[-54.0,67.6427147],[-54.0,67.64236749999998],[-54.0,67.64236590000002],[-54.0,67.64181230000003],[-54.0,67.64069089999998],[-54.0,67.59609210000002],[-54.0,67.59576019999997],[-54.0,67.55746679999999],[-54.0,67.54567450000002],[-54.0,67.54088230000002],[-54.0,67.52580139999998],[-54.0,67.5044206],[-54.0,67.5],[-53.98787390000001,67.5]]]]},"properties":{"datasetName":"101DK004BUDKE","edition":1,"update":0,"status":4}},{"type":"Feature","geometry":{"type":"MultiPolygon","coordinates":[[[[-53.269716700000004,65.5],[-53.25638350000003,65.5],[-53.25466920000002,65.5],[-53.24993219999999,65.5],[-53.23618019999998,65.5],[-53.156166299999995,65.5],[-53.151049899999975,65.5],[-53.14807450000001,65.5],[-53.144664999999975,65.5],[-53.13555630000002,65.5],[-53.13075300000003,65.5],[-53.12831540000002,65.5],[-53.12504389999998,65.5],[-53.12272610000002,65.5],[-53.1208623,65.5],[-53.11868070000003,65.5],[-53.118543999999986,65.5],[-53.11587789999999,65.5],[-53.10960779999999,65.5],[-53.09946289999999,65.5],[-53.09223739999999,65.5],[-53.08328990000001,65.5],[-53.07658190000001,65.5],[-53.07428040000002,65.5],[-53.072990300000015,65.5],[-53.05713209999999,65.5],[-53.05610810000002,65.5],[-53.05226140000002,65.5],[-53.050813500000004,65.5],[-53.047965499999975,65.5],[-53.040446599999996,65.5],[-53.03904619999997,65.5],[-53.038565800000015,65.5],[-53.03621190000001,65.5],[-53.03493309999999,65.5],[-53.0344839,65.5],[-53.03423040000001,65.5],[-53.0286653,65.5],[-53.02136890000003,65.5],[-53.02045820000001,65.5],[-53.02000320000002,65.5],[-53.018700000000024,65.5],[-53.01496529999997,65.5],[-53.002465400000006,65.5],[-53.00092769999998,65.5],[-53.0,65.5],[-53.0,65.50311479999999],[-53.0,65.50353100000001],[-53.0,65.50630810000001],[-53.0,65.50637799999998],[-53.0,65.50642160000001],[-53.0,65.50832220000001],[-53.0,65.50985539999999],[-53.0,65.51040890000002],[-53.0,65.51068070000002],[-53.0,65.51109350000002],[-53.0,65.51167320000002],[-53.0,65.5129705],[-53.0,65.51446920000001],[-53.0,65.51523370000001],[-53.0,65.515693],[-53.0,65.51592670000002],[-53.0,65.51678930000003],[-53.0,65.51789780000001],[-53.0,65.5194487],[-53.0,65.52034980000002],[-53.0,65.52219009999999],[-53.0,65.5234054],[-53.0,65.52600949999999],[-53.0,65.53154310000002],[-53.0,65.53485719999998],[-53.0,65.53524140000002],[-53.0,65.53735820000003],[-53.0,65.5380232],[-53.0,65.53837119999997],[-53.0,65.53864190000002],[-53.0,65.53893110000001],[-53.0,65.5396637],[-53.0,65.54015199999998],[-53.0,65.54056400000002],[-53.0,65.5409995],[-53.0,65.54151810000002],[-53.0,65.5418727],[-53.0,65.54272630000003],[-53.0,65.54348320000003],[-53.0,65.54409609999999],[-53.0,65.54484480000002],[-53.0,65.54985779999998],[-53.0,65.5499163],[-53.0,65.55149319999998],[-53.0,65.55202709999998],[-53.0,65.55270050000001],[-53.0,65.55306990000003],[-53.0,65.55340159999997],[-53.0,65.55376480000001],[-53.0,65.55380480000002],[-53.0,65.55467220000003],[-53.0,65.55524309999998],[-53.0,65.55581130000002],[-53.0,65.55634650000002],[-53.0,65.55698030000002],[-53.0,65.55751679999997],[-53.0,65.5582339],[-53.0,65.5602222],[-53.0,65.5606598],[-53.0,65.56115440000002],[-53.0,65.5616382],[-53.0,65.5634091],[-53.0,65.56448160000002],[-53.0,65.56521609999999],[-53.0,65.56637790000002],[-53.0,65.56693289999998],[-53.0,65.5677212],[-53.0,65.57057509999999],[-53.0,65.57171490000002],[-53.0,65.57336509999999],[-53.0,65.57459239999997],[-53.0,65.57585019999999],[-53.0,65.576774],[-53.0,65.5795994],[-53.0,65.5812181],[-53.0,65.58336220000001],[-53.0,65.58783469999997],[-53.0,65.59468329999999],[-53.0,65.59732279999997],[-53.0,65.5980333],[-53.0,66.0],[-53.3283333,66.0],[-53.33017760000001,66.0],[-53.35067170000002,66.0],[-53.35620269999998,66.0],[-53.36252030000003,66.0],[-53.36744729999998,66.0],[-53.37576739999997,66.0],[-53.386896999999976,66.0],[-53.39280689999998,66.0],[-53.395531800000015,66.0],[-53.400687300000016,66.0],[-53.40137349999998,66.0],[-53.4094738,66.0],[-53.40947390000002,66.0],[-53.41112099999998,66.0],[-53.4124913,66.0],[-53.412645199999986,66.0],[-53.42808400000001,66.0],[-53.42808409999998,66.0],[-53.431625,66.0],[-53.431625199999985,66.0],[-53.434394699999984,66.0],[-53.43667199999999,66.0],[-53.43746229999999,66.0],[-53.4437992,66.0],[-53.44479799999999,66.0],[-53.44645910000003,66.0],[-53.45017919999998,66.0],[-53.46108290000001,66.0],[-53.47082230000001,66.0],[-53.47801909999998,66.0],[-53.47848640000001,66.0],[-53.487290900000005,66.0],[-53.4984116,66.0],[-53.5,66.0],[-53.5,65.99831569999998],[-53.5,65.99755529999999],[-53.5,65.99637009999998],[-53.5,65.99540100000002],[-53.5,65.99526959999997],[-53.5,65.99373530000003],[-53.5,65.98763659999997],[-53.5,65.98752430000002],[-53.5,65.9850265],[-53.5,65.98404249999999],[-53.5,65.98162769999999],[-53.5,65.97864279999999],[-53.5,65.978227],[-53.5,65.9703126],[-53.5,65.96936840000001],[-53.5,65.9641001],[-53.5,65.96353879999998],[-53.5,65.96267649999999],[-53.5,65.96221659999998],[-53.5,65.9617341],[-53.5,65.96145469999999],[-53.5,65.9608318],[-53.5,65.96017740000002],[-53.5,65.96017269999999],[-53.5,65.95959199999999],[-53.5,65.958576],[-53.5,65.95840220000002],[-53.5,65.9558821],[-53.5,65.95562790000002],[-53.5,65.95539509999998],[-53.5,65.9539421],[-53.5,65.95337699999999],[-53.5,65.95023420000001],[-53.5,65.9497773],[-53.5,65.94937570000002],[-53.5,65.94782049999998],[-53.5,65.94605050000001],[-53.5,65.94162890000001],[-53.5,65.9398218],[-53.5,65.93864730000001],[-53.5,65.9385082],[-53.5,65.93700890000002],[-53.5,65.93516090000003],[-53.5,65.91852019999999],[-53.5,65.9174784],[-53.5,65.91634920000001],[-53.5,65.91595539999997],[-53.5,65.90692100000001],[-53.5,65.9043092],[-53.5,65.90268559999998],[-53.5,65.9010654],[-53.5,65.90024870000002],[-53.5,65.8999475],[-53.5,65.89450599999998],[-53.5,65.8902526],[-53.5,65.89013699999998],[-53.5,65.88099999999997],[-53.5,65.5],[-53.269716700000004,65.5]]]]},"properties":{"datasetName":"101DK004BMDME","edition":1,"update":0,"status":4}},{"type":"Feature","geometry":{"type":"MultiPolygon","coordinates":[[[[12.717215899999985,55.5],[13.0,55.5],[13.0,56.0],[12.652315499999986,56.0],[12.5,56.0],[12.5,55.96659169999998],[12.5,55.96365100000003],[12.5,55.9384],[12.5,55.92953],[12.5,55.87858499999999],[12.5,55.75],[12.5,55.5],[12.717215899999985,55.5]]]]},"properties":{"datasetName":"101DK0040751E","edition":1,"update":0,"status":1}},{"type":"Feature","geometry":{"type":"MultiPolygon","coordinates":[[[[-44.49981309999998,60.0],[-44.499119699999994,60.0],[-44.498386100000005,60.0],[-44.497639100000015,60.0],[-44.49688980000002,60.0],[-44.49618079999999,60.0],[-44.49555090000001,60.0],[-44.494945599999994,60.0],[-44.49488910000002,60.0],[-44.4943341,60.0],[-44.49373480000003,60.0],[-44.493156399999975,60.0],[-44.49255849999997,60.0],[-44.49199549999997,60.0],[-44.49144469999999,60.0],[-44.49085960000002,60.0],[-44.4903147,60.0],[-44.4885094,60.0],[-44.48772300000002,60.0],[-44.48703519999998,60.0],[-44.48640590000002,60.0],[-44.485516700000005,60.0],[-44.48477079999998,60.0],[-44.48394209999998,60.0],[-44.48309590000002,60.0],[-44.48220789999999,60.0],[-44.481112199999984,60.0],[-44.479389500000025,60.0],[-44.47848549999998,60.0],[-44.4765175,60.0],[-44.47577849999999,60.0],[-44.47446389999999,60.0],[-44.47357779999999,60.0],[-44.47310829999998,60.0],[-44.4726526,60.0],[-44.47206879999999,60.0],[-44.471227399999975,60.0],[-44.470378400000016,60.0],[-44.46859230000001,60.0],[-44.467482700000005,60.0],[-44.465605100000005,60.0],[-44.46346440000002,60.0],[-44.45729669999997,60.0],[-44.4552018,60.0],[-44.45334939999998,60.0],[-44.452042199999994,60.0],[-44.45061240000001,60.0],[-44.449213799999995,60.0],[-44.4489289,60.0],[-44.44866999999999,60.0],[-44.448395600000026,60.0],[-44.4480767,60.0],[-44.44780730000002,60.0],[-44.44757820000001,60.0],[-44.44733059999999,60.0],[-44.4469909,60.0],[-44.44622340000001,60.0],[-44.44541609999999,60.0],[-44.44478429999998,60.0],[-44.444266400000004,60.0],[-44.44376010000002,60.0],[-44.44329149999999,60.0],[-44.44184150000001,60.0],[-44.44183450000003,60.0],[-44.4259404,60.0],[-44.42576070000001,60.0],[-44.42380259999999,60.0],[-44.42289169999998,60.0],[-44.42212380000001,60.0],[-44.42137919999999,60.0],[-44.4210382,60.0],[-44.420879300000024,60.0],[-44.42068740000002,60.0],[-44.420409800000016,60.0],[-44.4198452,60.0],[-44.41678889999997,60.0],[-44.41645740000001,60.0],[-44.41599819999999,60.0],[-44.414493400000026,60.0],[-44.41105540000001,60.0],[-44.40740699999998,60.0],[-44.403954899999974,60.0],[-44.403505499999994,60.0],[-44.403068700000006,60.0],[-44.4025628,60.0],[-44.40203550000001,60.0],[-44.40132,60.0],[-44.4002648,60.0],[-44.39382499999999,60.0],[-44.39269460000003,60.0],[-44.37765489999998,60.0],[-44.3776484,60.0],[-44.36097560000002,60.0],[-44.35643909999999,60.0],[-44.35643900000002,60.0],[-44.356180499999994,60.0],[-44.356027400000016,60.0],[-44.353090099999974,60.0],[-44.347855700000025,60.0],[-44.33896069999997,60.0],[-44.33258369999999,60.0],[-44.331247099999985,60.0],[-44.32761959999999,60.0],[-44.307000000000016,60.0],[-44.30557929999998,60.0],[-44.3043591,60.0],[-44.30146079999997,60.0],[-44.29442610000001,60.0],[-44.29323249999999,60.0],[-44.29066469999998,60.0],[-44.23640999999998,60.0],[-44.2356815,60.0],[-44.2353028,60.0],[-44.234970299999986,60.0],[-44.23451990000001,60.0],[-44.23418520000001,60.0],[-44.233799499999975,60.0],[-44.23320480000001,60.0],[-44.23245859999997,60.0],[-44.23164860000003,60.0],[-44.23110409999998,60.0],[-44.2306069,60.0],[-44.23001399999998,60.0],[-44.2276013,60.0],[-44.22657429999998,60.0],[-44.22234809999998,60.0],[-44.220284100000015,60.0],[-44.219301099999996,60.0],[-44.218436800000006,60.0],[-44.21749620000003,60.0],[-44.21634130000001,60.0],[-44.21552839999998,60.0],[-44.21480120000001,60.0],[-44.214044100000024,60.0],[-44.213140099999976,60.0],[-44.21203680000002,60.0],[-44.20110570000003,60.0],[-44.20037769999999,60.0],[-44.19976109999999,60.0],[-44.199143900000024,60.0],[-44.1981849,60.0],[-44.19711960000001,60.0],[-44.196010899999976,60.0],[-44.19458930000002,60.0],[-44.188763300000005,60.0],[-44.18163879999997,60.0],[-44.17906979999998,60.0],[-44.17735759999999,60.0],[-44.174531,60.0],[-44.17043860000001,60.0],[-44.16978160000002,60.0],[-44.169464300000016,60.0],[-44.16914809999997,60.0],[-44.16877090000003,60.0],[-44.16836219999999,60.0],[-44.167882899999995,60.0],[-44.166434100000004,60.0],[-44.16543539999998,60.0],[-44.1649534,60.0],[-44.1644235,60.0],[-44.16378789999999,60.0],[-44.16309460000002,60.0],[-44.162332100000015,60.0],[-44.161511700000005,60.0],[-44.160592099999974,60.0],[-44.15907520000002,60.0],[-44.152926200000024,60.0],[-44.15147459999997,60.0],[-44.15086309999998,60.0],[-44.15019319999999,60.0],[-44.149363600000015,60.0],[-44.14850560000002,60.0],[-44.14781449999998,60.0],[-44.147306000000015,60.0],[-44.14670339999998,60.0],[-44.14626290000001,60.0],[-44.14589130000002,60.0],[-44.14542349999999,60.0],[-44.14486979999998,60.0],[-44.1442533,60.0],[-44.144025399999975,60.0],[-44.14357960000001,60.0],[-44.143230800000026,60.0],[-44.14284789999999,60.0],[-44.142392700000016,60.0],[-44.14199009999999,60.0],[-44.14166,60.0],[-44.14145050000002,60.0],[-44.141324199999985,60.0],[-44.14114710000001,60.0],[-44.14091300000001,60.0],[-44.14066159999999,60.0],[-44.1404665,60.0],[-44.140253400000006,60.0],[-44.13987470000001,60.0],[-44.13966190000002,60.0],[-44.139335700000004,60.0],[-44.138838599999985,60.0],[-44.13736990000001,60.0],[-44.133823800000016,60.0],[-44.13310610000002,60.0],[-44.13250119999998,60.0],[-44.13201409999999,60.0],[-44.131512499999985,60.0],[-44.13100020000002,60.0],[-44.13056769999997,60.0],[-44.12986719999998,60.0],[-44.1273056,60.0],[-44.12642210000001,60.0],[-44.12599990000001,60.0],[-44.12569339999999,60.0],[-44.12539529999998,60.0],[-44.12520840000002,60.0],[-44.12504910000001,60.0],[-44.12471169999998,60.0],[-44.12444369999997,60.0],[-44.12404040000001,60.0],[-44.123633100000006,60.0],[-44.12297360000002,60.0],[-44.121751200000006,60.0],[-44.120517800000016,60.0],[-44.11995089999999,60.0],[-44.11981350000002,60.0],[-44.119624699999974,60.0],[-44.119365200000004,60.0],[-44.11911650000002,60.0],[-44.11853780000001,60.0],[-44.118181100000015,60.0],[-44.11792359999998,60.0],[-44.11763669999999,60.0],[-44.117418199999975,60.0],[-44.11725200000001,60.0],[-44.11704279999998,60.0],[-44.116761699999984,60.0],[-44.116497700000025,60.0],[-44.116267300000004,60.0],[-44.1159753,60.0],[-44.11566060000001,60.0],[-44.115326100000004,60.0],[-44.114816399999995,60.0],[-44.11436250000003,60.0],[-44.11336890000001,60.0],[-44.112258699999984,60.0],[-44.11160699999999,60.0],[-44.11093269999998,60.0],[-44.110457800000006,60.0],[-44.10978030000001,60.0],[-44.109209899999996,60.0],[-44.108531500000026,60.0],[-44.10795710000002,60.0],[-44.10724399999998,60.0],[-44.1067357,60.0],[-44.10633080000002,60.0],[-44.10621859999998,60.0],[-44.10598390000001,60.0],[-44.105794100000026,60.0],[-44.10455669999999,60.0],[-44.10351609999998,60.0],[-44.10314410000001,60.0],[-44.102586900000006,60.0],[-44.101371400000005,60.0],[-44.10014150000001,60.0],[-44.099468,60.0],[-44.09906410000002,60.0],[-44.09855620000002,60.0],[-44.09806420000001,60.0],[-44.097592099999986,60.0],[-44.097142700000006,60.0],[-44.09672269999999,60.0],[-44.096275100000014,60.0],[-44.09579550000001,60.0],[-44.09524379999999,60.0],[-44.094834400000025,60.0],[-44.09444259999998,60.0],[-44.094036700000004,60.0],[-44.09373720000002,60.0],[-44.09353820000001,60.0],[-44.09221600000001,60.0],[-44.09158050000002,60.0],[-44.0910935,60.0],[-44.09084680000001,60.0],[-44.09059259999998,60.0],[-44.090330600000016,60.0],[-44.08992119999999,60.0],[-44.08922039999999,60.0],[-44.08754290000002,60.0],[-44.08688890000002,60.0],[-44.086524499999996,60.0],[-44.08612549999998,60.0],[-44.08586539999999,60.0],[-44.08529420000002,60.0],[-44.084332399999994,60.0],[-44.08344390000002,60.0],[-44.08301979999999,60.0],[-44.08247499999999,60.0],[-44.08204890000002,60.0],[-44.08154910000002,60.0],[-44.08112599999998,60.0],[-44.08064999999999,60.0],[-44.079945699999996,60.0],[-44.07919450000003,60.0],[-44.07855619999998,60.0],[-44.07797479999999,60.0],[-44.07737359999999,60.0],[-44.0768832,60.0],[-44.07677039999999,60.0],[-44.076145800000006,60.0],[-44.070350899999994,60.0],[-44.06462060000001,60.0],[-44.06326419999999,60.0],[-44.06322770000003,60.0],[-44.062203599999975,60.0],[-44.06108849999998,60.0],[-44.05998410000001,60.0],[-44.05913429999998,60.0],[-44.058181400000024,60.0],[-44.0573703,60.0],[-44.05671760000001,60.0],[-44.055897200000004,60.0],[-44.05503590000001,60.0],[-44.054261699999984,60.0],[-44.053706499999976,60.0],[-44.052869199999975,60.0],[-44.05193809999997,60.0],[-44.050755400000014,60.0],[-44.0480589,60.0],[-44.04697900000002,60.0],[-44.046221100000025,60.0],[-44.04594780000002,60.0],[-44.04562529999998,60.0],[-44.045039299999985,60.0],[-44.04442940000001,60.0],[-44.04383739999997,60.0],[-44.042109400000015,60.0],[-44.041046300000005,60.0],[-44.03999190000002,60.0],[-44.03926530000001,60.0],[-44.03926510000002,60.0],[-44.038547600000015,60.0],[-44.03746030000002,60.0],[-44.036962200000005,60.0],[-44.03594099999998,60.0],[-44.035527,60.0],[-44.03439780000002,60.0],[-44.03303090000003,60.0],[-44.03223029999998,60.0],[-44.03135229999998,60.0],[-44.030282899999975,60.0],[-44.0291388,60.0],[-44.02801240000002,60.0],[-44.027051700000015,60.0],[-44.02612049999999,60.0],[-44.02520040000002,60.0],[-44.02449180000002,60.0],[-44.02304350000003,60.0],[-44.022021300000006,60.0],[-44.0213066,60.0],[-44.020909500000016,60.0],[-44.0201194,60.0],[-44.019478900000024,60.0],[-44.01880829999999,60.0],[-44.01809029999998,60.0],[-44.0175825,60.0],[-44.01713169999999,60.0],[-44.0165523,60.0],[-44.01600300000001,60.0],[-44.015466600000025,60.0],[-44.014620200000024,60.0],[-44.01385770000002,60.0],[-44.01312330000002,60.0],[-44.01268270000003,60.0],[-44.01202869999997,60.0],[-44.011538400000006,60.0],[-44.011020299999984,60.0],[-44.01022419999998,60.0],[-44.009223299999974,60.0],[-44.00856279999999,60.0],[-44.0,60.0],[-44.0,60.00553719999999],[-44.0,60.023187500000006],[-44.0,60.02469070000001],[-44.0,60.03751390000002],[-44.0,60.04450000000003],[-44.0,60.05029710000002],[-44.0,60.05513109999998],[-44.0,60.05845019999998],[-44.0,60.06080680000002],[-44.0,60.06175250000001],[-44.0,60.06213969999999],[-44.0,60.06281389999998],[-44.0,60.06330489999999],[-44.0,60.0638922],[-44.0,60.06444299999998],[-44.0,60.06498720000002],[-44.0,60.0654849],[-44.0,60.065906299999995],[-44.0,60.066254000000015],[-44.0,60.06662920000002],[-44.0,60.067004199999985],[-44.0,60.06740430000002],[-44.0,60.06784249999998],[-44.0,60.068321200000014],[-44.0,60.068775200000005],[-44.0,60.069170199999974],[-44.0,60.069468400000005],[-44.0,60.06978729999997],[-44.0,60.07007340000001],[-44.0,60.07033740000003],[-44.0,60.07063900000003],[-44.0,60.0709516],[-44.0,60.07124590000001],[-44.0,60.071601199999975],[-44.0,60.07189599999998],[-44.0,60.07216940000001],[-44.0,60.072380099999975],[-44.0,60.07259349999998],[-44.0,60.0761306],[-44.0,60.076592000000005],[-44.0,60.07680979999998],[-44.0,60.07695669999998],[-44.0,60.07706380000002],[-44.0,60.07717059999999],[-44.0,60.07726739999998],[-44.0,60.0773643],[-44.0,60.0774773],[-44.0,60.07759570000002],[-44.0,60.07777920000001],[-44.0,60.07799899999998],[-44.0,60.078207299999974],[-44.0,60.078392399999984],[-44.0,60.078599199999985],[-44.0,60.07956039999999],[-44.0,60.08009709999999],[-44.0,60.080653299999994],[-44.0,60.081140000000005],[-44.0,60.08152910000001],[-44.0,60.08178509999999],[-44.0,60.08201170000001],[-44.0,60.08221980000002],[-44.0,60.082425],[-44.0,60.08264250000002],[-44.0,60.0828846],[-44.0,60.083130900000015],[-44.0,60.08338429999998],[-44.0,60.083685],[-44.0,60.08399250000002],[-44.0,60.08430980000003],[-44.0,60.08466249999998],[-44.0,60.08498589999999],[-44.0,60.08532960000002],[-44.0,60.085652400000015],[-44.0,60.08596499999999],[-44.0,60.086292800000024],[-44.0,60.08655540000001],[-44.0,60.086786700000005],[-44.0,60.087017300000014],[-44.0,60.08734720000001],[-44.0,60.08899869999999],[-44.0,60.08926539999999],[-44.0,60.08948329999998],[-44.0,60.08974490000003],[-44.0,60.091365800000005],[-44.0,60.09258010000002],[-44.0,60.093129999999974],[-44.0,60.09355599999998],[-44.0,60.094818799999985],[-44.0,60.09724899999998],[-44.0,60.09889509999999],[-44.0,60.100413600000024],[-44.0,60.10219769999998],[-44.0,60.11153969999998],[-44.0,60.112743799999976],[-44.0,60.1135931],[-44.0,60.11448899999999],[-44.0,60.11496299999999],[-44.0,60.11872390000002],[-44.0,60.1193935],[-44.0,60.1203562],[-44.0,60.12099599999999],[-44.0,60.12155990000002],[-44.0,60.12189999999998],[-44.0,60.12216160000003],[-44.0,60.12477919999998],[-44.0,60.1253418],[-44.0,60.12577379999999],[-44.0,60.12626660000001],[-44.0,60.1268819],[-44.0,60.12746959999998],[-44.0,60.1278767],[-44.0,60.12817159999997],[-44.0,60.128783399999975],[-44.0,60.129431599999975],[-44.0,60.1308717],[-44.0,60.13141830000001],[-44.0,60.131901700000014],[-44.0,60.132387900000026],[-44.0,60.13284970000001],[-44.0,60.13323980000001],[-44.0,60.13358849999997],[-44.0,60.13411000000002],[-44.0,60.135177899999974],[-44.0,60.136553100000015],[-44.0,60.13815410000001],[-44.0,60.138776199999995],[-44.0,60.13910040000002],[-44.0,60.13939090000002],[-44.0,60.14006180000001],[-44.0,60.14048709999997],[-44.0,60.14108279999999],[-44.0,60.141137800000024],[-44.0,60.14240819999998],[-44.0,60.14348230000002],[-44.0,60.14497210000002],[-44.0,60.145720900000015],[-44.0,60.14797279999999],[-44.0,60.1485634],[-44.0,60.148850700000025],[-44.0,60.14916390000002],[-44.0,60.15099809999998],[-44.0,60.151322100000016],[-44.0,60.15148749999997],[-44.0,60.15165380000002],[-44.0,60.15206239999998],[-44.0,60.152321400000005],[-44.0,60.15274520000003],[-44.0,60.153092000000015],[-44.0,60.15341669999998],[-44.0,60.15375879999999],[-44.0,60.15423770000001],[-44.0,60.15474649999999],[-44.0,60.155081300000006],[-44.0,60.15564790000002],[-44.0,60.156012499999974],[-44.0,60.15640430000002],[-44.0,60.156634],[-44.0,60.15692739999997],[-44.0,60.1571965],[-44.0,60.15746100000001],[-44.0,60.157665699999995],[-44.0,60.15791810000002],[-44.0,60.15811630000002],[-44.0,60.15833739999999],[-44.0,60.15855260000001],[-44.0,60.1585791],[-44.0,60.158765700000004],[-44.0,60.158951],[-44.0,60.15916629999998],[-44.0,60.159530099999984],[-44.0,60.159856400000024],[-44.0,60.16030549999999],[-44.0,60.16045409999998],[-44.0,60.16131360000003],[-44.0,60.16514569999998],[-44.0,60.168546100000015],[-44.0,60.17258939999999],[-44.0,60.173329000000024],[-44.0,60.173598700000014],[-44.0,60.17399069999999],[-44.0,60.17449310000001],[-44.0,60.1747206],[-44.0,60.174973799999975],[-44.0,60.17512799999997],[-44.0,60.1753119],[-44.0,60.1755981],[-44.0,60.17589750000002],[-44.0,60.176042800000005],[-44.0,60.17616149999998],[-44.0,60.1762387],[-44.0,60.176329599999974],[-44.0,60.176434400000005],[-44.0,60.17660119999999],[-44.0,60.17677809999998],[-44.0,60.17690970000001],[-44.0,60.17703089999998],[-44.0,60.17714840000002],[-44.0,60.17729350000002],[-44.0,60.17747270000001],[-44.0,60.1777654],[-44.0,60.178123200000016],[-44.0,60.178348700000015],[-44.0,60.17855109999999],[-44.0,60.17876740000003],[-44.0,60.179015100000015],[-44.0,60.17925450000001],[-44.0,60.179491900000016],[-44.0,60.179928200000006],[-44.0,60.18095649999998],[-44.0,60.18230729999999],[-44.0,60.182642999999985],[-44.0,60.18292810000003],[-44.0,60.183266],[-44.0,60.183444399999985],[-44.0,60.18354579999999],[-44.0,60.183648800000014],[-44.0,60.18375470000001],[-44.0,60.18387869999998],[-44.0,60.184054300000014],[-44.0,60.184267499999976],[-44.0,60.1844213],[-44.0,60.1845414],[-44.0,60.184627999999975],[-44.0,60.18471460000001],[-44.0,60.18481409999998],[-44.0,60.184914900000024],[-44.0,60.185114699999986],[-44.0,60.1854735],[-44.0,60.18571480000003],[-44.0,60.185942899999986],[-44.0,60.18624449999999],[-44.0,60.18649629999999],[-44.0,60.18731759999997],[-44.0,60.187361599999974],[-44.0,60.1877283],[-44.0,60.18814320000001],[-44.0,60.189497200000005],[-44.0,60.18989110000001],[-44.0,60.19030099999998],[-44.0,60.19087450000001],[-44.0,60.19368079999998],[-44.0,60.19413659999998],[-44.0,60.19438120000001],[-44.0,60.19458300000002],[-44.0,60.19471549999997],[-44.0,60.194774800000005],[-44.0,60.194963900000005],[-44.0,60.195112800000004],[-44.0,60.19524610000002],[-44.0,60.19595629999998],[-44.0,60.196219600000006],[-44.0,60.19658390000001],[-44.0,60.197228199999984],[-44.0,60.19761440000002],[-44.0,60.19815299999999],[-44.0,60.200109199999986],[-44.0,60.20051699999999],[-44.0,60.200852999999995],[-44.0,60.20117959999999],[-44.0,60.20159960000001],[-44.0,60.201952199999994],[-44.0,60.202244199999996],[-44.0,60.202495],[-44.0,60.202862700000026],[-44.0,60.20315040000003],[-44.0,60.203581499999984],[-44.0,60.20432890000001],[-44.0,60.20537899999999],[-44.0,60.20605119999999],[-44.0,60.206488200000024],[-44.0,60.20670469999999],[-44.0,60.207156999999995],[-44.0,60.2080206],[-44.0,60.209047199999986],[-44.0,60.211894599999994],[-44.0,60.21236040000002],[-44.0,60.21263859999999],[-44.0,60.2135935],[-44.0,60.21417050000002],[-44.0,60.21509279999998],[-44.0,60.21607899999998],[-44.0,60.21882729999999],[-44.0,60.22027859999997],[-44.0,60.22030059999997],[-44.0,60.22211920000001],[-44.0,60.22278540000002],[-44.0,60.225395100000014],[-44.0,60.23263050000003],[-44.0,60.23647620000003],[-44.0,60.24393079999999],[-44.0,60.24518389999997],[-44.0,60.245908499999985],[-44.0,60.246783100000016],[-44.0,60.24732690000002],[-44.0,60.24758129999998],[-44.0,60.247954400000026],[-44.0,60.24852010000001],[-44.0,60.2489612],[-44.0,60.24928139999997],[-44.0,60.249714400000016],[-44.0,60.25007440000002],[-44.0,60.250416599999994],[-44.0,60.25075099999998],[-44.0,60.251635799999974],[-44.0,60.25230779999998],[-44.0,60.2525129],[-44.0,60.25263319999999],[-44.0,60.25275879999998],[-44.0,60.25289980000002],[-44.0,60.253090499999985],[-44.0,60.25408920000001],[-44.0,60.254848400000014],[-44.0,60.255427399999974],[-44.0,60.25591700000001],[-44.0,60.25618079999998],[-44.0,60.25647839999999],[-44.0,60.257593499999984],[-44.0,60.25804790000001],[-44.0,60.2583482],[-44.0,60.25860039999998],[-44.0,60.25885240000002],[-44.0,60.25914519999998],[-44.0,60.25924250000003],[-44.0,60.26056890000001],[-44.0,60.2606495],[-44.0,60.26083349999999],[-44.0,60.26180900000003],[-44.0,60.26202910000001],[-44.0,60.26223049999999],[-44.0,60.26242730000001],[-44.0,60.2625539],[-44.0,60.262654199999986],[-44.0,60.26278869999999],[-44.0,60.26304809999999],[-44.0,60.26563920000001],[-44.0,60.26587469999998],[-44.0,60.26602650000001],[-44.0,60.26614799999999],[-44.0,60.26624170000002],[-44.0,60.26632489999997],[-44.0,60.266446900000005],[-44.0,60.26657449999999],[-44.0,60.26676329999998],[-44.0,60.266902200000004],[-44.0,60.2670291],[-44.0,60.26713109999997],[-44.0,60.267244000000005],[-44.0,60.26734959999999],[-44.0,60.2675064],[-44.0,60.26788770000002],[-44.0,60.268150100000014],[-44.0,60.26826970000002],[-44.0,60.268432399999995],[-44.0,60.2686061],[-44.0,60.26878210000001],[-44.0,60.26895480000002],[-44.0,60.26917370000001],[-44.0,60.269336899999985],[-44.0,60.269521999999995],[-44.0,60.26975329999999],[-44.0,60.26999189999998],[-44.0,60.27053590000003],[-44.0,60.27070329999998],[-44.0,60.270877799999994],[-44.0,60.27111409999998],[-44.0,60.27141640000002],[-44.0,60.27188410000002],[-44.0,60.272259599999984],[-44.0,60.27275129999998],[-44.0,60.27296200000001],[-44.0,60.27327580000002],[-44.0,60.27384919999997],[-44.0,60.276000899999985],[-44.0,60.27669800000001],[-44.0,60.276767800000016],[-44.0,60.27720099999999],[-44.0,60.27757129999998],[-44.0,60.27806279999999],[-44.0,60.27851879999997],[-44.0,60.27892250000002],[-44.0,60.2792733],[-44.0,60.27961640000001],[-44.0,60.27996810000002],[-44.0,60.280352300000004],[-44.0,60.28081589999999],[-44.0,60.28132199999999],[-44.0,60.281870200000014],[-44.0,60.282433000000026],[-44.0,60.28268480000003],[-44.0,60.28289810000001],[-44.0,60.28308099999998],[-44.0,60.2832641],[-44.0,60.283456],[-44.0,60.28365930000001],[-44.0,60.283919000000026],[-44.0,60.28423040000001],[-44.0,60.28458920000003],[-44.0,60.28496430000001],[-44.0,60.28610379999998],[-44.0,60.289256799999976],[-44.0,60.28965299999999],[-44.0,60.290696000000025],[-44.0,60.2911785],[-44.0,60.29142250000001],[-44.0,60.291685400000006],[-44.0,60.29235790000001],[-44.0,60.29261810000003],[-44.0,60.292886399999986],[-44.0,60.293303200000025],[-44.0,60.29364079999999],[-44.0,60.29386979999998],[-44.0,60.2941639],[-44.0,60.2945067],[-44.0,60.295009600000014],[-44.0,60.30646200000001],[-44.0,60.30646230000002],[-44.0,60.30660039999998],[-44.0,60.30681229999999],[-44.0,60.306958699999996],[-44.0,60.307405700000004],[-44.0,60.307627500000024],[-44.0,60.30783680000002],[-44.0,60.30799200000001],[-44.0,60.308161900000016],[-44.0,60.30832529999998],[-44.0,60.30855530000002],[-44.0,60.308684700000015],[-44.0,60.308793200000025],[-44.0,60.30889300000001],[-44.0,60.3090024],[-44.0,60.309122],[-44.0,60.30919779999999],[-44.0,60.309280899999976],[-44.0,60.30935520000003],[-44.0,60.30943070000001],[-44.0,60.30950819999998],[-44.0,60.309607200000016],[-44.0,60.30978449999998],[-44.0,60.30992279999998],[-44.0,60.31003870000001],[-44.0,60.31017259999999],[-44.0,60.31037679999997],[-44.0,60.310737500000016],[-44.0,60.311321299999975],[-44.0,60.31182639999997],[-44.0,60.31227460000002],[-44.0,60.312757799999986],[-44.0,60.3130635],[-44.0,60.313473699999975],[-44.0,60.31386329999998],[-44.0,60.31404939999999],[-44.0,60.31426540000001],[-44.0,60.31471970000001],[-44.0,60.31531819999998],[-44.0,60.31557359999999],[-44.0,60.315724699999976],[-44.0,60.31587280000002],[-44.0,60.31606549999998],[-44.0,60.316240300000004],[-44.0,60.316439],[-44.0,60.31671949999998],[-44.0,60.31719029999999],[-44.0,60.31764820000001],[-44.0,60.318717600000014],[-44.0,60.319661499999995],[-44.0,60.3199396],[-44.0,60.3203292],[-44.0,60.3208247],[-44.0,60.32107780000001],[-44.0,60.32158320000002],[-44.0,60.322585100000026],[-44.0,60.323515999999984],[-44.0,60.32572699999997],[-44.0,60.32915400000002],[-44.0,60.333310299999994],[-44.0,60.333310600000004],[-44.0,60.3335788],[-44.0,60.33438610000002],[-44.0,60.33513790000001],[-44.0,60.33552329999998],[-44.0,60.3358035],[-44.0,60.33590320000002],[-44.0,60.335984199999984],[-44.0,60.33606359999999],[-44.0,60.3361304],[-44.0,60.33621160000001],[-44.0,60.33630340000002],[-44.0,60.33641],[-44.0,60.33653240000001],[-44.0,60.33676009999999],[-44.0,60.33699039999999],[-44.0,60.3371224],[-44.0,60.337235299999975],[-44.0,60.33733860000001],[-44.0,60.337445],[-44.0,60.33755450000001],[-44.0,60.33767019999999],[-44.0,60.33779270000002],[-44.0,60.33791200000002],[-44.0,60.338029800000015],[-44.0,60.33817099999999],[-44.0,60.338352499999985],[-44.0,60.33858300000003],[-44.0,60.338757999999984],[-44.0,60.338833299999976],[-44.0,60.33890489999999],[-44.0,60.33907620000002],[-44.0,60.339288099999976],[-44.0,60.339567699999975],[-44.0,60.33984609999999],[-44.0,60.34009689999999],[-44.0,60.34022959999999],[-44.0,60.34037540000003],[-44.0,60.34064999999998],[-44.0,60.341011700000024],[-44.0,60.34172210000003],[-44.0,60.34528599999999],[-44.0,60.34531659999999],[-44.0,60.34550819999998],[-44.0,60.345675099999994],[-44.0,60.34582210000002],[-44.0,60.34595760000002],[-44.0,60.34609590000002],[-44.0,60.34624439999999],[-44.0,60.34641499999998],[-44.0,60.34661849999998],[-44.0,60.347819500000014],[-44.0,60.34844679999998],[-44.0,60.34891729999998],[-44.0,60.349430299999995],[-44.0,60.34997559999999],[-44.0,60.350398799999994],[-44.0,60.35080069999998],[-44.0,60.351582399999984],[-44.0,60.35266949999999],[-44.0,60.352708800000016],[-44.0,60.35305979999998],[-44.0,60.35426000000001],[-44.0,60.35447909999999],[-44.0,60.35472299999998],[-44.0,60.355062499999974],[-44.0,60.355375400000014],[-44.0,60.355649099999994],[-44.0,60.35591470000003],[-44.0,60.356130399999984],[-44.0,60.356298100000004],[-44.0,60.35646179999998],[-44.0,60.35665590000002],[-44.0,60.356927799999994],[-44.0,60.357243400000016],[-44.0,60.357473500000026],[-44.0,60.357635200000004],[-44.0,60.357765400000005],[-44.0,60.35789999999997],[-44.0,60.358039399999996],[-44.0,60.35843920000002],[-44.0,60.36263279999997],[-44.0,60.363057500000025],[-44.0,60.363467300000025],[-44.0,60.36388470000003],[-44.0,60.3642188],[-44.0,60.36460740000001],[-44.0,60.3649077],[-44.0,60.36520710000002],[-44.0,60.36546120000003],[-44.0,60.365685499999984],[-44.0,60.36590769999998],[-44.0,60.366159100000004],[-44.0,60.3665024],[-44.0,60.366763400000025],[-44.0,60.367127100000005],[-44.0,60.36758450000002],[-44.0,60.36796930000003],[-44.0,60.368259799999976],[-44.0,60.368647399999986],[-44.0,60.36889239999999],[-44.0,60.36906620000002],[-44.0,60.36919499999999],[-44.0,60.369369199999994],[-44.0,60.36949600000003],[-44.0,60.36967290000001],[-44.0,60.369894999999985],[-44.0,60.370041300000025],[-44.0,60.37023210000001],[-44.0,60.37041670000002],[-44.0,60.370616600000005],[-44.0,60.37083209999997],[-44.0,60.371038],[-44.0,60.371222999999986],[-44.0,60.37138950000002],[-44.0,60.37155869999998],[-44.0,60.37174249999998],[-44.0,60.371935699999995],[-44.0,60.37214030000001],[-44.0,60.3724052],[-44.0,60.37268110000002],[-44.0,60.37292239999999],[-44.0,60.37316179999999],[-44.0,60.373406999999986],[-44.0,60.373693],[-44.0,60.374042799999984],[-44.0,60.3751125],[-44.0,60.3754902],[-44.0,60.375714000000016],[-44.0,60.37587180000003],[-44.0,60.37602959999998],[-44.0,60.37617519999998],[-44.0,60.37631879999998],[-44.0,60.3764635],[-44.0,60.376636700000006],[-44.0,60.376954599999976],[-44.0,60.37723030000001],[-44.0,60.377545399999974],[-44.0,60.37818229999999],[-44.0,60.37853100000001],[-44.0,60.37908229999999],[-44.0,60.38209010000003],[-44.0,60.38236790000002],[-44.0,60.38405080000001],[-44.0,60.38429309999998],[-44.0,60.384580099999994],[-44.0,60.38495360000002],[-44.0,60.385466199999996],[-44.0,60.38577029999999],[-44.0,60.38604049999998],[-44.0,60.386344699999995],[-44.0,60.38664240000003],[-44.0,60.38680219999998],[-44.0,60.38691920000002],[-44.0,60.38715689999998],[-44.0,60.38746950000001],[-44.0,60.38789539999999],[-44.0,60.390384900000015],[-44.0,60.39068600000002],[-44.0,60.390720999999985],[-44.0,60.39091350000001],[-44.0,60.39118330000002],[-44.0,60.392105500000014],[-44.0,60.39276760000001],[-44.0,60.39337210000002],[-44.0,60.39391310000002],[-44.0,60.394442000000026],[-44.0,60.394842900000015],[-44.0,60.396187499999996],[-44.0,60.397843799999976],[-44.0,60.39851809999999],[-44.0,60.398753399999975],[-44.0,60.398885699999994],[-44.0,60.39901689999999],[-44.0,60.39914729999998],[-44.0,60.39925529999999],[-44.0,60.399359300000015],[-44.0,60.39945719999997],[-44.0,60.399552700000015],[-44.0,60.399669700000004],[-44.0,60.3998206],[-44.0,60.401168900000016],[-44.0,60.4013554],[-44.0,60.40147969999998],[-44.0,60.40159030000001],[-44.0,60.40171090000001],[-44.0,60.401834099999974],[-44.0,60.40201450000001],[-44.0,60.4022789],[-44.0,60.4025436],[-44.0,60.4027744],[-44.0,60.4032378],[-44.0,60.404572599999995],[-44.0,60.404770600000006],[-44.0,60.40494100000001],[-44.0,60.405122300000016],[-44.0,60.40535080000001],[-44.0,60.40614529999999],[-44.0,60.406414299999994],[-44.0,60.406594299999995],[-44.0,60.40673850000002],[-44.0,60.40681510000002],[-44.0,60.40689170000002],[-44.0,60.406972800000005],[-44.0,60.4070638],[-44.0,60.40715469999998],[-44.0,60.40727429999998],[-44.0,60.407399699999985],[-44.0,60.407541400000014],[-44.0,60.40769770000003],[-44.0,60.407890899999984],[-44.0,60.4081051],[-44.0,60.40822400000002],[-44.0,60.408490400000005],[-44.0,60.408643600000005],[-44.0,60.40880299999998],[-44.0,60.40898709999999],[-44.0,60.4090837],[-44.0,60.4091062],[-44.0,60.409354500000006],[-44.0,60.40956619999997],[-44.0,60.4098338],[-44.0,60.41004349999997],[-44.0,60.41028449999999],[-44.0,60.410525699999994],[-44.0,60.410863199999994],[-44.0,60.411107800000025],[-44.0,60.41142409999998],[-44.0,60.412219300000004],[-44.0,60.4137743],[-44.0,60.4145848],[-44.0,60.415582099999995],[-44.0,60.416565400000025],[-44.0,60.41730910000001],[-44.0,60.41781270000001],[-44.0,60.41824029999998],[-44.0,60.41906949999998],[-44.0,60.41952190000001],[-44.0,60.41985249999999],[-44.0,60.4201357],[-44.0,60.42030879999999],[-44.0,60.42056839999998],[-44.0,60.42111190000003],[-44.0,60.4218444],[-44.0,60.42189330000002],[-44.0,60.42337550000002],[-44.0,60.42340100000001],[-44.0,60.4236325],[-44.0,60.42384190000001],[-44.0,60.424132799999995],[-44.0,60.42461370000001],[-44.0,60.42492379999999],[-44.0,60.42536039999999],[-44.0,60.42577010000002],[-44.0,60.4267868],[-44.0,60.42714030000002],[-44.0,60.4275978],[-44.0,60.42766710000001],[-44.0,60.42967390000001],[-44.0,60.43034110000002],[-44.0,60.430585199999996],[-44.0,60.4307038],[-44.0,60.4309887],[-44.0,60.431248900000014],[-44.0,60.43149410000001],[-44.0,60.43172989999999],[-44.0,60.431952000000024],[-44.0,60.43216860000001],[-44.0,60.43226550000003],[-44.0,60.43247680000002],[-44.0,60.43255449999998],[-44.0,60.43296550000002],[-44.0,60.43321229999998],[-44.0,60.433457499999975],[-44.0,60.433723199999974],[-44.0,60.43403799999999],[-44.0,60.434173199999975],[-44.0,60.434435699999995],[-44.0,60.43481350000002],[-44.0,60.4351676],[-44.0,60.43581610000001],[-44.0,60.437218099999996],[-44.0,60.4379131],[-44.0,60.43817919999998],[-44.0,60.43834750000002],[-44.0,60.438478299999986],[-44.0,60.43862869999998],[-44.0,60.438800800000024],[-44.0,60.4390032],[-44.0,60.43901149999999],[-44.0,60.4393139],[-44.0,60.44000269999998],[-44.0,60.44130150000001],[-44.0,60.44290530000001],[-44.0,60.445156999999995],[-44.0,60.44595399999997],[-44.0,60.454004499999996],[-44.0,60.45435930000002],[-44.0,60.456798100000015],[-44.0,60.45712880000002],[-44.0,60.45738160000002],[-44.0,60.457586400000025],[-44.0,60.45795820000001],[-44.0,60.458660899999984],[-44.0,60.45875749999999],[-44.0,60.45968590000001],[-44.0,60.46005630000002],[-44.0,60.460297200000014],[-44.0,60.46053869999997],[-44.0,60.460544500000026],[-44.0,60.46088150000003],[-44.0,60.46337620000003],[-44.0,60.46401100000003],[-44.0,60.46481720000003],[-44.0,60.466123100000004],[-44.0,60.46680329999998],[-44.0,60.4674048],[-44.0,60.468121800000006],[-44.0,60.468654500000014],[-44.0,60.46914850000002],[-44.0,60.4696907],[-44.0,60.4703111],[-44.0,60.470678899999996],[-44.0,60.47103980000003],[-44.0,60.4713438],[-44.0,60.4716631],[-44.0,60.47206440000002],[-44.0,60.472511999999995],[-44.0,60.472957399999984],[-44.0,60.4733842],[-44.0,60.473810800000024],[-44.0,60.47451969999997],[-44.0,60.47710999999998],[-44.0,60.480859599999974],[-44.0,60.481481599999995],[-44.0,60.48188160000001],[-44.0,60.48224499999998],[-44.0,60.482529699999986],[-44.0,60.48277730000001],[-44.0,60.48311940000002],[-44.0,60.48353609999998],[-44.0,60.483863499999984],[-44.0,60.484112700000026],[-44.0,60.48433180000001],[-44.0,60.48433299999999],[-44.0,60.48460030000001],[-44.0,60.485026500000004],[-44.0,60.48536200000001],[-44.0,60.485880899999984],[-44.0,60.48633430000001],[-44.0,60.486715000000004],[-44.0,60.48711029999998],[-44.0,60.488813100000016],[-44.0,60.48914530000002],[-44.0,60.48949249999998],[-44.0,60.489987799999994],[-44.0,60.490582399999994],[-44.0,60.492139099999974],[-44.0,60.49303250000003],[-44.0,60.4937491],[-44.0,60.49490930000002],[-44.0,60.49621769999999],[-44.0,60.5],[-44.00841809999997,60.5],[-44.023553400000026,60.5],[-44.0364409,60.5],[-44.042836799999975,60.5],[-44.04874189999998,60.5],[-44.0530359,60.5],[-44.05714039999998,60.5],[-44.062114099999974,60.5],[-44.06442870000001,60.5],[-44.0658282,60.5],[-44.066711199999986,60.5],[-44.06833799999998,60.5],[-44.071413699999994,60.5],[-44.07424200000003,60.5],[-44.07693039999998,60.5],[-44.07957490000001,60.5],[-44.082325000000026,60.5],[-44.083777699999985,60.5],[-44.08430390000001,60.5],[-44.08459670000002,60.5],[-44.08486620000002,60.5],[-44.0856139,60.5],[-44.087179400000025,60.5],[-44.08814050000001,60.5],[-44.088436,60.5],[-44.088550699999985,60.5],[-44.08903029999999,60.5],[-44.08980359999998,60.5],[-44.09250500000002,60.5],[-44.09344090000002,60.5],[-44.094302500000026,60.5],[-44.095782799999995,60.5],[-44.10081120000001,60.5],[-44.10181080000001,60.5],[-44.10236170000002,60.5],[-44.104384900000014,60.5],[-44.1112215,60.5],[-44.111818700000015,60.5],[-44.1120861,60.5],[-44.11373259999999,60.5],[-44.1138234,60.5],[-44.125731599999995,60.5],[-44.127857199999994,60.5],[-44.12866200000002,60.5],[-44.13010919999999,60.5],[-44.131720400000006,60.5],[-44.14480930000002,60.5],[-44.149890400000004,60.5],[-44.1537692,60.5],[-44.1593383,60.5],[-44.16327239999998,60.5],[-44.16685339999998,60.5],[-44.168658900000025,60.5],[-44.16987710000001,60.5],[-44.17126489999998,60.5],[-44.17227559999998,60.5],[-44.17337709999998,60.5],[-44.1754378,60.5],[-44.176781500000004,60.5],[-44.177873999999974,60.5],[-44.179116599999986,60.5],[-44.1803888,60.5],[-44.18145579999998,60.5],[-44.18230879999999,60.5],[-44.1833479,60.5],[-44.18478270000003,60.5],[-44.185007600000006,60.5],[-44.18610369999999,60.5],[-44.187030400000026,60.5],[-44.18763059999998,60.5],[-44.18828739999998,60.5],[-44.189089000000024,60.5],[-44.190099499999974,60.5],[-44.19121719999998,60.5],[-44.19227510000002,60.5],[-44.193186200000014,60.5],[-44.19372449999997,60.5],[-44.1939539,60.5],[-44.19413609999998,60.5],[-44.19446829999998,60.5],[-44.19474359999998,60.5],[-44.1950564,60.5],[-44.195544299999995,60.5],[-44.200467600000025,60.5],[-44.20647600000001,60.5],[-44.215651200000025,60.5],[-44.216488500000025,60.5],[-44.21690640000003,60.5],[-44.21701569999999,60.5],[-44.21732459999998,60.5],[-44.21773289999999,60.5],[-44.218196999999975,60.5],[-44.219170899999995,60.5],[-44.22022670000001,60.5],[-44.224146899999994,60.5],[-44.22578770000001,60.5],[-44.226996799999995,60.5],[-44.228268300000025,60.5],[-44.22963290000001,60.5],[-44.230792199999996,60.5],[-44.23192089999998,60.5],[-44.232885599999975,60.5],[-44.23388649999998,60.5],[-44.23481609999999,60.5],[-44.23553049999998,60.5],[-44.23591920000001,60.5],[-44.23629790000001,60.5],[-44.23698710000002,60.5],[-44.23746699999998,60.5],[-44.23750150000001,60.5],[-44.238532299999974,60.5],[-44.23996269999998,60.5],[-44.24049969999999,60.5],[-44.240970300000015,60.5],[-44.241511600000024,60.5],[-44.24237670000002,60.5],[-44.24252200000001,60.5],[-44.24427780000002,60.5],[-44.24497969999999,60.5],[-44.245531700000015,60.5],[-44.24608790000002,60.5],[-44.25144640000002,60.5],[-44.2540128,60.5],[-44.2540563,60.5],[-44.2545925,60.5],[-44.255133899999976,60.5],[-44.255652699999985,60.5],[-44.256129499999986,60.5],[-44.25660579999999,60.5],[-44.25690420000001,60.5],[-44.25911739999998,60.5],[-44.265325099999984,60.5],[-44.26687720000001,60.5],[-44.27000270000002,60.5],[-44.271877200000006,60.5],[-44.273252000000014,60.5],[-44.274518,60.5],[-44.27613680000002,60.5],[-44.27646170000003,60.5],[-44.277231099999995,60.5],[-44.27861180000002,60.5],[-44.27906619999999,60.5],[-44.2794667,60.5],[-44.279720699999984,60.5],[-44.279918599999974,60.5],[-44.28188460000001,60.5],[-44.286022600000024,60.5],[-44.287823300000014,60.5],[-44.29371400000002,60.5],[-44.29526609999999,60.5],[-44.295316000000014,60.5],[-44.296791299999995,60.5],[-44.29827060000002,60.5],[-44.29827519999998,60.5],[-44.298836900000026,60.5],[-44.302437999999995,60.5],[-44.30467140000002,60.5],[-44.30756020000001,60.5],[-44.31365729999999,60.5],[-44.314960299999996,60.5],[-44.31519989999998,60.5],[-44.32027870000002,60.5],[-44.322945300000015,60.5],[-44.32518190000002,60.5],[-44.3273949,60.5],[-44.329837,60.5],[-44.33136919999998,60.5],[-44.33237630000002,60.5],[-44.33323760000002,60.5],[-44.33381730000002,60.5],[-44.33431639999998,60.5],[-44.334689500000025,60.5],[-44.33496330000003,60.5],[-44.33515490000002,60.5],[-44.33528439999998,60.5],[-44.3353927,60.5],[-44.335643600000026,60.5],[-44.33612679999999,60.5],[-44.336795499999994,60.5],[-44.33772190000002,60.5],[-44.339018099999976,60.5],[-44.340698499999974,60.5],[-44.343872499999975,60.5],[-44.349983099999974,60.5],[-44.3532778,60.5],[-44.35794770000001,60.5],[-44.361775799999975,60.5],[-44.365315599999974,60.5],[-44.367636000000005,60.5],[-44.37104190000002,60.5],[-44.372934999999984,60.5],[-44.37581660000001,60.5],[-44.37999810000002,60.5],[-44.3819876,60.5],[-44.382723899999974,60.5],[-44.38380969999997,60.5],[-44.3864461,60.5],[-44.389178300000026,60.5],[-44.390058099999976,60.5],[-44.39206519999999,60.5],[-44.39304490000001,60.5],[-44.393794300000025,60.5],[-44.394319199999984,60.5],[-44.39493340000001,60.5],[-44.395683099999985,60.5],[-44.396254,60.5],[-44.39696600000002,60.5],[-44.397647199999994,60.5],[-44.39835870000002,60.5],[-44.399111800000014,60.5],[-44.40002980000003,60.5],[-44.40124580000003,60.5],[-44.404834300000005,60.5],[-44.408446500000025,60.5],[-44.41741969999998,60.5],[-44.420162000000005,60.5],[-44.42234719999999,60.5],[-44.42347289999998,60.5],[-44.42453310000002,60.5],[-44.42559990000001,60.5],[-44.426600500000006,60.5],[-44.42757519999998,60.5],[-44.42845569999997,60.5],[-44.42934960000002,60.5],[-44.43008409999999,60.5],[-44.43094189999999,60.5],[-44.431894899999975,60.5],[-44.43255049999999,60.5],[-44.43319070000001,60.5],[-44.4337137,60.5],[-44.434355700000026,60.5],[-44.43484139999998,60.5],[-44.435387100000014,60.5],[-44.43556799999999,60.5],[-44.43571270000001,60.5],[-44.4358072,60.5],[-44.43591350000003,60.5],[-44.43602440000001,60.5],[-44.436149,60.5],[-44.4362706,60.5],[-44.436416099999974,60.5],[-44.43662710000001,60.5],[-44.43679730000002,60.5],[-44.43697500000002,60.5],[-44.43733580000003,60.5],[-44.43809249999998,60.5],[-44.43849399999999,60.5],[-44.43899019999998,60.5],[-44.43952250000001,60.5],[-44.44070959999999,60.5],[-44.44170129999998,60.5],[-44.44228179999999,60.5],[-44.442667900000004,60.5],[-44.44396019999999,60.5],[-44.445314199999984,60.5],[-44.44640129999999,60.5],[-44.446722799999975,60.5],[-44.4469818,60.5],[-44.44733209999998,60.5],[-44.44774530000001,60.5],[-44.448164099999985,60.5],[-44.44878160000002,60.5],[-44.44923940000001,60.5],[-44.45002269999998,60.5],[-44.450763600000016,60.5],[-44.45476839999998,60.5],[-44.45530170000001,60.5],[-44.455686800000024,60.5],[-44.456169999999986,60.5],[-44.4567806,60.5],[-44.45744719999999,60.5],[-44.45808060000002,60.5],[-44.45879839999998,60.5],[-44.45946479999998,60.5],[-44.460111299999994,60.5],[-44.46073089999999,60.5],[-44.46148499999998,60.5],[-44.46223199999997,60.5],[-44.4629582,60.5],[-44.463721599999985,60.5],[-44.4643777,60.5],[-44.464489800000024,60.5],[-44.46500099999997,60.5],[-44.46561839999998,60.5],[-44.46623890000001,60.5],[-44.46686779999999,60.5],[-44.46752980000002,60.5],[-44.468169699999976,60.5],[-44.46879439999998,60.5],[-44.46943679999998,60.5],[-44.4701192,60.5],[-44.47071799999998,60.5],[-44.47144850000001,60.5],[-44.47202920000001,60.5],[-44.47265779999998,60.5],[-44.47326179999999,60.5],[-44.47392839999998,60.5],[-44.474593700000014,60.5],[-44.47509889999998,60.5],[-44.47571019999998,60.5],[-44.476169700000014,60.5],[-44.47663749999998,60.5],[-44.47706870000002,60.5],[-44.47753519999998,60.5],[-44.47803019999998,60.5],[-44.47860530000003,60.5],[-44.4792296,60.5],[-44.47995159999999,60.5],[-44.482468600000004,60.5],[-44.48247329999998,60.5],[-44.48355959999998,60.5],[-44.48404420000003,60.5],[-44.485011199999974,60.5],[-44.48707519999999,60.5],[-44.5,60.5],[-44.5,60.48865310000002],[-44.5,60.486268199999984],[-44.5,60.48395770000002],[-44.5,60.48301550000002],[-44.5,60.4813977],[-44.5,60.4696654],[-44.5,60.46725780000003],[-44.5,60.46661979999999],[-44.5,60.465892800000006],[-44.5,60.46520659999999],[-44.5,60.464840200000026],[-44.5,60.4645256],[-44.5,60.46426339999999],[-44.5,60.46400419999998],[-44.5,60.46378069999997],[-44.5,60.463547000000005],[-44.5,60.46332849999999],[-44.5,60.4630952],[-44.5,60.4627352],[-44.5,60.4625039],[-44.5,60.462340299999994],[-44.5,60.462192800000025],[-44.5,60.462037399999986],[-44.5,60.46189700000002],[-44.5,60.46176780000002],[-44.5,60.461634600000025],[-44.5,60.46151609999998],[-44.5,60.46143139999998],[-44.5,60.461345800000004],[-44.5,60.46124400000002],[-44.5,60.46114920000002],[-44.5,60.461058200000025],[-44.5,60.46095869999999],[-44.5,60.46081270000002],[-44.5,60.460632299999986],[-44.5,60.459560599999975],[-44.5,60.459166700000026],[-44.5,60.45908639999999],[-44.5,60.45883700000002],[-44.5,60.458586000000025],[-44.5,60.45818150000002],[-44.5,60.45789780000001],[-44.5,60.45777509999999],[-44.5,60.4576821],[-44.5,60.45761859999999],[-44.5,60.4575456],[-44.5,60.45747540000002],[-44.5,60.45740269999999],[-44.5,60.45731360000002],[-44.5,60.45663080000003],[-44.5,60.456445099999996],[-44.5,60.4562234],[-44.5,60.455984],[-44.5,60.455677700000024],[-44.5,60.45545709999999],[-44.5,60.45523350000002],[-44.5,60.4549988],[-44.5,60.45476209999998],[-44.5,60.45449389999999],[-44.5,60.454176399999994],[-44.5,60.45391740000002],[-44.5,60.45369849999997],[-44.5,60.453481099999976],[-44.5,60.45320320000002],[-44.5,60.45296569999999],[-44.5,60.45274749999999],[-44.5,60.45248120000002],[-44.5,60.4522748],[-44.5,60.452067899999975],[-44.5,60.45192029999998],[-44.5,60.45177869999998],[-44.5,60.45164140000003],[-44.5,60.45149190000001],[-44.5,60.45131889999999],[-44.5,60.451099899999974],[-44.5,60.450813600000004],[-44.5,60.45051960000001],[-44.5,60.45015119999999],[-44.5,60.44987400000002],[-44.5,60.44952430000001],[-44.5,60.449158599999976],[-44.5,60.44877150000002],[-44.5,60.44830080000003],[-44.5,60.4478479],[-44.5,60.44736690000002],[-44.5,60.4468847],[-44.5,60.446315700000014],[-44.5,60.4457999],[-44.5,60.44524080000002],[-44.5,60.44468119999999],[-44.5,60.44354809999999],[-44.5,60.44245719999998],[-44.5,60.442143699999974],[-44.5,60.43993790000002],[-44.5,60.43870370000002],[-44.5,60.437628200000006],[-44.5,60.4368149],[-44.5,60.43594999999999],[-44.5,60.43525260000001],[-44.5,60.4343743],[-44.5,60.43382589999999],[-44.5,60.433171500000014],[-44.5,60.43258789999999],[-44.5,60.431918800000005],[-44.5,60.43148339999999],[-44.5,60.4309935],[-44.5,60.430520100000024],[-44.5,60.43009000000001],[-44.5,60.429689800000006],[-44.5,60.4293179],[-44.5,60.428986699999996],[-44.5,60.42866859999998],[-44.5,60.428379699999994],[-44.5,60.428032099999996],[-44.5,60.42769980000003],[-44.5,60.427330600000005],[-44.5,60.426671999999996],[-44.5,60.4264531],[-44.5,60.42604110000002],[-44.5,60.425798999999984],[-44.5,60.42556939999997],[-44.5,60.42520400000001],[-44.5,60.425100499999985],[-44.5,60.42497109999999],[-44.5,60.424837500000024],[-44.5,60.42469940000001],[-44.5,60.42453069999999],[-44.5,60.4243664],[-44.5,60.4241543],[-44.5,60.42393320000002],[-44.5,60.423782200000005],[-44.5,60.423588800000005],[-44.5,60.42347799999999],[-44.5,60.42326170000001],[-44.5,60.422302],[-44.5,60.421940199999995],[-44.5,60.42101969999999],[-44.5,60.42024780000003],[-44.5,60.42004400000002],[-44.5,60.419469900000024],[-44.5,60.41938190000002],[-44.5,60.4192827],[-44.5,60.419173],[-44.5,60.41903669999999],[-44.5,60.41885100000002],[-44.5,60.41852979999999],[-44.5,60.41762610000001],[-44.5,60.417272000000025],[-44.5,60.41702830000003],[-44.5,60.41687350000001],[-44.5,60.41675140000001],[-44.5,60.41656819999997],[-44.5,60.41638849999998],[-44.5,60.41621279999998],[-44.5,60.41601509999998],[-44.5,60.4158372],[-44.5,60.4156691],[-44.5,60.41555319999998],[-44.5,60.415447400000005],[-44.5,60.41536309999998],[-44.5,60.415249700000004],[-44.5,60.41509769999999],[-44.5,60.41494740000002],[-44.5,60.41470859999998],[-44.5,60.41454909999999],[-44.5,60.414425900000026],[-44.5,60.41427729999998],[-44.5,60.4141831],[-44.5,60.4141022],[-44.5,60.41402360000001],[-44.5,60.41399259999997],[-44.5,60.41379840000002],[-44.5,60.41355140000002],[-44.5,60.41323999999997],[-44.5,60.41290090000001],[-44.5,60.4125497],[-44.5,60.41218900000001],[-44.5,60.41191220000002],[-44.5,60.41164500000002],[-44.5,60.41135539999999],[-44.5,60.41101550000002],[-44.5,60.410562700000014],[-44.5,60.41046929999999],[-44.5,60.4102163],[-44.5,60.41006470000002],[-44.5,60.409947699999975],[-44.5,60.409832300000005],[-44.5,60.409709099999986],[-44.5,60.40955029999998],[-44.5,60.40923359999999],[-44.5,60.409002499999986],[-44.5,60.40874020000001],[-44.5,60.40848840000001],[-44.5,60.40834410000002],[-44.5,60.40815140000001],[-44.5,60.40790659999999],[-44.5,60.40768650000001],[-44.5,60.40750029999998],[-44.5,60.407302200000004],[-44.5,60.40706770000003],[-44.5,60.40679849999998],[-44.5,60.40647630000001],[-44.5,60.406034499999976],[-44.5,60.405647699999975],[-44.5,60.40514910000002],[-44.5,60.4048396],[-44.5,60.40458840000002],[-44.5,60.40431510000002],[-44.5,60.40403279999998],[-44.5,60.40372239999999],[-44.5,60.40339990000001],[-44.5,60.40310269999998],[-44.5,60.4028821],[-44.5,60.4026556],[-44.5,60.402441899999985],[-44.5,60.40226769999998],[-44.5,60.402108699999985],[-44.5,60.40191379999999],[-44.5,60.40172740000003],[-44.5,60.40155470000002],[-44.5,60.40136289999998],[-44.5,60.40116840000002],[-44.5,60.40101490000001],[-44.5,60.400811799999985],[-44.5,60.40048860000002],[-44.5,60.400119200000006],[-44.5,60.3996841],[-44.5,60.39921500000003],[-44.5,60.39704019999999],[-44.5,60.39649179999998],[-44.5,60.396047599999974],[-44.5,60.395798300000024],[-44.5,60.395602999999994],[-44.5,60.395370300000025],[-44.5,60.394951100000014],[-44.5,60.39494309999998],[-44.5,60.394671200000005],[-44.5,60.3943749],[-44.5,60.391409599999974],[-44.5,60.390836999999976],[-44.5,60.389543600000025],[-44.5,60.385654999999986],[-44.5,60.3850334],[-44.5,60.38293950000002],[-44.5,60.38140499999997],[-44.5,60.38082370000001],[-44.5,60.37919010000002],[-44.5,60.3781353],[-44.5,60.377777400000014],[-44.5,60.37764329999999],[-44.5,60.3775478],[-44.5,60.377514700000006],[-44.5,60.3773587],[-44.5,60.37724220000001],[-44.5,60.37696549999998],[-44.5,60.3767287],[-44.5,60.376421600000015],[-44.5,60.376176199999975],[-44.5,60.37598300000002],[-44.5,60.375669500000015],[-44.5,60.37547649999999],[-44.5,60.37530700000002],[-44.5,60.37516900000003],[-44.5,60.37506029999997],[-44.5,60.374953300000016],[-44.5,60.37482469999998],[-44.5,60.37465689999999],[-44.5,60.374271599999986],[-44.5,60.37287600000002],[-44.5,60.37263949999999],[-44.5,60.3723756],[-44.5,60.3721195],[-44.5,60.37187990000001],[-44.5,60.37165299999998],[-44.5,60.37142890000001],[-44.5,60.37117439999997],[-44.5,60.37087279999997],[-44.5,60.37049209999998],[-44.5,60.370084899999995],[-44.5,60.369679700000006],[-44.5,60.36924620000002],[-44.5,60.368744100000015],[-44.5,60.36819609999998],[-44.5,60.36758980000002],[-44.5,60.366982500000006],[-44.5,60.36641270000001],[-44.5,60.3657389],[-44.5,60.364803800000004],[-44.5,60.36245730000002],[-44.5,60.36089550000003],[-44.5,60.36003260000001],[-44.5,60.35957289999999],[-44.5,60.35892960000001],[-44.5,60.35855939999999],[-44.5,60.35809870000003],[-44.5,60.35714519999999],[-44.5,60.3556562],[-44.5,60.355041700000015],[-44.5,60.35451929999999],[-44.5,60.35405859999997],[-44.5,60.35311710000002],[-44.5,60.35273940000002],[-44.5,60.3504633],[-44.5,60.349550299999976],[-44.5,60.34925190000001],[-44.5,60.348965299999975],[-44.5,60.347614899999996],[-44.5,60.34699139999998],[-44.5,60.34624179999997],[-44.5,60.34458289999998],[-44.5,60.342868599999974],[-44.5,60.340481599999976],[-44.5,60.33891620000003],[-44.5,60.337965999999994],[-44.5,60.337382400000024],[-44.5,60.337144799999976],[-44.5,60.33701789999998],[-44.5,60.33688510000002],[-44.5,60.336696399999994],[-44.5,60.3364823],[-44.5,60.33624839999999],[-44.5,60.3359749],[-44.5,60.33565429999999],[-44.5,60.33538279999999],[-44.5,60.33516220000001],[-44.5,60.33493729999998],[-44.5,60.334763599999974],[-44.5,60.3346009],[-44.5,60.33440150000001],[-44.5,60.33415000000002],[-44.5,60.33386969999998],[-44.5,60.33136430000002],[-44.5,60.330895399999974],[-44.5,60.33048550000001],[-44.5,60.330159400000014],[-44.5,60.32987320000001],[-44.5,60.32968779999999],[-44.5,60.32950629999999],[-44.5,60.329362100000026],[-44.5,60.32921219999997],[-44.5,60.32906830000002],[-44.5,60.328934100000026],[-44.5,60.32881450000002],[-44.5,60.32868669999999],[-44.5,60.32855699999999],[-44.5,60.328388700000005],[-44.5,60.328213800000015],[-44.5,60.328078000000005],[-44.5,60.32792139999998],[-44.5,60.32761449999998],[-44.5,60.32689749999997],[-44.5,60.32654839999998],[-44.5,60.32597559999999],[-44.5,60.32577520000001],[-44.5,60.325640599999986],[-44.5,60.32548250000002],[-44.5,60.32528739999998],[-44.5,60.325097099999994],[-44.5,60.32496550000002],[-44.5,60.3248246],[-44.5,60.324696200000005],[-44.5,60.3245531],[-44.5,60.32441399999999],[-44.5,60.324276699999984],[-44.5,60.32416919999997],[-44.5,60.3240553],[-44.5,60.32393250000001],[-44.5,60.32380860000001],[-44.5,60.323691],[-44.5,60.323560499999985],[-44.5,60.323403600000006],[-44.5,60.32326410000002],[-44.5,60.32315410000001],[-44.5,60.322810000000004],[-44.5,60.32233020000001],[-44.5,60.32142920000001],[-44.5,60.320261500000015],[-44.5,60.31856069999998],[-44.5,60.316057899999976],[-44.5,60.3154978],[-44.5,60.315269],[-44.5,60.315121499999975],[-44.5,60.314717599999994],[-44.5,60.31411320000001],[-44.5,60.313385400000016],[-44.5,60.312558000000024],[-44.5,60.31227899999999],[-44.5,60.31211889999997],[-44.5,60.31196619999997],[-44.5,60.3118255],[-44.5,60.31165470000002],[-44.5,60.31131570000002],[-44.5,60.31080159999999],[-44.5,60.31019170000002],[-44.5,60.309706199999994],[-44.5,60.30946039999998],[-44.5,60.309007399999985],[-44.5,60.30846930000001],[-44.5,60.30795710000001],[-44.5,60.30759819999997],[-44.5,60.30735069999997],[-44.5,60.307050000000004],[-44.5,60.306615299999976],[-44.5,60.30536970000003],[-44.5,60.304415199999994],[-44.5,60.303952100000004],[-44.5,60.30353220000001],[-44.5,60.3025892],[-44.5,60.301239599999974],[-44.5,60.30095879999999],[-44.5,60.30071270000002],[-44.5,60.30046809999999],[-44.5,60.30022530000002],[-44.5,60.29995150000002],[-44.5,60.29964799999999],[-44.5,60.299406999999974],[-44.5,60.299166000000014],[-44.5,60.2988555],[-44.5,60.298481400000014],[-44.5,60.29804300000001],[-44.5,60.297551999999996],[-44.5,60.29704670000001],[-44.5,60.29642050000001],[-44.5,60.29564570000002],[-44.5,60.294265199999984],[-44.5,60.29323419999997],[-44.5,60.29192920000003],[-44.5,60.29128209999999],[-44.5,60.28917009999998],[-44.5,60.287636599999985],[-44.5,60.28706340000002],[-44.5,60.28616599999998],[-44.5,60.28481470000003],[-44.5,60.283558400000004],[-44.5,60.28208369999999],[-44.5,60.281539599999974],[-44.5,60.28113020000001],[-44.5,60.28064869999997],[-44.5,60.27986069999997],[-44.5,60.2788486],[-44.5,60.27879589999998],[-44.5,60.278324199999986],[-44.5,60.278060400000015],[-44.5,60.27790520000002],[-44.5,60.277590299999986],[-44.5,60.27735050000001],[-44.5,60.2770678],[-44.5,60.27676769999999],[-44.5,60.27646759999999],[-44.5,60.276163199999985],[-44.5,60.275797599999976],[-44.5,60.275426100000004],[-44.5,60.275088400000016],[-44.5,60.27479890000001],[-44.5,60.27182090000002],[-44.5,60.27129819999999],[-44.5,60.27092809999999],[-44.5,60.27060180000001],[-44.5,60.270320500000025],[-44.5,60.270059600000025],[-44.5,60.26982779999997],[-44.5,60.269552799999985],[-44.5,60.26925640000002],[-44.5,60.26897810000003],[-44.5,60.26867420000002],[-44.5,60.26826360000001],[-44.5,60.26758810000001],[-44.5,60.26746489999999],[-44.5,60.26729210000002],[-44.5,60.267017399999986],[-44.5,60.265746999999976],[-44.5,60.26506280000001],[-44.5,60.26258100000001],[-44.5,60.261906099999976],[-44.5,60.26143680000001],[-44.5,60.2609741],[-44.5,60.26065169999998],[-44.5,60.26030400000002],[-44.5,60.259918200000016],[-44.5,60.25951789999999],[-44.5,60.25941419999998],[-44.5,60.25928570000002],[-44.5,60.25919069999998],[-44.5,60.25910040000002],[-44.5,60.259016299999985],[-44.5,60.25891489999998],[-44.5,60.25884559999997],[-44.5,60.25869829999999],[-44.5,60.25851060000002],[-44.5,60.258340799999985],[-44.5,60.258120700000006],[-44.5,60.25785159999998],[-44.5,60.2575248],[-44.5,60.25718869999997],[-44.5,60.256824900000026],[-44.5,60.256687699999986],[-44.5,60.25625600000001],[-44.5,60.25550149999998],[-44.5,60.25445309999998],[-44.5,60.253774899999996],[-44.5,60.25353530000001],[-44.5,60.25302720000002],[-44.5,60.25284850000003],[-44.5,60.252667599999995],[-44.5,60.25247589999998],[-44.5,60.252290000000016],[-44.5,60.2521208],[-44.5,60.251943100000005],[-44.5,60.25164860000001],[-44.5,60.251237100000026],[-44.5,60.25081399999999],[-44.5,60.250363400000026],[-44.5,60.24985659999999],[-44.5,60.248929299999986],[-44.5,60.24797610000002],[-44.5,60.24697329999998],[-44.5,60.2449115],[-44.5,60.243663000000026],[-44.5,60.24300979999998],[-44.5,60.24248239999997],[-44.5,60.24186040000001],[-44.5,60.24139839999998],[-44.5,60.2409811],[-44.5,60.24043499999999],[-44.5,60.23996469999997],[-44.5,60.23953719999997],[-44.5,60.239048000000025],[-44.5,60.23861740000001],[-44.5,60.238126799999975],[-44.5,60.23808930000001],[-44.5,60.23766610000001],[-44.5,60.23722470000001],[-44.5,60.23680890000003],[-44.5,60.236405400000024],[-44.5,60.2360319],[-44.5,60.2356345],[-44.5,60.235227699999996],[-44.5,60.234909500000015],[-44.5,60.23458019999998],[-44.5,60.23430380000002],[-44.5,60.234081600000025],[-44.5,60.23377549999998],[-44.5,60.2334563],[-44.5,60.23312929999997],[-44.5,60.232826999999986],[-44.5,60.23251060000001],[-44.5,60.2322188],[-44.5,60.23195290000001],[-44.5,60.231626300000016],[-44.5,60.2312192],[-44.5,60.22934459999999],[-44.5,60.228472099999976],[-44.5,60.22783620000001],[-44.5,60.22724920000002],[-44.5,60.22685489999998],[-44.5,60.2265941],[-44.5,60.22632249999998],[-44.5,60.22603190000001],[-44.5,60.225650900000005],[-44.5,60.22520450000002],[-44.5,60.22482860000002],[-44.5,60.224535],[-44.5,60.22429949999997],[-44.5,60.223930300000006],[-44.5,60.22302560000003],[-44.5,60.22122089999999],[-44.5,60.22073510000001],[-44.5,60.22009589999999],[-44.5,60.2197233],[-44.5,60.21921900000001],[-44.5,60.21877410000002],[-44.5,60.21741800000001],[-44.5,60.21711260000001],[-44.5,60.21691670000001],[-44.5,60.216630699999996],[-44.5,60.21629630000001],[-44.5,60.21472010000002],[-44.5,60.214458200000024],[-44.5,60.21421429999998],[-44.5,60.2137707],[-44.5,60.21290049999999],[-44.5,60.21190530000001],[-44.5,60.208475799999974],[-44.5,60.20797779999998],[-44.5,60.206855899999994],[-44.5,60.205103699999995],[-44.5,60.204801799999984],[-44.5,60.204430100000025],[-44.5,60.203914399999974],[-44.5,60.203442800000005],[-44.5,60.20343860000003],[-44.5,60.2029033],[-44.5,60.2028004],[-44.5,60.202694699999995],[-44.5,60.2025926],[-44.5,60.202491399999985],[-44.5,60.202393700000016],[-44.5,60.202316199999984],[-44.5,60.202198899999985],[-44.5,60.20211189999998],[-44.5,60.20201479999997],[-44.5,60.201910699999985],[-44.5,60.20182890000001],[-44.5,60.2016893],[-44.5,60.20066459999998],[-44.5,60.20031160000002],[-44.5,60.199019599999986],[-44.5,60.19717320000001],[-44.5,60.1967118],[-44.5,60.196513100000004],[-44.5,60.196512600000005],[-44.5,60.196260300000006],[-44.5,60.19583660000001],[-44.5,60.1956151],[-44.5,60.19541659999999],[-44.5,60.1952488],[-44.5,60.195084099999974],[-44.5,60.1948003],[-44.5,60.19457440000002],[-44.5,60.193926999999974],[-44.5,60.19369599999999],[-44.5,60.19347690000001],[-44.5,60.1922328],[-44.5,60.1918991],[-44.5,60.19168589999998],[-44.5,60.19040849999999],[-44.5,60.1901881],[-44.5,60.18983079999998],[-44.5,60.1881022],[-44.5,60.187793899999974],[-44.5,60.18766369999997],[-44.5,60.18666089999999],[-44.5,60.186185799999976],[-44.5,60.18602290000001],[-44.5,60.1858282],[-44.5,60.18573809999998],[-44.5,60.1855827],[-44.5,60.18537459999999],[-44.5,60.185180100000025],[-44.5,60.18495840000003],[-44.5,60.18468580000001],[-44.5,60.184423200000026],[-44.5,60.184185000000014],[-44.5,60.1839334],[-44.5,60.18367460000002],[-44.5,60.183413400000006],[-44.5,60.182704899999976],[-44.5,60.18264429999999],[-44.5,60.18258350000002],[-44.5,60.18252239999998],[-44.5,60.18246540000001],[-44.5,60.182413499999996],[-44.5,60.18235800000002],[-44.5,60.18230089999997],[-44.5,60.18225380000001],[-44.5,60.18218969999998],[-44.5,60.18212219999998],[-44.5,60.18206120000002],[-44.5,60.18199149999998],[-44.5,60.1819266],[-44.5,60.18185890000001],[-44.5,60.18177989999998],[-44.5,60.18169790000002],[-44.5,60.181617200000005],[-44.5,60.181478500000026],[-44.5,60.18126030000002],[-44.5,60.181013500000006],[-44.5,60.18083139999999],[-44.5,60.180668000000026],[-44.5,60.180517099999975],[-44.5,60.180357800000024],[-44.5,60.18018710000001],[-44.5,60.18000970000003],[-44.5,60.17983379999998],[-44.5,60.17963609999998],[-44.5,60.179424100000006],[-44.5,60.17921530000001],[-44.5,60.17902600000002],[-44.5,60.1789617],[-44.5,60.178799500000025],[-44.5,60.17847849999998],[-44.5,60.178202699999986],[-44.5,60.17794900000001],[-44.5,60.177723800000024],[-44.5,60.17743159999998],[-44.5,60.17715820000001],[-44.5,60.17687710000001],[-44.5,60.176550599999985],[-44.5,60.176011200000005],[-44.5,60.17543089999998],[-44.5,60.17462549999999],[-44.5,60.17342839999998],[-44.5,60.172451000000024],[-44.5,60.17178740000003],[-44.5,60.17137070000001],[-44.5,60.17099539999998],[-44.5,60.17062850000002],[-44.5,60.170205399999986],[-44.5,60.169778199999996],[-44.5,60.169322299999976],[-44.5,60.16888719999997],[-44.5,60.16837659999999],[-44.5,60.167940699999974],[-44.5,60.167484],[-44.5,60.16699829999999],[-44.5,60.16651810000002],[-44.5,60.166014200000006],[-44.5,60.16552230000002],[-44.5,60.16499479999999],[-44.5,60.164332100000024],[-44.5,60.163320699999986],[-44.5,60.16201030000002],[-44.5,60.15937259999998],[-44.5,60.15702040000002],[-44.5,60.155603600000006],[-44.5,60.15502889999999],[-44.5,60.15460039999999],[-44.5,60.1542202],[-44.5,60.153905899999984],[-44.5,60.153572800000006],[-44.5,60.1532095],[-44.5,60.15283340000002],[-44.5,60.15243939999999],[-44.5,60.15022620000002],[-44.5,60.14929599999999],[-44.5,60.147818400000006],[-44.5,60.1471985],[-44.5,60.146403099999986],[-44.5,60.1452539],[-44.5,60.14486219999998],[-44.5,60.14447630000001],[-44.5,60.144237299999986],[-44.5,60.143882399999995],[-44.5,60.14357749999999],[-44.5,60.143225700000016],[-44.5,60.14286390000001],[-44.5,60.14243829999998],[-44.5,60.14204649999999],[-44.5,60.14130940000001],[-44.5,60.13995510000001],[-44.5,60.13944620000001],[-44.5,60.13913029999998],[-44.5,60.13884039999999],[-44.5,60.138517999999976],[-44.5,60.13798350000002],[-44.5,60.137717599999974],[-44.5,60.13686630000001],[-44.5,60.136297300000024],[-44.5,60.13516290000001],[-44.5,60.1347366],[-44.5,60.1345508],[-44.5,60.13440129999998],[-44.5,60.13426509999999],[-44.5,60.1341448],[-44.5,60.13399249999998],[-44.5,60.13384339999999],[-44.5,60.13367599999998],[-44.5,60.133459800000026],[-44.5,60.13325520000001],[-44.5,60.133034599999974],[-44.5,60.132853899999986],[-44.5,60.13266279999999],[-44.5,60.1323769],[-44.5,60.13212540000001],[-44.5,60.131950399999994],[-44.5,60.1318162],[-44.5,60.13172300000002],[-44.5,60.131627700000024],[-44.5,60.1315434],[-44.5,60.13142049999999],[-44.5,60.131319899999994],[-44.5,60.131232899999986],[-44.5,60.13116689999998],[-44.5,60.13108599999998],[-44.5,60.131022599999994],[-44.5,60.13093190000001],[-44.5,60.130814999999984],[-44.5,60.130680900000016],[-44.5,60.13046609999998],[-44.5,60.13020949999998],[-44.5,60.12983329999997],[-44.5,60.129638399999976],[-44.5,60.12948369999998],[-44.5,60.12932790000002],[-44.5,60.12919360000001],[-44.5,60.129064400000004],[-44.5,60.12893989999998],[-44.5,60.12886520000001],[-44.5,60.12878039999998],[-44.5,60.12869089999998],[-44.5,60.128597300000024],[-44.5,60.1284569],[-44.5,60.128274999999974],[-44.5,60.12817480000001],[-44.5,60.128065900000024],[-44.5,60.12797310000002],[-44.5,60.12788410000002],[-44.5,60.12776250000002],[-44.5,60.12757210000001],[-44.5,60.127246000000014],[-44.5,60.12678690000001],[-44.5,60.12635949999998],[-44.5,60.12597490000002],[-44.5,60.12560939999997],[-44.5,60.1253734],[-44.5,60.12518879999999],[-44.5,60.12503400000003],[-44.5,60.12486150000001],[-44.5,60.124650599999995],[-44.5,60.12428249999999],[-44.5,60.12314650000002],[-44.5,60.12208140000001],[-44.5,60.12170680000003],[-44.5,60.12141409999998],[-44.5,60.121157900000014],[-44.5,60.12095590000001],[-44.5,60.1208034],[-44.5,60.12064839999999],[-44.5,60.12048650000003],[-44.5,60.120299999999986],[-44.5,60.120111399999985],[-44.5,60.119905500000016],[-44.5,60.119382400000006],[-44.5,60.11908],[-44.5,60.11870699999997],[-44.5,60.11828630000002],[-44.5,60.117487600000004],[-44.5,60.11734259999997],[-44.5,60.116998000000024],[-44.5,60.11607270000002],[-44.5,60.115856099999974],[-44.5,60.115659900000026],[-44.5,60.115521],[-44.5,60.11530720000002],[-44.5,60.115078100000005],[-44.5,60.114697999999976],[-44.5,60.114103899999975],[-44.5,60.11392719999998],[-44.5,60.11372460000001],[-44.5,60.11355150000003],[-44.5,60.11340369999999],[-44.5,60.11322469999999],[-44.5,60.11300490000002],[-44.5,60.112759400000016],[-44.5,60.11252209999998],[-44.5,60.110931300000004],[-44.5,60.11016030000002],[-44.5,60.10993960000002],[-44.5,60.1097623],[-44.5,60.10964969999998],[-44.5,60.10956169999997],[-44.5,60.109479799999974],[-44.5,60.1093889],[-44.5,60.10928680000001],[-44.5,60.109252500000025],[-44.5,60.1091596],[-44.5,60.10904099999999],[-44.5,60.10892510000002],[-44.5,60.108799999999974],[-44.5,60.10866340000001],[-44.5,60.10847009999998],[-44.5,60.10812529999998],[-44.5,60.107778199999984],[-44.5,60.10711279999998],[-44.5,60.106194000000016],[-44.5,60.105703000000005],[-44.5,60.105350499999986],[-44.5,60.10489159999997],[-44.5,60.10439170000001],[-44.5,60.10412680000002],[-44.5,60.10393809999999],[-44.5,60.103774499999986],[-44.5,60.10362279999998],[-44.5,60.103498],[-44.5,60.1033898],[-44.5,60.10324739999999],[-44.5,60.10309080000002],[-44.5,60.102905299999975],[-44.5,60.10271080000001],[-44.5,60.102482899999984],[-44.5,60.10225270000001],[-44.5,60.101956400000006],[-44.5,60.10191209999999],[-44.5,60.10158869999998],[-44.5,60.10126930000001],[-44.5,60.10097680000001],[-44.5,60.100644999999986],[-44.5,60.099407499999984],[-44.5,60.09538989999999],[-44.5,60.093023200000005],[-44.5,60.09112399999998],[-44.5,60.09006219999998],[-44.5,60.08870999999999],[-44.5,60.08805000000001],[-44.5,60.08494250000001],[-44.5,60.08281099999999],[-44.5,60.080814799999985],[-44.5,60.07147040000001],[-44.5,60.0695508],[-44.5,60.0666506],[-44.5,60.056345299999975],[-44.5,60.030417399999976],[-44.5,60.023834799999975],[-44.5,60.02076069999998],[-44.5,60.01965790000003],[-44.5,60.01965130000002],[-44.5,60.01823519999999],[-44.5,60.01804750000002],[-44.5,60.0177468],[-44.5,60.01751869999998],[-44.5,60.017189900000005],[-44.5,60.01680440000001],[-44.5,60.016092800000024],[-44.5,60.015751799999975],[-44.5,60.015511100000026],[-44.5,60.0153679],[-44.5,60.01506979999999],[-44.5,60.01459790000001],[-44.5,60.0143185],[-44.5,60.01401010000001],[-44.5,60.013583600000004],[-44.5,60.01274560000002],[-44.5,60.01193110000003],[-44.5,60.01143569999999],[-44.5,60.011260600000014],[-44.5,60.010585900000024],[-44.5,60.01021020000002],[-44.5,60.007333700000004],[-44.5,60.00683889999999],[-44.5,60.0063854],[-44.5,60.00606520000002],[-44.5,60.00518149999999],[-44.5,60.00465730000002],[-44.5,60.00443230000002],[-44.5,60.0033555],[-44.5,60.00304110000002],[-44.5,60.00261260000002],[-44.5,60.001939300000004],[-44.5,60.001104],[-44.5,60.0002733],[-44.5,60.0],[-44.49981309999998,60.0]]]]},"properties":{"datasetName":"101DK004AQEWE","edition":1,"update":0,"status":2}},{"type":"Feature","geometry":{"type":"MultiPolygon","coordinates":[[[[12.5,54.0],[12.5,54.5],[12.217540999999983,54.5],[12.0,54.5],[12.0,54.38185199999998],[12.0,54.0],[12.5,54.0]]]]},"properties":{"datasetName":"101DK0040149E","edition":1,"update":0,"status":2}},{"type":"Feature","geometry":{"type":"MultiPolygon","coordinates":[[[[12.144016599999986,56.5],[12.5,56.5],[12.5,57.0],[12.0,57.0],[12.0,56.69682260000002],[12.0,56.5],[12.144016599999986,56.5]]]]},"properties":{"datasetName":"101DK0041149E","edition":1,"update":0,"status":4}},{"type":"Feature","geometry":{"type":"MultiPolygon","coordinates":[[[[11.0,56.0],[11.0,56.5],[10.5,56.5],[10.5,56.0],[11.0,56.0]]]]},"properties":{"datasetName":"101DK0040943E","edition":1,"update":0,"status":1}},{"type":"Feature","geometry":{"type":"MultiPolygon","coordinates":[[[[-45.64550350000002,60.0],[-45.50642579999999,60.0],[-45.5,60.0],[-45.5,60.016213900000025],[-45.5,60.1229965],[-45.5,60.12943480000001],[-45.5,60.13322410000001],[-45.5,60.139741000000015],[-45.5,60.14053000000001],[-45.5,60.14215309999997],[-45.5,60.144792499999994],[-45.5,60.14506319999998],[-45.5,60.14535169999999],[-45.5,60.147140200000024],[-45.5,60.16132160000001],[-45.5,60.19362940000002],[-45.5,60.208376199999975],[-45.5,60.21946380000003],[-45.5,60.23840369999999],[-45.5,60.23841779999998],[-45.5,60.23906019999998],[-45.5,60.25336729999998],[-45.5,60.254123100000015],[-45.5,60.28610789999999],[-45.5,60.28687830000001],[-45.5,60.2893856],[-45.5,60.2930824],[-45.5,60.29338280000002],[-45.5,60.29344889999999],[-45.5,60.29527919999998],[-45.5,60.2967931],[-45.5,60.29867919999998],[-45.5,60.30325629999999],[-45.5,60.30639359999998],[-45.5,60.308319100000006],[-45.5,60.30943159999998],[-45.5,60.31803660000003],[-45.5,60.33566380000002],[-45.5,60.33729149999999],[-45.5,60.34050300000001],[-45.5,60.34062039999998],[-45.5,60.34099450000002],[-45.5,60.34690180000001],[-45.5,60.34814030000001],[-45.5,60.348637800000006],[-45.5,60.34917189999999],[-45.5,60.35021019999999],[-45.5,60.352973299999974],[-45.5,60.35649699999999],[-45.5,60.36458929999998],[-45.5,60.3822452],[-45.5,60.39374240000001],[-45.5,60.403843800000004],[-45.5,60.40581370000001],[-45.5,60.4148242],[-45.5,60.425353099999995],[-45.5,60.428607699999986],[-45.5,60.42915260000001],[-45.5,60.42994879999998],[-45.5,60.432172700000024],[-45.5,60.43417720000002],[-45.5,60.43920739999999],[-45.5,60.441533900000024],[-45.5,60.442684199999974],[-45.5,60.446513900000014],[-45.5,60.448969999999974],[-45.5,60.45280550000001],[-45.5,60.45753719999999],[-45.5,60.459695599999975],[-45.5,60.459923300000014],[-45.5,60.460202200000026],[-45.5,60.46231549999999],[-45.5,60.464378599999975],[-45.5,60.47023100000001],[-45.5,60.47128980000002],[-45.5,60.47154549999999],[-45.5,60.47155359999999],[-45.5,60.472813099999996],[-45.5,60.47295389999999],[-45.5,60.47328829999998],[-45.5,60.47540320000002],[-45.5,60.47797379999997],[-45.5,60.480320500000005],[-45.5,60.481178],[-45.5,60.48118649999998],[-45.5,60.482217100000014],[-45.5,60.48263650000001],[-45.5,60.48450100000002],[-45.5,60.48839320000002],[-45.5,60.490175799999975],[-45.5,60.49136979999997],[-45.5,60.49199010000001],[-45.5,60.49299100000002],[-45.5,60.494383500000026],[-45.5,60.49852779999998],[-45.5,60.5],[-45.50308639999997,60.5],[-45.52802650000001,60.5],[-45.531326999999976,60.5],[-45.5342278,60.5],[-45.53599439999999,60.5],[-45.5376814,60.5],[-45.54078340000001,60.5],[-45.54240119999997,60.5],[-45.5432644,60.5],[-45.54409199999998,60.5],[-45.54492010000001,60.5],[-45.54571470000002,60.5],[-45.546683599999994,60.5],[-45.54746970000002,60.5],[-45.54814320000003,60.5],[-45.54890929999999,60.5],[-45.55046570000002,60.5],[-45.552682800000014,60.5],[-45.558766100000014,60.5],[-45.560549200000025,60.5],[-45.561719700000026,60.5],[-45.56271700000002,60.5],[-45.56369380000001,60.5],[-45.564176299999986,60.5],[-45.564816199999996,60.5],[-45.56494379999998,60.5],[-45.565607,60.5],[-45.56599210000002,60.5],[-45.56631440000001,60.5],[-45.57607359999997,60.5],[-45.58155529999999,60.5],[-45.58222430000001,60.5],[-45.58399159999999,60.5],[-45.58706999999998,60.5],[-45.58896299999998,60.5],[-45.59092099999998,60.5],[-45.59215139999998,60.5],[-45.59326659999999,60.5],[-45.594089199999985,60.5],[-45.595068200000014,60.5],[-45.59630240000001,60.5],[-45.5974104,60.5],[-45.59861360000002,60.5],[-45.59997149999998,60.5],[-45.600042299999984,60.5],[-45.60252860000003,60.5],[-45.60565969999999,60.5],[-45.60768639999998,60.5],[-45.610399700000016,60.5],[-45.611206700000025,60.5],[-45.612017700000024,60.5],[-45.613667599999985,60.5],[-45.614379799999995,60.5],[-45.61482940000002,60.5],[-45.61776900000001,60.5],[-45.61806250000001,60.5],[-45.6187089,60.5],[-45.61917060000002,60.5],[-45.61963479999997,60.5],[-45.62024530000002,60.5],[-45.62057010000001,60.5],[-45.62082520000001,60.5],[-45.6211945,60.5],[-45.62158390000002,60.5],[-45.62207310000002,60.5],[-45.622558200000014,60.5],[-45.62314500000002,60.5],[-45.624112000000025,60.5],[-45.62497810000002,60.5],[-45.62524769999999,60.5],[-45.62582409999999,60.5],[-45.642857100000015,60.5],[-45.659319100000005,60.5],[-45.662173800000005,60.5],[-45.666426899999976,60.5],[-45.66759200000001,60.5],[-45.67202370000001,60.5],[-45.70261429999999,60.5],[-45.71060540000002,60.5],[-45.71377150000001,60.5],[-45.714285700000005,60.5],[-45.71932720000001,60.5],[-45.72924210000002,60.5],[-45.73131480000001,60.5],[-45.731516,60.5],[-45.734848399999976,60.5],[-45.741220699999985,60.5],[-45.74307900000002,60.5],[-45.743767100000014,60.5],[-45.74714039999998,60.5],[-45.750389799999994,60.5],[-45.75134159999999,60.5],[-45.75431459999999,60.5],[-45.75688250000002,60.5],[-45.76451539999999,60.5],[-45.785714299999995,60.5],[-45.78713110000001,60.5],[-45.789816900000005,60.5],[-45.79127169999998,60.5],[-45.79573879999998,60.5],[-45.796083899999985,60.5],[-45.805166799999995,60.5],[-45.8091187,60.5],[-45.81707720000003,60.5],[-45.81802440000001,60.5],[-45.82005559999999,60.5],[-45.8221643,60.5],[-45.8356086,60.5],[-45.83705629999997,60.5],[-45.83790110000001,60.5],[-45.840770299999974,60.5],[-45.84377439999997,60.5],[-45.851586499999996,60.5],[-45.857142899999985,60.5],[-45.86118090000002,60.5],[-45.865280799999994,60.5],[-45.869985299999996,60.5],[-45.871048900000005,60.5],[-45.87545499999999,60.5],[-45.88794849999999,60.5],[-45.88966240000002,60.5],[-45.892595700000015,60.5],[-45.89284700000002,60.5],[-45.8954961,60.5],[-45.90071690000002,60.5],[-45.900719400000014,60.5],[-45.901523199999986,60.5],[-45.90360020000003,60.5],[-45.90433569999999,60.5],[-45.91240399999998,60.5],[-45.92857140000001,60.5],[-45.96476819999998,60.5],[-45.97050460000003,60.5],[-45.98595369999998,60.5],[-45.98890110000002,60.5],[-45.99033489999999,60.5],[-45.99234339999998,60.5],[-45.9956277,60.5],[-45.99577110000001,60.5],[-45.99672029999999,60.5],[-45.99781530000001,60.5],[-46.0,60.5],[-46.0,60.49843959999998],[-46.0,60.489757999999995],[-46.0,60.487912800000004],[-46.0,60.484246600000006],[-46.0,60.48221860000001],[-46.0,60.48034469999999],[-46.0,60.47982489999998],[-46.0,60.47714480000002],[-46.0,60.47457609999998],[-46.0,60.46729049999999],[-46.0,60.465674200000024],[-46.0,60.46460350000001],[-46.0,60.46384410000002],[-46.0,60.44822349999998],[-46.0,60.432647799999984],[-46.0,60.43237110000001],[-46.0,60.4302242],[-46.0,60.4291053],[-46.0,60.42857140000001],[-46.0,60.42811619999998],[-46.0,60.42383719999998],[-46.0,60.411369200000024],[-46.0,60.40943829999998],[-46.0,60.40607879999999],[-46.0,60.40304600000002],[-46.0,60.370304799999985],[-46.0,60.36955469999998],[-46.0,60.36563530000001],[-46.0,60.359670600000015],[-46.0,60.35898789999999],[-46.0,60.357142899999985],[-46.0,60.35531099999997],[-46.0,60.34172610000002],[-46.0,60.31822390000002],[-46.0,60.307838600000025],[-46.0,60.285714299999995],[-46.0,60.226646200000005],[-46.0,60.214285700000005],[-46.0,60.176100700000006],[-46.0,60.155936499999996],[-46.0,60.15253259999997],[-46.0,60.142857100000015],[-46.0,60.09891640000001],[-46.0,60.07142859999999],[-46.0,60.06839500000001],[-46.0,60.0],[-45.64550350000002,60.0]]]]},"properties":{"datasetName":"101DK004AQEQE","edition":1,"update":0,"status":1}},{"type":"Feature","geometry":{"type":"MultiPolygon","coordinates":[[[[-48.28283329999999,60.5],[-48.0,60.5],[-48.0,60.59536830000002],[-48.0,60.62331820000003],[-48.0,60.6265123],[-48.0,60.632437400000015],[-48.0,60.632748900000024],[-48.0,60.64800989999998],[-48.0,60.64847209999999],[-48.0,60.662198699999976],[-48.0,60.68280600000003],[-48.0,60.68407339999999],[-48.0,60.6859427],[-48.0,60.686827900000026],[-48.0,60.6875],[-48.0,60.68821109999999],[-48.0,60.68909339999999],[-48.0,60.69046220000001],[-48.0,60.69188500000001],[-48.0,60.692949],[-48.0,60.69449150000003],[-48.0,60.695645300000024],[-48.0,60.69578539999998],[-48.0,60.69658500000003],[-48.0,60.698848999999996],[-48.0,60.699301400000024],[-48.0,60.70472189999998],[-48.0,60.70571330000001],[-48.0,60.70633240000001],[-48.0,60.707878100000016],[-48.0,60.710808799999995],[-48.0,60.71236909999999],[-48.0,60.71404100000001],[-48.0,60.71649150000002],[-48.0,60.72699510000001],[-48.0,60.72778010000002],[-48.0,60.73084299999999],[-48.0,60.735072100000025],[-48.0,60.73657700000001],[-48.0,60.742333299999984],[-48.0,60.74244570000002],[-48.0,60.74431659999999],[-48.0,60.74554610000001],[-48.0,60.74601660000002],[-48.0,60.746947499999976],[-48.0,60.74809299999998],[-48.0,60.751041199999975],[-48.0,60.75121849999999],[-48.0,60.75172300000003],[-48.0,60.7576105],[-48.0,60.7593172],[-48.0,60.75977599999999],[-48.0,60.76016120000003],[-48.0,60.761443799999995],[-48.0,60.762506900000005],[-48.0,60.763901799999985],[-48.0,60.765165000000025],[-48.0,60.76672239999999],[-48.0,60.7752964],[-48.0,60.77594210000001],[-48.0,60.77768209999999],[-48.0,60.781807300000025],[-48.0,60.78798660000001],[-48.0,60.78839740000001],[-48.0,60.788641900000016],[-48.0,60.795680000000004],[-48.0,60.79890369999998],[-48.0,60.80025460000002],[-48.0,60.801131199999986],[-48.0,60.80401499999999],[-48.0,60.80496369999997],[-48.0,60.80585719999999],[-48.0,60.80679170000002],[-48.0,60.80902370000001],[-48.0,60.81011480000001],[-48.0,60.810963300000026],[-48.0,60.81214240000003],[-48.0,60.81416669999999],[-48.0,60.8167014],[-48.0,60.818802800000014],[-48.0,60.82030559999998],[-48.0,60.82176199999998],[-48.0,60.82276919999998],[-48.0,60.82468640000002],[-48.0,60.82509679999998],[-48.0,60.827867000000026],[-48.0,60.82855540000003],[-48.0,60.82965619999999],[-48.0,60.83066450000001],[-48.0,60.83103820000002],[-48.0,60.835359900000014],[-48.0,60.83602880000001],[-48.0,60.836838899999975],[-48.0,60.83686610000001],[-48.0,60.83865930000002],[-48.0,60.839999999999975],[-48.0,60.841907100000014],[-48.0,60.84345710000002],[-48.0,60.8584664],[-48.0,60.85918290000001],[-48.0,60.861369000000025],[-48.0,60.862660000000005],[-48.0,60.86427930000002],[-48.0,60.86549480000002],[-48.0,60.86780479999999],[-48.0,60.86989199999999],[-48.0,60.87045640000002],[-48.0,60.87183249999998],[-48.0,60.87195150000002],[-48.0,60.872511299999985],[-48.0,60.89402990000002],[-48.0,60.89589050000001],[-48.0,60.8967993],[-48.0,60.89782969999999],[-48.0,60.898804900000016],[-48.0,60.8995688],[-48.0,60.90023930000001],[-48.0,60.901063599999986],[-48.0,60.90200970000001],[-48.0,60.903720899999996],[-48.0,60.90517540000002],[-48.0,60.90582089999998],[-48.0,60.90742089999998],[-48.0,60.90887300000003],[-48.0,60.92276240000001],[-48.0,60.922819600000025],[-48.0,60.923994600000015],[-48.0,60.92478390000002],[-48.0,60.9255177],[-48.0,60.92631929999999],[-48.0,60.929691100000014],[-48.0,60.93060329999997],[-48.0,60.93095340000002],[-48.0,60.93712640000001],[-48.0,60.937353599999994],[-48.0,60.93812589999999],[-48.0,60.93894549999999],[-48.0,60.94626690000001],[-48.0,60.94684480000001],[-48.0,60.9481993],[-48.0,60.974092600000006],[-48.0,60.97734120000001],[-48.0,60.979121099999986],[-48.0,60.979805699999986],[-48.0,60.983158],[-48.0,60.983746],[-48.0,60.98627049999999],[-48.0,60.98722620000001],[-48.0,60.98832759999999],[-48.0,60.99158490000002],[-48.0,60.99262399999998],[-48.0,60.993273999999985],[-48.0,60.995922199999995],[-48.0,60.996705599999984],[-48.0,60.9974995],[-48.0,60.998519999999985],[-48.0,60.998733200000004],[-48.0,60.99943189999999],[-48.0,61.0],[-48.0039261,61.0],[-48.00801369999999,61.0],[-48.012848399999996,61.0],[-48.0159433,61.0],[-48.01753889999998,61.0],[-48.02078849999998,61.0],[-48.03050830000001,61.0],[-48.03154169999999,61.0],[-48.0327714,61.0],[-48.0360809,61.0],[-48.036164799999995,61.0],[-48.03872180000002,61.0],[-48.040880300000026,61.0],[-48.04549900000001,61.0],[-48.04999859999998,61.0],[-48.058370000000025,61.0],[-48.06301330000002,61.0],[-48.0667732,61.0],[-48.06972560000003,61.0],[-48.07515810000001,61.0],[-48.08021170000001,61.0],[-48.08275459999999,61.0],[-48.0852251,61.0],[-48.0901667,61.0],[-48.094246699999985,61.0],[-48.09755940000002,61.0],[-48.107530499999996,61.0],[-48.11178819999998,61.0],[-48.11587909999997,61.0],[-48.11824999999999,61.0],[-48.11907009999999,61.0],[-48.119998599999974,61.0],[-48.12117890000002,61.0],[-48.122438699999975,61.0],[-48.123660099999995,61.0],[-48.12671540000002,61.0],[-48.12895129999998,61.0],[-48.133930299999975,61.0],[-48.13993019999998,61.0],[-48.14207490000001,61.0],[-48.14329429999998,61.0],[-48.14448599999997,61.0],[-48.145259899999985,61.0],[-48.1528725,61.0],[-48.156575299999986,61.0],[-48.16087620000002,61.0],[-48.16463950000002,61.0],[-48.168390199999976,61.0],[-48.184179900000004,61.0],[-48.18944140000002,61.0],[-48.192575799999986,61.0],[-48.195912899999996,61.0],[-48.21354680000002,61.0],[-48.217314199999976,61.0],[-48.22206399999999,61.0],[-48.22469369999999,61.0],[-48.225128299999994,61.0],[-48.22567950000001,61.0],[-48.2280045,61.0],[-48.229866500000014,61.0],[-48.23186240000001,61.0],[-48.237145999999996,61.0],[-48.258849999999995,61.0],[-48.262197300000025,61.0],[-48.26429760000002,61.0],[-48.266456500000004,61.0],[-48.26852050000002,61.0],[-48.27005860000003,61.0],[-48.27235080000003,61.0],[-48.27429480000001,61.0],[-48.2793259,61.0],[-48.280699500000026,61.0],[-48.281752400000016,61.0],[-48.28283140000002,61.0],[-48.28422649999999,61.0],[-48.285722799999974,61.0],[-48.28698609999998,61.0],[-48.288754400000016,61.0],[-48.290211899999974,61.0],[-48.29167260000003,61.0],[-48.2932179,61.0],[-48.29451369999998,61.0],[-48.295733799999994,61.0],[-48.29737929999999,61.0],[-48.298871899999995,61.0],[-48.30056689999998,61.0],[-48.30167,61.0],[-48.303085899999985,61.0],[-48.3044994,61.0],[-48.305820400000016,61.0],[-48.30802139999997,61.0],[-48.30938409999999,61.0],[-48.3107258,61.0],[-48.31155439999998,61.0],[-48.311803699999984,61.0],[-48.31218469999999,61.0],[-48.312624400000004,61.0],[-48.3130491,61.0],[-48.31344999999999,61.0],[-48.31385340000003,61.0],[-48.31425730000001,61.0],[-48.31464790000001,61.0],[-48.31515239999999,61.0],[-48.31573739999999,61.0],[-48.31642670000002,61.0],[-48.31719199999998,61.0],[-48.31790849999999,61.0],[-48.31863850000002,61.0],[-48.3194896,61.0],[-48.32052440000001,61.0],[-48.32142440000001,61.0],[-48.322612900000024,61.0],[-48.32303889999997,61.0],[-48.32417800000002,61.0],[-48.32500049999999,61.0],[-48.3257385,61.0],[-48.32666979999999,61.0],[-48.32748290000001,61.0],[-48.3283783,61.0],[-48.329206,61.0],[-48.33023429999997,61.0],[-48.33121820000002,61.0],[-48.331721000000016,61.0],[-48.3323044,61.0],[-48.332966,61.0],[-48.33368969999998,61.0],[-48.33428989999999,61.0],[-48.3350853,61.0],[-48.335736499999996,61.0],[-48.33616890000002,61.0],[-48.33684269999998,61.0],[-48.33736140000002,61.0],[-48.337584100000015,61.0],[-48.33832210000003,61.0],[-48.34001599999999,61.0],[-48.34079800000001,61.0],[-48.34081359999999,61.0],[-48.34149719999999,61.0],[-48.342191000000014,61.0],[-48.34283549999998,61.0],[-48.34348460000001,61.0],[-48.344147599999985,61.0],[-48.34481199999999,61.0],[-48.345390899999984,61.0],[-48.34612470000002,61.0],[-48.34676730000001,61.0],[-48.34747549999997,61.0],[-48.34812740000001,61.0],[-48.34880850000002,61.0],[-48.34977550000002,61.0],[-48.35031409999999,61.0],[-48.350920900000006,61.0],[-48.351557300000024,61.0],[-48.35206310000001,61.0],[-48.352342299999975,61.0],[-48.352734,61.0],[-48.35323729999999,61.0],[-48.353825700000016,61.0],[-48.35477450000002,61.0],[-48.35576950000001,61.0],[-48.356834400000025,61.0],[-48.357923099999994,61.0],[-48.359097899999995,61.0],[-48.361076500000024,61.0],[-48.362159599999984,61.0],[-48.3627386,61.0],[-48.36436629999997,61.0],[-48.36557490000001,61.0],[-48.3665264,61.0],[-48.36740880000002,61.0],[-48.36826739999998,61.0],[-48.36909270000001,61.0],[-48.369856500000026,61.0],[-48.370660199999975,61.0],[-48.37274289999999,61.0],[-48.37438040000001,61.0],[-48.37664760000001,61.0],[-48.378085399999975,61.0],[-48.38310799999999,61.0],[-48.384203000000014,61.0],[-48.384809700000005,61.0],[-48.385075900000004,61.0],[-48.38542000000001,61.0],[-48.38590160000001,61.0],[-48.386166100000025,61.0],[-48.386939600000005,61.0],[-48.38775450000003,61.0],[-48.388621,61.0],[-48.38946010000001,61.0],[-48.39158170000002,61.0],[-48.3974101,61.0],[-48.40021730000001,61.0],[-48.40174330000002,61.0],[-48.40334949999999,61.0],[-48.40944259999998,61.0],[-48.413230399999975,61.0],[-48.414725799999985,61.0],[-48.41485490000002,61.0],[-48.417164300000024,61.0],[-48.417461100000025,61.0],[-48.423078299999986,61.0],[-48.4412734,61.0],[-48.451849700000025,61.0],[-48.46558169999997,61.0],[-48.5,61.0],[-48.5,60.99156640000001],[-48.5,60.98670609999999],[-48.5,60.985929],[-48.5,60.97554309999998],[-48.5,60.962363400000015],[-48.5,60.95998659999998],[-48.5,60.937843999999984],[-48.5,60.93487040000002],[-48.5,60.926843700000006],[-48.5,60.85798699999998],[-48.5,60.845931500000006],[-48.5,60.8443767],[-48.5,60.839984000000015],[-48.5,60.83866660000001],[-48.5,60.83502329999999],[-48.5,60.81314880000002],[-48.5,60.81185690000001],[-48.5,60.7958878],[-48.5,60.79372719999998],[-48.5,60.7905293],[-48.5,60.76495560000001],[-48.5,60.75684630000001],[-48.5,60.75573730000002],[-48.5,60.72726719999997],[-48.5,60.71367190000001],[-48.5,60.6875],[-48.5,60.5],[-48.28283329999999,60.5]]]]},"properties":{"datasetName":"101DK004ASEGE","edition":1,"update":0,"status":4}},{"type":"Feature","geometry":{"type":"MultiPolygon","coordinates":[[[[11.583333299999993,55.5],[12.0,55.5],[12.0,55.633333300000004],[12.0,56.0],[11.973761299999978,56.0],[11.921019100000024,56.0],[11.920991200000003,56.0],[11.916533800000025,56.0],[11.916533500000014,56.0],[11.913771899999972,56.0],[11.911356300000023,56.0],[11.911355599999979,56.0],[11.860050000000001,56.0],[11.860049899999979,56.0],[11.845979999999997,56.0],[11.811379999999986,56.0],[11.810609999999997,56.0],[11.781799999999976,56.0],[11.781729999999982,56.0],[11.745048499999996,56.0],[11.744134299999985,56.0],[11.722109999999986,56.0],[11.719589999999982,56.0],[11.704640199999972,56.0],[11.704619999999977,56.0],[11.70456999999999,56.0],[11.588239999999985,56.0],[11.583333299999993,56.0],[11.520080000000007,56.0],[11.5,56.0],[11.5,55.5],[11.583333299999993,55.5]]]]},"properties":{"datasetName":"101DK0040747E","edition":1,"update":0,"status":4}},{"type":"Feature","geometry":{"type":"MultiPolygon","coordinates":[[[[-54.48783589999999,67.0],[-54.45649179999998,67.0],[-54.25542890000003,67.0],[-54.239108499999986,67.0],[-54.218704600000024,67.0],[-54.18428770000003,67.0],[-54.1586686,67.0],[-54.14393510000002,67.0],[-54.13266340000001,67.0],[-54.12770389999997,67.0],[-54.116037000000006,67.0],[-54.108814300000006,67.0],[-54.098673599999984,67.0],[-54.08000820000001,67.0],[-54.06738139999999,67.0],[-54.052735299999995,67.0],[-54.0519319,67.0],[-54.04903869999998,67.0],[-54.04807779999999,67.0],[-54.04620970000002,67.0],[-54.04179240000002,67.0],[-54.034139400000015,67.0],[-54.03060499999998,67.0],[-54.02597989999998,67.0],[-54.01823910000002,67.0],[-54.00431090000001,67.0],[-54.0,67.0],[-54.0,67.00542530000001],[-54.0,67.00987980000002],[-54.0,67.01137349999999],[-54.0,67.02072579999998],[-54.0,67.02103820000002],[-54.0,67.0227572],[-54.0,67.02389010000002],[-54.0,67.0242364],[-54.0,67.0281048],[-54.0,67.0395355],[-54.0,67.04358739999998],[-54.0,67.04570080000002],[-54.0,67.05294520000001],[-54.0,67.05576880000001],[-54.0,67.05980019999998],[-54.0,67.06236610000002],[-54.0,67.06554640000002],[-54.0,67.08999949999998],[-54.0,67.5],[-54.5,67.5],[-54.5,67.0],[-54.48783589999999,67.0]]]]},"properties":{"datasetName":"101DK004BSDIE","edition":1,"update":0,"status":4}},{"type":"Feature","geometry":{"type":"MultiPolygon","coordinates":[[[[-54.0,69.5],[-54.0,70.0],[-54.5,70.0],[-54.5,69.5],[-54.0,69.5]]]]},"properties":{"datasetName":"101DK004CCDIE","edition":1,"update":0,"status":2}},{"type":"Feature","geometry":{"type":"MultiPolygon","coordinates":[[[[-45.442683999999986,60.0],[-45.39862729999999,60.0],[-45.379915900000015,60.0],[-45.245199000000014,60.0],[-45.23872949999998,60.0],[-45.232079999999996,60.0],[-45.22145790000002,60.0],[-45.212073499999974,60.0],[-45.210499700000014,60.0],[-45.13429930000001,60.0],[-45.1342975,60.0],[-45.102046599999994,60.0],[-45.100989700000014,60.0],[-45.09800280000002,60.0],[-45.09216700000002,60.0],[-45.088082499999985,60.0],[-45.086084099999994,60.0],[-45.085467900000026,60.0],[-45.074109299999975,60.0],[-45.06295560000001,60.0],[-45.05995519999999,60.0],[-45.02998980000001,60.0],[-45.00430699999998,60.0],[-45.0,60.0],[-45.0,60.00073900000001],[-45.0,60.00113019999998],[-45.0,60.00400769999999],[-45.0,60.011651099999995],[-45.0,60.01895519999999],[-45.0,60.02139490000002],[-45.0,60.03456110000002],[-45.0,60.03851639999999],[-45.0,60.0524949],[-45.0,60.05451649999998],[-45.0,60.06261439999997],[-45.0,60.06554749999998],[-45.0,60.07539809999997],[-45.0,60.07773209999999],[-45.0,60.085893899999974],[-45.0,60.08819080000001],[-45.0,60.08895130000002],[-45.0,60.08938169999999],[-45.0,60.089751999999976],[-45.0,60.09006599999998],[-45.0,60.09112060000001],[-45.0,60.09124489999999],[-45.0,60.092514300000005],[-45.0,60.093590500000005],[-45.0,60.094246],[-45.0,60.09503480000001],[-45.0,60.096209499999986],[-45.0,60.09706920000002],[-45.0,60.0981721],[-45.0,60.09906380000001],[-45.0,60.0996844],[-45.0,60.10021219999999],[-45.0,60.10092700000001],[-45.0,60.101984800000025],[-45.0,60.103622599999994],[-45.0,60.1083519],[-45.0,60.109310100000016],[-45.0,60.1129899],[-45.0,60.11420420000002],[-45.0,60.11540600000001],[-45.0,60.115874399999996],[-45.0,60.11629149999999],[-45.0,60.116671999999994],[-45.0,60.11707990000002],[-45.0,60.1175202],[-45.0,60.1178994],[-45.0,60.11825729999998],[-45.0,60.11847060000002],[-45.0,60.1186601],[-45.0,60.1196104],[-45.0,60.12003759999999],[-45.0,60.12059790000001],[-45.0,60.12116229999998],[-45.0,60.1218624],[-45.0,60.12301489999999],[-45.0,60.12420789999999],[-45.0,60.1301186],[-45.0,60.133667100000025],[-45.0,60.13414499999999],[-45.0,60.1345063],[-45.0,60.135359900000026],[-45.0,60.13565879999999],[-45.0,60.13673449999999],[-45.0,60.137582099999975],[-45.0,60.138422400000024],[-45.0,60.13901759999999],[-45.0,60.1394846],[-45.0,60.1399313],[-45.0,60.14038069999998],[-45.0,60.14077609999998],[-45.0,60.1412631],[-45.0,60.141842699999984],[-45.0,60.14232900000002],[-45.0,60.14620209999998],[-45.0,60.14659599999999],[-45.0,60.14696700000002],[-45.0,60.14732859999998],[-45.0,60.14775880000002],[-45.0,60.14913130000002],[-45.0,60.1502974],[-45.0,60.15062569999998],[-45.0,60.15098599999999],[-45.0,60.15260519999998],[-45.0,60.15307769999998],[-45.0,60.153581799999984],[-45.0,60.154289000000006],[-45.0,60.15457079999999],[-45.0,60.15472089999997],[-45.0,60.15496689999998],[-45.0,60.15513570000002],[-45.0,60.155418199999986],[-45.0,60.15568050000002],[-45.0,60.15601299999997],[-45.0,60.15647940000002],[-45.0,60.157261800000015],[-45.0,60.15742],[-45.0,60.15812890000001],[-45.0,60.1598525],[-45.0,60.161565199999984],[-45.0,60.16518639999998],[-45.0,60.173938299999975],[-45.0,60.17805379999999],[-45.0,60.18208470000002],[-45.0,60.183232299999986],[-45.0,60.1836897],[-45.0,60.183896800000014],[-45.0,60.18410080000001],[-45.0,60.18454159999999],[-45.0,60.18482460000001],[-45.0,60.18510120000002],[-45.0,60.1853959],[-45.0,60.18561060000002],[-45.0,60.18580659999998],[-45.0,60.18603109999998],[-45.0,60.186261],[-45.0,60.1865262],[-45.0,60.18675669999999],[-45.0,60.186945700000024],[-45.0,60.187169100000006],[-45.0,60.18732360000001],[-45.0,60.18749889999998],[-45.0,60.18768069999999],[-45.0,60.187854200000004],[-45.0,60.188069799999994],[-45.0,60.18837619999999],[-45.0,60.188785800000005],[-45.0,60.18924750000002],[-45.0,60.189860099999976],[-45.0,60.19040419999999],[-45.0,60.190763000000004],[-45.0,60.19112560000002],[-45.0,60.19147670000001],[-45.0,60.19186109999998],[-45.0,60.19231000000002],[-45.0,60.1926828],[-45.0,60.19302800000003],[-45.0,60.1931993],[-45.0,60.1934804],[-45.0,60.19405499999999],[-45.0,60.194705899999974],[-45.0,60.195805699999994],[-45.0,60.19671779999999],[-45.0,60.20067719999997],[-45.0,60.20175569999998],[-45.0,60.2031212],[-45.0,60.20332589999998],[-45.0,60.20367570000002],[-45.0,60.20421379999999],[-45.0,60.20475010000001],[-45.0,60.20510380000002],[-45.0,60.20533879999999],[-45.0,60.20701969999999],[-45.0,60.20739450000002],[-45.0,60.20891519999998],[-45.0,60.210546299999976],[-45.0,60.21178450000002],[-45.0,60.21273359999998],[-45.0,60.21556770000001],[-45.0,60.21637550000003],[-45.0,60.21667639999998],[-45.0,60.21695149999999],[-45.0,60.21718759999999],[-45.0,60.217404699999975],[-45.0,60.217616599999985],[-45.0,60.21782660000002],[-45.0,60.21868310000002],[-45.0,60.2195102],[-45.0,60.22006099999999],[-45.0,60.22044949999997],[-45.0,60.22082449999999],[-45.0,60.22117050000003],[-45.0,60.22152779999999],[-45.0,60.222313799999995],[-45.0,60.22373470000002],[-45.0,60.22418929999998],[-45.0,60.22444250000001],[-45.0,60.2246811],[-45.0,60.2249913],[-45.0,60.22543289999999],[-45.0,60.225890900000024],[-45.0,60.2264285],[-45.0,60.22705580000002],[-45.0,60.228163300000006],[-45.0,60.22860050000003],[-45.0,60.228819699999974],[-45.0,60.23041310000002],[-45.0,60.231207100000006],[-45.0,60.231336999999996],[-45.0,60.2317362],[-45.0,60.232122100000026],[-45.0,60.23248419999999],[-45.0,60.23284510000002],[-45.0,60.2331178],[-45.0,60.23331380000002],[-45.0,60.23348199999998],[-45.0,60.233642299999985],[-45.0,60.23381869999997],[-45.0,60.233990800000015],[-45.0,60.234164599999986],[-45.0,60.23435219999999],[-45.0,60.23457769999999],[-45.0,60.23481029999999],[-45.0,60.235187999999994],[-45.0,60.23536840000003],[-45.0,60.23569659999998],[-45.0,60.23620820000002],[-45.0,60.236551099999986],[-45.0,60.23705159999997],[-45.0,60.23783420000001],[-45.0,60.2385817],[-45.0,60.23898919999999],[-45.0,60.241091600000004],[-45.0,60.241994999999974],[-45.0,60.242577400000016],[-45.0,60.24326309999998],[-45.0,60.24355409999998],[-45.0,60.24389630000002],[-45.0,60.24416000000002],[-45.0,60.24438079999999],[-45.0,60.24456029999999],[-45.0,60.24472450000002],[-45.0,60.24534360000001],[-45.0,60.245675000000006],[-45.0,60.24587680000002],[-45.0,60.24620540000001],[-45.0,60.2464597],[-45.0,60.24687419999998],[-45.0,60.247440100000006],[-45.0,60.247876399999996],[-45.0,60.24913040000001],[-45.0,60.25],[-45.0,60.25124979999998],[-45.0,60.25167099999999],[-45.0,60.25200050000001],[-45.0,60.2530074],[-45.0,60.254502100000025],[-45.0,60.2558502],[-45.0,60.2571691],[-45.0,60.257764899999984],[-45.0,60.25815239999997],[-45.0,60.25960679999997],[-45.0,60.25993080000001],[-45.0,60.26019200000002],[-45.0,60.261505],[-45.0,60.26199380000003],[-45.0,60.26241620000002],[-45.0,60.26279899999997],[-45.0,60.26311049999998],[-45.0,60.263443600000016],[-45.0,60.263778],[-45.0,60.264049399999976],[-45.0,60.26467869999999],[-45.0,60.2649103],[-45.0,60.265108999999995],[-45.0,60.26521070000001],[-45.0,60.2653674],[-45.0,60.2655494],[-45.0,60.2657332],[-45.0,60.265972799999986],[-45.0,60.266209300000014],[-45.0,60.2665088],[-45.0,60.26668599999999],[-45.0,60.26689440000001],[-45.0,60.26708689999998],[-45.0,60.267307200000005],[-45.0,60.26751969999998],[-45.0,60.26788979999998],[-45.0,60.268449799999985],[-45.0,60.269109000000014],[-45.0,60.2700385],[-45.0,60.27285810000001],[-45.0,60.27312610000001],[-45.0,60.273564599999986],[-45.0,60.2739522],[-45.0,60.27431469999999],[-45.0,60.27464309999999],[-45.0,60.27489639999999],[-45.0,60.2751217],[-45.0,60.2753141],[-45.0,60.27550889999998],[-45.0,60.275751000000014],[-45.0,60.27603529999999],[-45.0,60.276275399999975],[-45.0,60.27649389999999],[-45.0,60.27672740000003],[-45.0,60.276979100000005],[-45.0,60.27724840000002],[-45.0,60.2775125],[-45.0,60.27779049999998],[-45.0,60.278109099999995],[-45.0,60.27834660000002],[-45.0,60.27851829999997],[-45.0,60.27865910000003],[-45.0,60.27879230000002],[-45.0,60.278934100000015],[-45.0,60.279064800000015],[-45.0,60.27925570000002],[-45.0,60.27942059999998],[-45.0,60.27956110000002],[-45.0,60.27968959999998],[-45.0,60.27983519999998],[-45.0,60.27995770000001],[-45.0,60.28010999999998],[-45.0,60.28028690000002],[-45.0,60.280578400000024],[-45.0,60.28086830000001],[-45.0,60.28106389999999],[-45.0,60.28125290000003],[-45.0,60.28151759999997],[-45.0,60.28186410000001],[-45.0,60.28241800000001],[-45.0,60.28338980000001],[-45.0,60.284071299999994],[-45.0,60.28522650000002],[-45.0,60.28665760000001],[-45.0,60.28667780000001],[-45.0,60.2877072],[-45.0,60.289244199999985],[-45.0,60.2903771],[-45.0,60.291289199999994],[-45.0,60.291965000000005],[-45.0,60.29273669999998],[-45.0,60.293622200000016],[-45.0,60.29486539999999],[-45.0,60.2956226],[-45.0,60.29652800000002],[-45.0,60.297501899999986],[-45.0,60.29856890000002],[-45.0,60.29951510000001],[-45.0,60.30004580000002],[-45.0,60.30077019999999],[-45.0,60.30822310000002],[-45.0,60.31250779999999],[-45.0,60.315899100000024],[-45.0,60.33207340000001],[-45.0,60.33950229999999],[-45.0,60.3436949],[-45.0,60.344114400000024],[-45.0,60.3458847],[-45.0,60.34694200000001],[-45.0,60.3473649],[-45.0,60.3474425],[-45.0,60.34833179999998],[-45.0,60.34871989999999],[-45.0,60.34919819999999],[-45.0,60.34960460000002],[-45.0,60.349826500000006],[-45.0,60.35005719999998],[-45.0,60.350712499999986],[-45.0,60.35104180000002],[-45.0,60.35109890000001],[-45.0,60.35150229999999],[-45.0,60.35183619999998],[-45.0,60.352510300000006],[-45.0,60.35397160000002],[-45.0,60.35646320000001],[-45.0,60.35801279999998],[-45.0,60.359594300000026],[-45.0,60.363134100000025],[-45.0,60.36326580000002],[-45.0,60.36447220000002],[-45.0,60.36547730000001],[-45.0,60.365878099999975],[-45.0,60.36633230000001],[-45.0,60.36743710000002],[-45.0,60.368097999999975],[-45.0,60.368477299999995],[-45.0,60.369320200000004],[-45.0,60.36980119999998],[-45.0,60.370741099999975],[-45.0,60.37159600000001],[-45.0,60.37204489999999],[-45.0,60.373175100000026],[-45.0,60.374163099999976],[-45.0,60.37521800000002],[-45.0,60.377424899999994],[-45.0,60.37806890000002],[-45.0,60.3849821],[-45.0,60.431522099999995],[-45.0,60.483823099999995],[-45.0,60.48441819999999],[-45.0,60.48475079999997],[-45.0,60.485138800000016],[-45.0,60.48549550000001],[-45.0,60.4858577],[-45.0,60.48617680000001],[-45.0,60.486551599999984],[-45.0,60.48685219999999],[-45.0,60.48720070000002],[-45.0,60.48749070000002],[-45.0,60.48774950000001],[-45.0,60.48793869999997],[-45.0,60.488129800000024],[-45.0,60.4883926],[-45.0,60.488672699999995],[-45.0,60.48888249999999],[-45.0,60.48918570000001],[-45.0,60.489511600000014],[-45.0,60.489768000000026],[-45.0,60.49006680000002],[-45.0,60.49098279999998],[-45.0,60.49163290000001],[-45.0,60.492333099999996],[-45.0,60.494059600000014],[-45.0,60.495557099999985],[-45.0,60.49776000000003],[-45.0,60.49840899999998],[-45.0,60.49902530000003],[-45.0,60.499660300000016],[-45.0,60.5],[-45.00043870000002,60.5],[-45.00186930000001,60.5],[-45.00339300000002,60.5],[-45.00503200000003,60.5],[-45.00554890000001,60.5],[-45.005941199999995,60.5],[-45.00635820000002,60.5],[-45.006874100000005,60.5],[-45.00759169999998,60.5],[-45.008435099999986,60.5],[-45.009588399999984,60.5],[-45.012335199999995,60.5],[-45.01527820000001,60.5],[-45.016819,60.5],[-45.01772360000001,60.5],[-45.01835940000001,60.5],[-45.01887629999999,60.5],[-45.019369900000015,60.5],[-45.02006849999998,60.5],[-45.02087,60.5],[-45.02172730000001,60.5],[-45.02261179999999,60.5],[-45.0289593,60.5],[-45.02986809999999,60.5],[-45.03063209999999,60.5],[-45.0311883,60.5],[-45.03179130000001,60.5],[-45.032393300000024,60.5],[-45.03312269999998,60.5],[-45.0339606,60.5],[-45.034819500000026,60.5],[-45.03569700000003,60.5],[-45.0364993,60.5],[-45.0373166,60.5],[-45.037858400000005,60.5],[-45.038095999999996,60.5],[-45.03850590000002,60.5],[-45.03881200000001,60.5],[-45.0391161,60.5],[-45.03953259999997,60.5],[-45.03995070000002,60.5],[-45.04054780000001,60.5],[-45.04374560000002,60.5],[-45.04457239999999,60.5],[-45.04498910000001,60.5],[-45.04514469999998,60.5],[-45.04567350000002,60.5],[-45.04624469999999,60.5],[-45.04687439999998,60.5],[-45.04770789999998,60.5],[-45.04845119999999,60.5],[-45.049127999999996,60.5],[-45.049956699999996,60.5],[-45.05077920000002,60.5],[-45.051556800000014,60.5],[-45.05236719999999,60.5],[-45.05296920000001,60.5],[-45.054807900000014,60.5],[-45.05499550000002,60.5],[-45.055235700000026,60.5],[-45.055472699999996,60.5],[-45.05584640000001,60.5],[-45.056193399999984,60.5],[-45.056672900000024,60.5],[-45.057371699999976,60.5],[-45.058045600000014,60.5],[-45.05909329999997,60.5],[-45.060942899999986,60.5],[-45.06397320000002,60.5],[-45.07013840000002,60.5],[-45.07059529999998,60.5],[-45.07154559999998,60.5],[-45.07366339999999,60.5],[-45.075282800000025,60.5],[-45.07592940000001,60.5],[-45.076412600000026,60.5],[-45.07701639999999,60.5],[-45.077767600000016,60.5],[-45.078828199999975,60.5],[-45.0835457,60.5],[-45.085757899999976,60.5],[-45.088309200000026,60.5],[-45.08929260000002,60.5],[-45.090124600000024,60.5],[-45.09103670000002,60.5],[-45.091833099999974,60.5],[-45.09242469999998,60.5],[-45.09297959999998,60.5],[-45.093583799999976,60.5],[-45.09433899999999,60.5],[-45.09477879999997,60.5],[-45.09523089999999,60.5],[-45.0959828,60.5],[-45.096477100000016,60.5],[-45.09702629999998,60.5],[-45.097484399999985,60.5],[-45.09795329999997,60.5],[-45.09835140000001,60.5],[-45.098939099999996,60.5],[-45.09964489999999,60.5],[-45.100286100000005,60.5],[-45.10112529999998,60.5],[-45.10155739999999,60.5],[-45.101972699999976,60.5],[-45.102343399999995,60.5],[-45.10278499999998,60.5],[-45.10320580000001,60.5],[-45.103807700000004,60.5],[-45.10442339999997,60.5],[-45.10499229999999,60.5],[-45.10552799999999,60.5],[-45.106155,60.5],[-45.106776000000025,60.5],[-45.10747450000002,60.5],[-45.108144100000004,60.5],[-45.1084353,60.5],[-45.112123699999984,60.5],[-45.11491719999998,60.5],[-45.116513499999996,60.5],[-45.1177692,60.5],[-45.118751299999985,60.5],[-45.11963500000002,60.5],[-45.11996479999999,60.5],[-45.120565,60.5],[-45.120964000000015,60.5],[-45.12132980000001,60.5],[-45.122008600000015,60.5],[-45.12208029999999,60.5],[-45.1232086,60.5],[-45.1239003,60.5],[-45.12401490000002,60.5],[-45.1254682,60.5],[-45.12670129999998,60.5],[-45.128158299999996,60.5],[-45.12849849999998,60.5],[-45.1288462,60.5],[-45.129490799999985,60.5],[-45.13159250000001,60.5],[-45.132589199999984,60.5],[-45.13356490000001,60.5],[-45.13398339999998,60.5],[-45.13425910000001,60.5],[-45.13446570000002,60.5],[-45.134623799999986,60.5],[-45.13483839999998,60.5],[-45.135673999999995,60.5],[-45.13639239999998,60.5],[-45.1370824,60.5],[-45.13783719999998,60.5],[-45.139109399999995,60.5],[-45.14488829999999,60.5],[-45.147832300000005,60.5],[-45.1482747,60.5],[-45.14834739999998,60.5],[-45.15303399999999,60.5],[-45.153772300000014,60.5],[-45.154329700000005,60.5],[-45.15452809999999,60.5],[-45.154811300000006,60.5],[-45.155102399999976,60.5],[-45.15543020000001,60.5],[-45.15568139999999,60.5],[-45.15592270000002,60.5],[-45.156210199999975,60.5],[-45.15662450000002,60.5],[-45.156895099999986,60.5],[-45.15731169999998,60.5],[-45.15910120000001,60.5],[-45.15947299999999,60.5],[-45.1597433,60.5],[-45.16005080000002,60.5],[-45.16038470000001,60.5],[-45.16060160000001,60.5],[-45.160792300000026,60.5],[-45.161002199999984,60.5],[-45.16110170000002,60.5],[-45.161187900000016,60.5],[-45.16127640000002,60.5],[-45.161333300000024,60.5],[-45.16155600000002,60.5],[-45.161598000000026,60.5],[-45.16183640000003,60.5],[-45.16183849999999,60.5],[-45.162042299999996,60.5],[-45.16225220000001,60.5],[-45.16270129999998,60.5],[-45.16575990000001,60.5],[-45.17087759999998,60.5],[-45.17480740000002,60.5],[-45.18133160000002,60.5],[-45.182503,60.5],[-45.18254430000002,60.5],[-45.18471249999999,60.5],[-45.186332100000016,60.5],[-45.18753570000001,60.5],[-45.18849460000001,60.5],[-45.189647200000024,60.5],[-45.190826500000014,60.5],[-45.19584570000001,60.5],[-45.1985363,60.5],[-45.20091209999998,60.5],[-45.202587300000005,60.5],[-45.2045933,60.5],[-45.20621019999999,60.5],[-45.20765990000001,60.5],[-45.20900419999998,60.5],[-45.21057810000002,60.5],[-45.210583499999984,60.5],[-45.212182600000006,60.5],[-45.2137204,60.5],[-45.21510230000001,60.5],[-45.215421400000025,60.5],[-45.215776500000004,60.5],[-45.2173411,60.5],[-45.21777359999999,60.5],[-45.217802000000006,60.5],[-45.21983690000002,60.5],[-45.21985319999999,60.5],[-45.221526900000015,60.5],[-45.221844799999985,60.5],[-45.22370740000002,60.5],[-45.22596540000001,60.5],[-45.22769950000003,60.5],[-45.22905279999998,60.5],[-45.229762900000026,60.5],[-45.23061919999998,60.5],[-45.232625299999995,60.5],[-45.246594000000016,60.5],[-45.249645699999974,60.5],[-45.25,60.5],[-45.257792800000004,60.5],[-45.2593071,60.5],[-45.260568999999975,60.5],[-45.2636172,60.5],[-45.264797699999974,60.5],[-45.26592360000001,60.5],[-45.26753600000001,60.5],[-45.26932929999998,60.5],[-45.27331909999998,60.5],[-45.27338559999998,60.5],[-45.2749637,60.5],[-45.27870519999999,60.5],[-45.285714299999995,60.5],[-45.28657820000001,60.5],[-45.30302610000001,60.5],[-45.3149396,60.5],[-45.32039529999997,60.5],[-45.322451,60.5],[-45.32333510000001,60.5],[-45.323383999999976,60.5],[-45.323900700000024,60.5],[-45.32462370000002,60.5],[-45.32516240000001,60.5],[-45.32591780000001,60.5],[-45.32715889999997,60.5],[-45.32825200000002,60.5],[-45.330490699999984,60.5],[-45.33100259999998,60.5],[-45.33979449999998,60.5],[-45.34174919999998,60.5],[-45.35011350000002,60.5],[-45.352532,60.5],[-45.35379870000003,60.5],[-45.35619919999999,60.5],[-45.3579689,60.5],[-45.35810570000001,60.5],[-45.359222699999975,60.5],[-45.35964790000003,60.5],[-45.36110350000001,60.5],[-45.36301700000001,60.5],[-45.36505490000002,60.5],[-45.365132800000026,60.5],[-45.36576500000001,60.5],[-45.36583380000002,60.5],[-45.37058029999997,60.5],[-45.38152029999998,60.5],[-45.402507300000025,60.5],[-45.407696499999986,60.5],[-45.408989099999985,60.5],[-45.40905550000002,60.5],[-45.40906410000002,60.5],[-45.410776,60.5],[-45.41195149999999,60.5],[-45.41324780000002,60.5],[-45.413373999999976,60.5],[-45.41510019999998,60.5],[-45.415520800000024,60.5],[-45.41640860000001,60.5],[-45.416634699999975,60.5],[-45.41921689999998,60.5],[-45.421126300000026,60.5],[-45.422521399999994,60.5],[-45.42310090000001,60.5],[-45.424093200000016,60.5],[-45.424170100000026,60.5],[-45.42713709999998,60.5],[-45.42819850000001,60.5],[-45.429130199999975,60.5],[-45.43030950000002,60.5],[-45.4311874,60.5],[-45.431788299999994,60.5],[-45.43226420000002,60.5],[-45.432707600000015,60.5],[-45.433426199999985,60.5],[-45.438710800000024,60.5],[-45.44117940000001,60.5],[-45.441328,60.5],[-45.44307329999998,60.5],[-45.443253200000015,60.5],[-45.44365060000001,60.5],[-45.443702900000005,60.5],[-45.44839459999997,60.5],[-45.450771799999984,60.5],[-45.45208960000002,60.5],[-45.453624400000024,60.5],[-45.45499610000002,60.5],[-45.45613930000002,60.5],[-45.45629869999999,60.5],[-45.45657030000001,60.5],[-45.45711110000002,60.5],[-45.457305700000006,60.5],[-45.4578851,60.5],[-45.45856600000002,60.5],[-45.458764900000006,60.5],[-45.460322399999995,60.5],[-45.46346340000002,60.5],[-45.46806509999999,60.5],[-45.470917199999974,60.5],[-45.471201199999996,60.5],[-45.4729595,60.5],[-45.473093000000006,60.5],[-45.474827300000015,60.5],[-45.4748295,60.5],[-45.47600829999999,60.5],[-45.476512000000014,60.5],[-45.478216799999984,60.5],[-45.47839620000002,60.5],[-45.4793765,60.5],[-45.47969949999998,60.5],[-45.48058359999999,60.5],[-45.48066,60.5],[-45.481440099999986,60.5],[-45.48151730000001,60.5],[-45.48219590000002,60.5],[-45.48228130000001,60.5],[-45.48293690000003,60.5],[-45.483503299999995,60.5],[-45.483683799999994,60.5],[-45.484368200000006,60.5],[-45.48457990000003,60.5],[-45.48502020000001,60.5],[-45.48565480000002,60.5],[-45.486287800000014,60.5],[-45.48752519999999,60.5],[-45.48926230000001,60.5],[-45.489326800000015,60.5],[-45.49007019999999,60.5],[-45.491285800000014,60.5],[-45.49356690000002,60.5],[-45.49834980000003,60.5],[-45.5,60.5],[-45.5,60.49852779999998],[-45.5,60.494383500000026],[-45.5,60.49299100000002],[-45.5,60.49199010000001],[-45.5,60.49136979999997],[-45.5,60.490175799999975],[-45.5,60.48839320000002],[-45.5,60.48450100000002],[-45.5,60.48263650000001],[-45.5,60.482217100000014],[-45.5,60.48118649999998],[-45.5,60.481178],[-45.5,60.480320500000005],[-45.5,60.47797379999997],[-45.5,60.47540320000002],[-45.5,60.47328829999998],[-45.5,60.47295389999999],[-45.5,60.472813099999996],[-45.5,60.47155359999999],[-45.5,60.47154549999999],[-45.5,60.47128980000002],[-45.5,60.47023100000001],[-45.5,60.464378599999975],[-45.5,60.46231549999999],[-45.5,60.460202200000026],[-45.5,60.459923300000014],[-45.5,60.459695599999975],[-45.5,60.45753719999999],[-45.5,60.45280550000001],[-45.5,60.448969999999974],[-45.5,60.446513900000014],[-45.5,60.442684199999974],[-45.5,60.441533900000024],[-45.5,60.43920739999999],[-45.5,60.43417720000002],[-45.5,60.432172700000024],[-45.5,60.42994879999998],[-45.5,60.42915260000001],[-45.5,60.428607699999986],[-45.5,60.425353099999995],[-45.5,60.4148242],[-45.5,60.40581370000001],[-45.5,60.403843800000004],[-45.5,60.39374240000001],[-45.5,60.3822452],[-45.5,60.36458929999998],[-45.5,60.35649699999999],[-45.5,60.352973299999974],[-45.5,60.35021019999999],[-45.5,60.34917189999999],[-45.5,60.348637800000006],[-45.5,60.34814030000001],[-45.5,60.34690180000001],[-45.5,60.34099450000002],[-45.5,60.34062039999998],[-45.5,60.34050300000001],[-45.5,60.33729149999999],[-45.5,60.33566380000002],[-45.5,60.31803660000003],[-45.5,60.30943159999998],[-45.5,60.308319100000006],[-45.5,60.30639359999998],[-45.5,60.30325629999999],[-45.5,60.29867919999998],[-45.5,60.2967931],[-45.5,60.29527919999998],[-45.5,60.29344889999999],[-45.5,60.29338280000002],[-45.5,60.2930824],[-45.5,60.2893856],[-45.5,60.28687830000001],[-45.5,60.28610789999999],[-45.5,60.254123100000015],[-45.5,60.25336729999998],[-45.5,60.23906019999998],[-45.5,60.23841779999998],[-45.5,60.23840369999999],[-45.5,60.21946380000003],[-45.5,60.208376199999975],[-45.5,60.19362940000002],[-45.5,60.16132160000001],[-45.5,60.147140200000024],[-45.5,60.14535169999999],[-45.5,60.14506319999998],[-45.5,60.144792499999994],[-45.5,60.14215309999997],[-45.5,60.14053000000001],[-45.5,60.139741000000015],[-45.5,60.13322410000001],[-45.5,60.12943480000001],[-45.5,60.016213900000025],[-45.5,60.0],[-45.442683999999986,60.0]]]]},"properties":{"datasetName":"101DK004AQESE","edition":1,"update":0,"status":3}},{"type":"Feature","geometry":{"type":"MultiPolygon","coordinates":[[[[10.5,55.5],[10.5,56.0],[10.0,56.0],[10.0,55.5],[10.5,55.5]]]]},"properties":{"datasetName":"101DK0040741E","edition":1,"update":0,"status":4}},{"type":"Feature","geometry":{"type":"MultiPolygon","coordinates":[[[[-53.996756500000004,67.0],[-53.991844300000025,67.0],[-53.97910409999997,67.0],[-53.96987439999998,67.0],[-53.96365709999998,67.0],[-53.95059429999998,67.0],[-53.94924500000002,67.0],[-53.943925999999976,67.0],[-53.9339205,67.0],[-53.92245159999999,67.0],[-53.91387750000001,67.0],[-53.87598320000001,67.0],[-53.87571839999998,67.0],[-53.86617890000002,67.0],[-53.857931699999995,67.0],[-53.84661749999998,67.0],[-53.84420749999998,67.0],[-53.84259400000002,67.0],[-53.841424200000006,67.0],[-53.84008720000003,67.0],[-53.840025500000024,67.0],[-53.8349111,67.0],[-53.83445219999999,67.0],[-53.832179999999994,67.0],[-53.81694809999999,67.0],[-53.81396560000002,67.0],[-53.81247330000002,67.0],[-53.81244409999999,67.0],[-53.811780399999975,67.0],[-53.79757669999998,67.0],[-53.7865453,67.0],[-53.771902899999986,67.0],[-53.766572999999994,67.0],[-53.76581340000001,67.0],[-53.76416390000003,67.0],[-53.76370559999998,67.0],[-53.76340699999997,67.0],[-53.74846059999999,67.0],[-53.74806219999999,67.0],[-53.743751599999996,67.0],[-53.73829430000001,67.0],[-53.732124,67.0],[-53.7149134,67.0],[-53.71367270000002,67.0],[-53.71205689999999,67.0],[-53.6858057,67.0],[-53.6704613,67.0],[-53.66182250000003,67.0],[-53.658097199999986,67.0],[-53.65525050000002,67.0],[-53.64737509999998,67.0],[-53.635443899999984,67.0],[-53.634438999999986,67.0],[-53.632795999999985,67.0],[-53.61810359999998,67.0],[-53.61546049999998,67.0],[-53.6124428,67.0],[-53.607500000000016,67.0],[-53.599641599999984,67.0],[-53.597698700000024,67.0],[-53.595467299999996,67.0],[-53.593584299999975,67.0],[-53.5779038,67.0],[-53.57385629999999,67.0],[-53.56785780000001,67.0],[-53.56731070000001,67.0],[-53.555371200000025,67.0],[-53.547463300000004,67.0],[-53.53943629999998,67.0],[-53.53335120000003,67.0],[-53.5,67.0],[-53.5,67.00931580000002],[-53.5,67.01010289999999],[-53.5,67.01090870000002],[-53.5,67.01236390000003],[-53.5,67.01367040000002],[-53.5,67.01696959999998],[-53.5,67.0177617],[-53.5,67.0196603],[-53.5,67.0243552],[-53.5,67.02561429999997],[-53.5,67.02676150000002],[-53.5,67.02946200000002],[-53.5,67.03021360000002],[-53.5,67.03143820000003],[-53.5,67.032013],[-53.5,67.03349509999998],[-53.5,67.0354673],[-53.5,67.03705120000001],[-53.5,67.03892080000003],[-53.5,67.0408468],[-53.5,67.04242449999998],[-53.5,67.04408480000001],[-53.5,67.04542850000001],[-53.5,67.046628],[-53.5,67.05006400000002],[-53.5,67.05370570000002],[-53.5,67.05453729999999],[-53.5,67.05517470000001],[-53.5,67.05581949999998],[-53.5,67.0566508],[-53.5,67.05791520000002],[-53.5,67.05980729999999],[-53.5,67.06099080000001],[-53.5,67.0622166],[-53.5,67.06336870000001],[-53.5,67.06504239999998],[-53.5,67.06588970000001],[-53.5,67.06777729999999],[-53.5,67.06860419999998],[-53.5,67.06974229999997],[-53.5,67.07184940000002],[-53.5,67.07486599999999],[-53.5,67.0780795],[-53.5,67.07952],[-53.5,67.080398],[-53.5,67.0817131],[-53.5,67.08294690000002],[-53.5,67.083887],[-53.5,67.08461849999998],[-53.5,67.08534989999998],[-53.5,67.0860558],[-53.5,67.08675310000001],[-53.5,67.08745850000003],[-53.5,67.08819469999997],[-53.5,67.08880499999998],[-53.5,67.08957830000003],[-53.5,67.08999949999998],[-53.5,67.5],[-54.0,67.5],[-54.0,67.08999949999998],[-54.0,67.06554640000002],[-54.0,67.06236610000002],[-54.0,67.05980019999998],[-54.0,67.05576880000001],[-54.0,67.05294520000001],[-54.0,67.04570080000002],[-54.0,67.04358739999998],[-54.0,67.0395355],[-54.0,67.0281048],[-54.0,67.0242364],[-54.0,67.02389010000002],[-54.0,67.0227572],[-54.0,67.02103820000002],[-54.0,67.02072579999998],[-54.0,67.01137349999999],[-54.0,67.00987980000002],[-54.0,67.00542530000001],[-54.0,67.0],[-53.996756500000004,67.0]]]]},"properties":{"datasetName":"101DK004BSDKE","edition":1,"update":0,"status":1}},{"type":"Feature","geometry":{"type":"MultiPolygon","coordinates":[[[[-52.0,63.5],[-52.0,63.558333300000015],[-52.0,63.58795029999999],[-52.0,63.58924239999999],[-52.0,63.64198099999999],[-52.0,63.65113889999998],[-52.0,63.68137619999999],[-52.0,63.6985009],[-52.0,63.71644839999999],[-52.0,63.75681049999997],[-52.0,63.762914799999976],[-52.0,63.77680379999998],[-52.0,63.78350519999998],[-52.0,63.78701719999998],[-52.0,63.790449000000024],[-52.0,63.79316160000002],[-52.0,63.79462410000002],[-52.0,63.798333300000024],[-52.0,63.9651667],[-52.0,63.97569320000002],[-52.0,63.976920699999994],[-52.0,63.98154299999999],[-52.0,63.9823715],[-52.0,63.9838158],[-52.0,63.985291200000006],[-52.0,63.98604940000001],[-52.0,63.98808459999998],[-52.0,63.99503759999999],[-52.0,64.0],[-52.00140060000001,64.0],[-52.00555209999999,64.0],[-52.012683200000026,64.0],[-52.019105000000025,64.0],[-52.01991270000002,64.0],[-52.02301360000001,64.0],[-52.02377940000002,64.0],[-52.026411199999984,64.0],[-52.03172000000001,64.0],[-52.034733800000026,64.0],[-52.0414935,64.0],[-52.05857200000003,64.0],[-52.063836200000026,64.0],[-52.09551950000002,64.0],[-52.097844699999996,64.0],[-52.10787850000003,64.0],[-52.11040439999999,64.0],[-52.135087399999975,64.0],[-52.13568220000002,64.0],[-52.14011140000002,64.0],[-52.141004899999984,64.0],[-52.19040380000001,64.0],[-52.19213130000003,64.0],[-52.19224220000001,64.0],[-52.19294559999997,64.0],[-52.203722700000014,64.0],[-52.22705050000002,64.0],[-52.239473299999986,64.0],[-52.244535299999995,64.0],[-52.24632329999997,64.0],[-52.24965689999999,64.0],[-52.257212700000025,64.0],[-52.28351780000003,64.0],[-52.29491280000002,64.0],[-52.30576350000001,64.0],[-52.3057685,64.0],[-52.322986800000024,64.0],[-52.33219100000002,64.0],[-52.3357853,64.0],[-52.3362133,64.0],[-52.34765110000001,64.0],[-52.37650000000002,64.0],[-52.5,64.0],[-52.5,63.5],[-52.0,63.5]]]]},"properties":{"datasetName":"101DK004BEDQE","edition":1,"update":0,"status":1}},{"type":"Feature","geometry":{"type":"MultiPolygon","coordinates":[[[[-52.0,70.0],[-52.0,70.5],[-52.5,70.5],[-52.5,70.0],[-52.0,70.0]]]]},"properties":{"datasetName":"101DK004CEDQE","edition":1,"update":0,"status":1}},{"type":"Feature","geometry":{"type":"MultiPolygon","coordinates":[[[[-53.5,69.5],[-53.5,70.0],[-54.0,70.0],[-54.0,69.5],[-53.5,69.5]]]]},"properties":{"datasetName":"101DK004CCDKE","edition":1,"update":0,"status":4}},{"type":"Feature","geometry":{"type":"MultiPolygon","coordinates":[[[[-47.99859550000002,61.0],[-47.995569699999976,61.0],[-47.99545640000002,61.0],[-47.99332290000001,61.0],[-47.99118069999997,61.0],[-47.98823779999998,61.0],[-47.98754739999998,61.0],[-47.98541599999999,61.0],[-47.98269049999999,61.0],[-47.97708299999999,61.0],[-47.97553140000002,61.0],[-47.970426799999984,61.0],[-47.969985199999996,61.0],[-47.96141290000003,61.0],[-47.96023339999999,61.0],[-47.958513700000026,61.0],[-47.956543099999976,61.0],[-47.95497169999999,61.0],[-47.95035339999998,61.0],[-47.9482342,61.0],[-47.946419100000014,61.0],[-47.94505570000001,61.0],[-47.94356570000002,61.0],[-47.94138659999999,61.0],[-47.94007399999998,61.0],[-47.93500089999998,61.0],[-47.93162030000002,61.0],[-47.91389240000001,61.0],[-47.91329889999997,61.0],[-47.911283000000026,61.0],[-47.90596470000003,61.0],[-47.90214529999997,61.0],[-47.901398900000004,61.0],[-47.898588099999984,61.0],[-47.886402499999974,61.0],[-47.885628999999994,61.0],[-47.87897349999997,61.0],[-47.8760274,61.0],[-47.87403810000001,61.0],[-47.866509399999984,61.0],[-47.853694099999984,61.0],[-47.82407610000001,61.0],[-47.80454759999998,61.0],[-47.80127850000002,61.0],[-47.80122269999998,61.0],[-47.80027740000003,61.0],[-47.798429999999996,61.0],[-47.795609300000024,61.0],[-47.7946675,61.0],[-47.79466669999999,61.0],[-47.5,61.0],[-47.5,61.5],[-48.0,61.5],[-48.0,61.11249859999998],[-48.0,61.11215090000002],[-48.0,61.11177500000002],[-48.0,61.11106649999999],[-48.0,61.111011899999994],[-48.0,61.1088345],[-48.0,61.10710879999999],[-48.0,61.103474300000016],[-48.0,61.103217700000016],[-48.0,61.102865699999995],[-48.0,61.10246110000003],[-48.0,61.101945],[-48.0,61.10145460000001],[-48.0,61.10103559999999],[-48.0,61.09178079999998],[-48.0,61.08804759999998],[-48.0,61.08026189999998],[-48.0,61.07657599999999],[-48.0,61.07021759999998],[-48.0,61.06900000000002],[-48.0,61.0617441],[-48.0,61.06038319999999],[-48.0,61.05812259999999],[-48.0,61.053098999999975],[-48.0,61.05270639999998],[-48.0,61.035413000000005],[-48.0,61.03487849999999],[-48.0,61.03428120000001],[-48.0,61.03344240000001],[-48.0,61.03279509999999],[-48.0,61.03204950000003],[-48.0,61.03105670000002],[-48.0,61.03024349999998],[-48.0,61.029727700000024],[-48.0,61.02894520000001],[-48.0,61.02828740000001],[-48.0,61.02760760000001],[-48.0,61.02717710000002],[-48.0,61.02677920000002],[-48.0,61.02646329999999],[-48.0,61.02620230000002],[-48.0,61.025904000000025],[-48.0,61.02551549999998],[-48.0,61.02508449999999],[-48.0,61.024340800000004],[-48.0,61.0241547],[-48.0,61.0235174],[-48.0,61.022725700000024],[-48.0,61.02180329999999],[-48.0,61.02083219999997],[-48.0,61.02014270000001],[-48.0,61.01930570000002],[-48.0,61.018647999999985],[-48.0,61.01814949999999],[-48.0,61.01651620000001],[-48.0,61.01387219999998],[-48.0,61.01279099999999],[-48.0,61.011606900000004],[-48.0,61.010992499999986],[-48.0,61.0105236],[-48.0,61.01016520000002],[-48.0,61.00970849999999],[-48.0,61.008990600000004],[-48.0,61.00823320000001],[-48.0,61.007388900000024],[-48.0,61.00636250000002],[-48.0,61.00267059999999],[-48.0,61.00116209999999],[-48.0,61.000213099999996],[-48.0,61.0],[-47.99859550000002,61.0]]]]},"properties":{"datasetName":"101DK004AUEIE","edition":1,"update":0,"status":1}},{"type":"Feature","geometry":{"type":"MultiPolygon","coordinates":[[[[-51.5,63.5],[-51.5,63.51383329999999],[-51.5,63.51419959999998],[-51.5,63.5254056],[-51.5,63.52849859999998],[-51.5,63.53652290000002],[-51.5,63.53686399999998],[-51.5,63.538097900000025],[-51.5,63.53962969999998],[-51.5,63.544446100000016],[-51.5,63.54709200000002],[-51.5,63.55804610000001],[-51.5,63.558191299999976],[-51.5,63.559024799999975],[-51.5,63.5592173],[-51.5,63.56067839999997],[-51.5,63.56093520000002],[-51.5,63.56181099999998],[-51.5,63.5623301],[-51.5,63.563462500000014],[-51.5,63.563669000000004],[-51.5,63.56494249999997],[-51.5,63.569338500000015],[-51.5,63.57049490000003],[-51.5,63.57278120000001],[-51.5,63.574420799999984],[-51.5,63.591121499999986],[-51.5,63.59283740000001],[-51.5,63.59465290000003],[-51.5,63.59642229999997],[-51.5,63.60269090000003],[-51.5,63.605532600000004],[-51.5,63.62408420000003],[-51.5,63.624740299999985],[-51.5,63.62486949999999],[-51.5,63.62691799999999],[-51.5,63.627220299999976],[-51.5,63.629859599999975],[-51.5,63.62993640000002],[-51.5,63.642190400000004],[-51.5,63.64471259999999],[-51.5,63.64847150000003],[-51.5,63.651309200000014],[-51.5,63.65272140000002],[-51.5,63.65587879999998],[-51.5,63.65657729999998],[-51.5,63.65703559999997],[-51.5,63.6574354],[-51.5,63.657630900000015],[-51.5,63.65817709999999],[-51.5,63.659063100000026],[-51.5,63.65930500000002],[-51.5,63.661908600000004],[-51.5,63.66482450000001],[-51.5,63.6688934],[-51.5,63.67327130000001],[-51.5,63.675596600000006],[-51.5,63.67598509999999],[-51.5,63.67821679999997],[-51.5,63.67894269999999],[-51.5,63.67986760000002],[-51.5,63.686353199999985],[-51.5,63.6865856],[-51.5,63.687091599999974],[-51.5,63.68742359999999],[-51.5,63.68759469999998],[-51.5,63.68786010000002],[-51.5,63.6887074],[-51.5,63.69187699999998],[-51.5,63.693755599999974],[-51.5,63.69421799999998],[-51.5,63.695197399999984],[-51.5,63.69703629999998],[-51.5,63.700767799999994],[-51.5,63.701756699999976],[-51.5,63.710780399999976],[-51.5,63.71078729999999],[-51.5,63.71362820000002],[-51.5,63.71402119999999],[-51.5,63.715603699999974],[-51.5,63.71655729999998],[-51.5,63.71727779999998],[-51.5,63.72325119999999],[-51.5,63.724149899999986],[-51.5,63.724355600000024],[-51.5,63.7247079],[-51.5,63.725532999999984],[-51.5,63.72764050000001],[-51.5,63.7291285],[-51.5,63.73273440000003],[-51.5,63.73480289999998],[-51.5,63.73600010000001],[-51.5,63.7366528],[-51.5,63.73760709999999],[-51.5,63.737670200000025],[-51.5,63.7387531],[-51.5,63.73884850000002],[-51.5,63.74027319999999],[-51.5,63.74288039999999],[-51.5,63.75431579999997],[-51.5,63.756624199999976],[-51.5,63.75681359999999],[-51.5,63.761114599999985],[-51.5,63.76368869999999],[-51.5,63.76522410000001],[-51.5,63.7691504],[-51.5,63.771925899999985],[-51.5,63.773840800000016],[-51.5,63.77868960000001],[-51.5,63.78882490000001],[-51.5,63.78986120000002],[-51.5,63.79126100000002],[-51.5,63.798333300000024],[-51.5,64.0],[-51.579999999999984,64.0],[-51.582094100000006,64.0],[-51.58459049999999,64.0],[-51.592841799999974,64.0],[-51.5992258,64.0],[-51.602036699999985,64.0],[-51.60497129999999,64.0],[-51.60771369999998,64.0],[-51.60996019999999,64.0],[-51.61510199999998,64.0],[-51.61584720000002,64.0],[-51.61799300000001,64.0],[-51.628612499999974,64.0],[-51.64036629999998,64.0],[-51.64373569999998,64.0],[-51.644677,64.0],[-51.64719250000002,64.0],[-51.64892320000001,64.0],[-51.65572100000003,64.0],[-51.65893920000002,64.0],[-51.665813000000014,64.0],[-51.66722920000001,64.0],[-51.6679585,64.0],[-51.69056669999998,64.0],[-51.69371990000002,64.0],[-51.6944393,64.0],[-51.6959612,64.0],[-51.69687870000001,64.0],[-51.70081399999998,64.0],[-51.70162110000001,64.0],[-51.70354639999999,64.0],[-51.712151000000006,64.0],[-51.71249949999998,64.0],[-51.71413230000002,64.0],[-51.71528749999999,64.0],[-51.71563320000001,64.0],[-51.71686779999999,64.0],[-51.71941270000002,64.0],[-51.722052599999984,64.0],[-51.726252199999976,64.0],[-51.72862029999999,64.0],[-51.73129060000002,64.0],[-51.73212419999999,64.0],[-51.73279170000001,64.0],[-51.73439910000002,64.0],[-51.7384629,64.0],[-51.73876480000001,64.0],[-51.74071930000002,64.0],[-51.75221620000002,64.0],[-51.75584500000002,64.0],[-51.75838249999998,64.0],[-51.76289550000001,64.0],[-51.76356190000001,64.0],[-51.777641500000016,64.0],[-51.781292500000006,64.0],[-51.792279699999995,64.0],[-51.79629490000002,64.0],[-51.80642340000003,64.0],[-51.81111550000003,64.0],[-51.817887600000006,64.0],[-51.823350300000016,64.0],[-51.83077700000001,64.0],[-51.84802250000001,64.0],[-51.856496400000026,64.0],[-51.89142020000003,64.0],[-51.894540000000006,64.0],[-51.90141649999998,64.0],[-51.904023600000016,64.0],[-51.90739610000003,64.0],[-51.90971280000002,64.0],[-51.91401189999999,64.0],[-51.92314379999999,64.0],[-51.94381199999998,64.0],[-51.950093200000026,64.0],[-51.966569900000025,64.0],[-51.96666670000002,64.0],[-51.97340059999999,64.0],[-51.98153380000002,64.0],[-52.0,64.0],[-52.0,63.99503759999999],[-52.0,63.98808459999998],[-52.0,63.98604940000001],[-52.0,63.985291200000006],[-52.0,63.9838158],[-52.0,63.9823715],[-52.0,63.98154299999999],[-52.0,63.976920699999994],[-52.0,63.97569320000002],[-52.0,63.9651667],[-52.0,63.798333300000024],[-52.0,63.79462410000002],[-52.0,63.79316160000002],[-52.0,63.790449000000024],[-52.0,63.78701719999998],[-52.0,63.78350519999998],[-52.0,63.77680379999998],[-52.0,63.762914799999976],[-52.0,63.75681049999997],[-52.0,63.71644839999999],[-52.0,63.6985009],[-52.0,63.68137619999999],[-52.0,63.65113889999998],[-52.0,63.64198099999999],[-52.0,63.58924239999999],[-52.0,63.58795029999999],[-52.0,63.558333300000015],[-52.0,63.5],[-51.5,63.5]]]]},"properties":{"datasetName":"101DK004BEDSE","edition":1,"update":0,"status":3}},{"type":"Feature","geometry":{"type":"MultiPolygon","coordinates":[[[[-51.5,70.0],[-51.5,70.5],[-52.0,70.5],[-52.0,70.0],[-51.5,70.0]]]]},"properties":{"datasetName":"101DK004CEDSE","edition":1,"update":0,"status":1}},{"type":"Feature","geometry":{"type":"MultiPolygon","coordinates":[[[[-51.125381000000004,69.5],[-51.062983299999985,69.5],[-51.05618670000001,69.5],[-51.04351780000002,69.5],[-51.02845830000001,69.5],[-51.02502390000001,69.5],[-51.016882099999975,69.5],[-51.009754999999984,69.5],[-51.0,69.5],[-51.0,69.5088953],[-51.0,69.51709590000002],[-51.0,69.51897659999997],[-51.0,69.52108299999998],[-51.0,69.52184829999999],[-51.0,69.52371640000001],[-51.0,69.52680020000003],[-51.0,69.52772570000002],[-51.0,69.52804880000002],[-51.0,69.53461670000002],[-51.0,69.5351106],[-51.0,69.53692339999998],[-51.0,69.54011459999998],[-51.0,69.54282160000002],[-51.0,69.54387439999999],[-51.0,69.5449352],[-51.0,69.75],[-51.0,69.90468370000002],[-51.0,69.9293313],[-51.0,69.9634375],[-51.0,69.99461630000002],[-51.0,70.0],[-51.01286779999998,70.0],[-51.121480399999996,70.0],[-51.301033700000005,70.0],[-51.31617540000002,70.0],[-51.362352999999985,70.0],[-51.5,70.0],[-51.5,69.97512799999998],[-51.5,69.80182860000002],[-51.5,69.5],[-51.125381000000004,69.5]]]]},"properties":{"datasetName":"101DK004CCDUE","edition":1,"update":0,"status":1}},{"type":"Feature","geometry":{"type":"MultiPolygon","coordinates":[[[[-46.9746677,60.5],[-46.79996369999998,60.5],[-46.791600700000004,60.5],[-46.700143500000024,60.5],[-46.685434199999975,60.5],[-46.67041180000001,60.5],[-46.670328299999994,60.5],[-46.67008679999998,60.5],[-46.669692199999986,60.5],[-46.66929759999999,60.5],[-46.66890289999998,60.5],[-46.668508299999985,60.5],[-46.66811369999999,60.5],[-46.66771899999998,60.5],[-46.667324399999984,60.5],[-46.66692979999999,60.5],[-46.666535099999976,60.5],[-46.66614049999998,60.5],[-46.66574589999999,60.5],[-46.665351199999975,60.5],[-46.66495659999998,60.5],[-46.66456199999999,60.5],[-46.664167299999974,60.5],[-46.6638327,60.5],[-46.66377269999998,60.5],[-46.66337809999999,60.5],[-46.66298339999997,60.5],[-46.66258879999998,60.5],[-46.66219419999999,60.5],[-46.66179949999997,60.5],[-46.66140489999998,60.5],[-46.66134520000003,60.5],[-46.66101029999999,60.5],[-46.66061560000003,60.5],[-46.66022099999998,60.5],[-46.659826399999986,60.5],[-46.65943170000003,60.5],[-46.65903709999998,60.5],[-46.658642499999985,60.5],[-46.65824780000003,60.5],[-46.65785319999998,60.5],[-46.657458599999984,60.5],[-46.657063900000026,60.5],[-46.656669299999976,60.5],[-46.65627469999998,60.5],[-46.655880000000025,60.5],[-46.65551429999999,60.5],[-46.655485399999975,60.5],[-46.655126199999984,60.5],[-46.65509079999998,60.5],[-46.654696100000024,60.5],[-46.654301499999974,60.5],[-46.65390689999998,60.5],[-46.65351220000002,60.5],[-46.65311759999997,60.5],[-46.65291610000003,60.5],[-46.6528424,60.5],[-46.65272299999998,60.5],[-46.65232830000002,60.5],[-46.65193369999997,60.5],[-46.65153909999998,60.5],[-46.65114440000002,60.5],[-46.65074980000003,60.5],[-46.65035519999998,60.5],[-46.64996050000002,60.5],[-46.64956590000003,60.5],[-46.649411999999984,60.5],[-46.64917129999998,60.5],[-46.64877660000002,60.5],[-46.648382000000026,60.5],[-46.64798739999998,60.5],[-46.64759270000002,60.5],[-46.647198100000026,60.5],[-46.646803499999976,60.5],[-46.64640880000002,60.5],[-46.646014200000025,60.5],[-46.64587949999998,60.5],[-46.645619599999975,60.5],[-46.64522490000002,60.5],[-46.644830300000024,60.5],[-46.644435699999974,60.5],[-46.644041000000016,60.5],[-46.64364640000002,60.5],[-46.64325179999997,60.5],[-46.642857100000015,60.5],[-46.64246250000002,60.5],[-46.64206789999997,60.5],[-46.641673200000014,60.5],[-46.64127860000002,60.5],[-46.64088400000003,60.5],[-46.64048930000001,60.5],[-46.64009470000002,60.5],[-46.63970010000003,60.5],[-46.63930549999998,60.5],[-46.63891080000002,60.5],[-46.6387886,60.5],[-46.63874229999999,60.5],[-46.638516200000026,60.5],[-46.63812159999998,60.5],[-46.63772690000002,60.5],[-46.637332300000025,60.5],[-46.636937699999976,60.5],[-46.63654300000002,60.5],[-46.636520899999994,60.5],[-46.636366899999985,60.5],[-46.636148400000025,60.5],[-46.635753799999975,60.5],[-46.63535910000002,60.5],[-46.634964500000024,60.5],[-46.634569899999974,60.5],[-46.634175200000016,60.5],[-46.63378060000002,60.5],[-46.63338599999997,60.5],[-46.632991300000015,60.5],[-46.63259670000002,60.5],[-46.63220209999997,60.5],[-46.63199049999997,60.5],[-46.631933000000004,60.5],[-46.631807400000014,60.5],[-46.63141280000002,60.5],[-46.63101820000003,60.5],[-46.63062350000001,60.5],[-46.63022890000002,60.5],[-46.62983430000003,60.5],[-46.62943960000001,60.5],[-46.62904500000002,60.5],[-46.628650400000026,60.5],[-46.62825570000001,60.5],[-46.62786110000002,60.5],[-46.627466500000025,60.5],[-46.62707180000001,60.5],[-46.62706259999999,60.5],[-46.6270523,60.5],[-46.62667720000002,60.5],[-46.626282600000025,60.5],[-46.62588790000001,60.5],[-46.62549330000002,60.5],[-46.625098700000024,60.5],[-46.62470400000001,60.5],[-46.624309400000016,60.5],[-46.62391480000002,60.5],[-46.62352010000001,60.5],[-46.62333810000001,60.5],[-46.623158699999976,60.5],[-46.623125500000015,60.5],[-46.62273090000002,60.5],[-46.62233620000001,60.5],[-46.621941600000014,60.5],[-46.62154700000002,60.5],[-46.621152300000006,60.5],[-46.6211409,60.5],[-46.62075770000001,60.5],[-46.620678699999985,60.5],[-46.62036310000002,60.5],[-46.619968400000005,60.5],[-46.61957380000001,60.5],[-46.61917920000002,60.5],[-46.618784500000004,60.5],[-46.61838990000001,60.5],[-46.61799530000002,60.5],[-46.6176006,60.5],[-46.61722959999997,60.5],[-46.61720600000001,60.5],[-46.61681140000002,60.5],[-46.6164167,60.5],[-46.61602210000001,60.5],[-46.615627500000016,60.5],[-46.61536899999999,60.5],[-46.6152328,60.5],[-46.61483820000001,60.5],[-46.614443600000016,60.5],[-46.6140489,60.5],[-46.61365430000001,60.5],[-46.613259700000015,60.5],[-46.612865,60.5],[-46.61247040000001,60.5],[-46.61240529999998,60.5],[-46.612075800000014,60.5],[-46.61204620000001,60.5],[-46.6116811,60.5],[-46.611286500000006,60.5],[-46.61089190000001,60.5],[-46.6104972,60.5],[-46.610102600000005,60.5],[-46.60970800000001,60.5],[-46.6093133,60.5],[-46.608918700000004,60.5],[-46.60852410000001,60.5],[-46.608129399999996,60.5],[-46.6077348,60.5],[-46.60734020000001,60.5],[-46.606945499999995,60.5],[-46.6065509,60.5],[-46.60615630000001,60.5],[-46.605761599999994,60.5],[-46.605367,60.5],[-46.60497240000001,60.5],[-46.60457769999999,60.5],[-46.6041831,60.5],[-46.60378850000001,60.5],[-46.60362500000002,60.5],[-46.60359620000003,60.5],[-46.60339379999999,60.5],[-46.6029992,60.5],[-46.60260460000001,60.5],[-46.60220989999999,60.5],[-46.6018153,60.5],[-46.601420700000006,60.5],[-46.60102610000001,60.5],[-46.6006314,60.5],[-46.600236800000005,60.5],[-46.6000042,60.5],[-46.59984220000001,60.5],[-46.599831300000005,60.5],[-46.5998204,60.5],[-46.5994475,60.5],[-46.599052900000004,60.5],[-46.59865830000001,60.5],[-46.598263599999996,60.5],[-46.597869,60.5],[-46.597515699999974,60.5],[-46.59747440000001,60.5],[-46.597079699999995,60.5],[-46.5966851,60.5],[-46.596475,60.5],[-46.59629050000001,60.5],[-46.595895799999994,60.5],[-46.5955012,60.5],[-46.59510660000001,60.5],[-46.59471189999999,60.5],[-46.5943173,60.5],[-46.59392270000001,60.5],[-46.59352799999999,60.5],[-46.59338079999998,60.5],[-46.59337499999998,60.5],[-46.5931334,60.5],[-46.59273880000001,60.5],[-46.59244669999998,60.5],[-46.59234409999999,60.5],[-46.5919495,60.5],[-46.591554900000006,60.5],[-46.59116019999999,60.5],[-46.5907656,60.5],[-46.590371000000005,60.5],[-46.58997629999999,60.5],[-46.5895817,60.5],[-46.589187100000004,60.5],[-46.58879239999999,60.5],[-46.588397799999996,60.5],[-46.5880032,60.5],[-46.58760849999999,60.5],[-46.587213899999995,60.5],[-46.5868193,60.5],[-46.58642459999999,60.5],[-46.586029999999994,60.5],[-46.5856354,60.5],[-46.585240699999986,60.5],[-46.58484609999999,60.5],[-46.5844515,60.5],[-46.584056799999985,60.5],[-46.58366219999999,60.5],[-46.5832676,60.5],[-46.582872899999984,60.5],[-46.58247829999999,60.5],[-46.5820837,60.5],[-46.58168899999998,60.5],[-46.58166670000003,60.5],[-46.58129439999999,60.5],[-46.5808998,60.5],[-46.58050509999998,60.5],[-46.58011049999999,60.5],[-46.5797159,60.5],[-46.57932119999998,60.5],[-46.57892659999999,60.5],[-46.578531999999996,60.5],[-46.57813729999998,60.5],[-46.57774269999999,60.5],[-46.577348099999995,60.5],[-46.57695339999998,60.5],[-46.57655879999999,60.5],[-46.576164199999994,60.5],[-46.57576949999998,60.5],[-46.575374899999986,60.5],[-46.57498029999999,60.5],[-46.57458559999998,60.5],[-46.574190999999985,60.5],[-46.57379639999999,60.5],[-46.57340169999998,60.5],[-46.573007099999984,60.5],[-46.57261249999999,60.5],[-46.572217799999976,60.5],[-46.57182319999998,60.5],[-46.57142859999999,60.5],[-46.571033899999975,60.5],[-46.57063929999998,60.5],[-46.57024469999999,60.5],[-46.569849999999974,60.5],[-46.56945539999998,60.5],[-46.56906079999999,60.5],[-46.56866609999997,60.5],[-46.56827149999998,60.5],[-46.56787689999999,60.5],[-46.56748219999997,60.5],[-46.56708759999998,60.5],[-46.56669299999999,60.5],[-46.56629830000003,60.5],[-46.56590369999998,60.5],[-46.565509099999986,60.5],[-46.56511440000003,60.5],[-46.56471979999998,60.5],[-46.564325199999985,60.5],[-46.563930500000026,60.5],[-46.56353589999998,60.5],[-46.563141299999984,60.5],[-46.56274669999999,60.5],[-46.562351999999976,60.5],[-46.56195739999998,60.5],[-46.56156279999999,60.5],[-46.561168099999975,60.5],[-46.56077349999998,60.5],[-46.56037889999999,60.5],[-46.559984199999974,60.5],[-46.55958959999998,60.5],[-46.55919499999999,60.5],[-46.55880029999997,60.5],[-46.55859959999998,60.5],[-46.55858749999999,60.5],[-46.55840569999998,60.5],[-46.55801109999999,60.5],[-46.55761639999997,60.5],[-46.55722179999998,60.5],[-46.55682719999999,60.5],[-46.55643250000003,60.5],[-46.55603789999998,60.5],[-46.555643299999986,60.5],[-46.55524860000003,60.5],[-46.55485399999998,60.5],[-46.554459399999985,60.5],[-46.554064700000026,60.5],[-46.55367009999998,60.5],[-46.553275499999984,60.5],[-46.552880800000025,60.5],[-46.552486199999976,60.5],[-46.55209159999998,60.5],[-46.551696900000024,60.5],[-46.551302299999975,60.5],[-46.55090769999998,60.5],[-46.550513000000024,60.5],[-46.550118399999974,60.5],[-46.54972379999998,60.5],[-46.54932910000002,60.5],[-46.54919960000001,60.5],[-46.54913140000002,60.5],[-46.54893449999997,60.5],[-46.54853989999998,60.5],[-46.54814520000002,60.5],[-46.54775059999997,60.5],[-46.54735599999998,60.5],[-46.54696130000002,60.5],[-46.54656670000003,60.5],[-46.54617209999998,60.5],[-46.5458946,60.5],[-46.545856300000025,60.5],[-46.54577740000002,60.5],[-46.54538280000003,60.5],[-46.54498819999998,60.5],[-46.54459350000002,60.5],[-46.544198900000026,60.5],[-46.54380429999998,60.5],[-46.54342539999999,60.5],[-46.54340960000002,60.5],[-46.543374700000015,60.5],[-46.543015000000025,60.5],[-46.542620399999976,60.5],[-46.54222570000002,60.5],[-46.541831100000024,60.5],[-46.541436499999975,60.5],[-46.541041800000016,60.5],[-46.54064720000002,60.5],[-46.540252599999974,60.5],[-46.539857900000015,60.5],[-46.53946330000002,60.5],[-46.53906869999997,60.5],[-46.538674000000015,60.5],[-46.53827940000002,60.5],[-46.53788479999997,60.5],[-46.537490100000014,60.5],[-46.53709550000002,60.5],[-46.53670090000003,60.5],[-46.53630620000001,60.5],[-46.53591160000002,60.5],[-46.53551700000003,60.5],[-46.53512230000001,60.5],[-46.53472770000002,60.5],[-46.534409900000014,60.5],[-46.53435719999999,60.5],[-46.534333100000026,60.5],[-46.53393840000001,60.5],[-46.53354380000002,60.5],[-46.533149200000025,60.5],[-46.53275450000001,60.5],[-46.53235990000002,60.5],[-46.531965300000024,60.5],[-46.53157060000001,60.5],[-46.531176000000016,60.5],[-46.53086200000001,60.5],[-46.53085220000003,60.5],[-46.53078140000002,60.5],[-46.53038670000001,60.5],[-46.529992100000015,60.5],[-46.52959750000002,60.5],[-46.52920280000001,60.5],[-46.528808200000014,60.5],[-46.52841360000002,60.5],[-46.528018900000006,60.5],[-46.527624300000014,60.5],[-46.52722970000002,60.5],[-46.526835000000005,60.5],[-46.52644040000001,60.5],[-46.52604580000002,60.5],[-46.525651100000005,60.5],[-46.52525650000001,60.5],[-46.52486190000002,60.5],[-46.524467300000026,60.5],[-46.52407260000001,60.5],[-46.52367800000002,60.5],[-46.523283400000025,60.5],[-46.52288870000001,60.5],[-46.52249410000002,60.5],[-46.522099500000024,60.5],[-46.52170480000001,60.5],[-46.521310200000016,60.5],[-46.52118619999999,60.5],[-46.52118389999998,60.5],[-46.52091560000002,60.5],[-46.52052090000001,60.5],[-46.520126300000015,60.5],[-46.51973170000002,60.5],[-46.51933700000001,60.5],[-46.518942400000014,60.5],[-46.51854780000002,60.5],[-46.518153100000006,60.5],[-46.517758500000014,60.5],[-46.51736390000002,60.5],[-46.516969200000005,60.5],[-46.51657460000001,60.5],[-46.51618000000002,60.5],[-46.515785300000005,60.5],[-46.51539070000001,60.5],[-46.51499610000002,60.5],[-46.514601400000004,60.5],[-46.51420680000001,60.5],[-46.51381220000002,60.5],[-46.5134175,60.5],[-46.51302290000001,60.5],[-46.51262830000002,60.5],[-46.5122336,60.5],[-46.51183900000001,60.5],[-46.5117563,60.5],[-46.511753899999974,60.5],[-46.511444400000016,60.5],[-46.5110497,60.5],[-46.51065510000001,60.5],[-46.510260500000015,60.5],[-46.5098658,60.5],[-46.50978120000002,60.5],[-46.509698000000014,60.5],[-46.50947120000001,60.5],[-46.509076600000014,60.5],[-46.5086819,60.5],[-46.508287300000006,60.5],[-46.50789270000001,60.5],[-46.507498,60.5],[-46.507103400000005,60.5],[-46.50670880000001,60.5],[-46.5063141,60.5],[-46.505919500000005,60.5],[-46.50552490000001,60.5],[-46.505130199999996,60.5],[-46.504735600000004,60.5],[-46.50446019999998,60.5],[-46.504432399999985,60.5],[-46.50434100000001,60.5],[-46.503946299999996,60.5],[-46.5035517,60.5],[-46.50315710000001,60.5],[-46.502762399999995,60.5],[-46.5023678,60.5],[-46.50197320000001,60.5],[-46.501578499999994,60.5],[-46.5011839,60.5],[-46.50078930000001,60.5],[-46.50045110000002,60.5],[-46.50045069999999,60.5],[-46.50039459999999,60.5],[-46.5,60.5],[-46.5,60.5016875],[-46.5,60.504999999999995],[-46.5,60.50500599999998],[-46.5,60.50591730000002],[-46.5,60.511406299999976],[-46.5,60.51257240000001],[-46.5,60.5165978],[-46.5,60.51849370000002],[-46.5,60.5344341],[-46.5,60.535313299999984],[-46.5,60.53599359999998],[-46.5,60.53634520000003],[-46.5,60.5517514],[-46.5,60.5538818],[-46.5,60.56366000000003],[-46.5,60.56812239999999],[-46.5,60.57019309999998],[-46.5,60.573500000000024],[-46.5,60.575915699999996],[-46.5,60.578013399999975],[-46.5,60.57951659999998],[-46.5,60.58618760000002],[-46.5,60.611157400000025],[-46.5,60.6125179],[-46.5,60.61742609999999],[-46.5,60.61778509999999],[-46.5,60.618058099999985],[-46.5,60.61921619999998],[-46.5,60.64150489999997],[-46.5,60.641850499999975],[-46.5,60.642400399999985],[-46.5,60.64297640000001],[-46.5,60.64566880000001],[-46.5,60.64716240000001],[-46.5,60.64868739999997],[-46.5,60.65011270000002],[-46.5,60.65301640000001],[-46.5,60.653799100000015],[-46.5,60.662401999999986],[-46.5,60.663633300000015],[-46.5,60.66466639999999],[-46.5,60.66468209999999],[-46.5,60.66790279999998],[-46.5,60.66794490000001],[-46.5,60.66874949999999],[-46.5,60.668843100000004],[-46.5,60.669669399999975],[-46.5,60.66981679999998],[-46.5,60.67139359999999],[-46.5,60.67152970000001],[-46.5,60.67303559999999],[-46.5,60.67320960000001],[-46.5,60.67504969999999],[-46.5,60.675362500000006],[-46.5,60.68073679999998],[-46.5,60.680969300000015],[-46.5,60.68099569999998],[-46.5,60.685359300000016],[-46.5,60.68594250000001],[-46.5,60.6876259],[-46.5,60.68833540000003],[-46.5,60.693837900000005],[-46.5,60.69462650000003],[-46.5,60.695702400000016],[-46.5,60.6968511],[-46.5,60.69817699999999],[-46.5,60.69878369999998],[-46.5,60.69895939999998],[-46.5,60.699062200000014],[-46.5,60.699129700000015],[-46.5,60.699245399999995],[-46.5,60.69946169999997],[-46.5,60.69976109999999],[-46.5,60.70005400000002],[-46.5,60.70021179999998],[-46.5,60.7019057],[-46.5,60.70208869999999],[-46.5,60.7040245],[-46.5,60.704135099999974],[-46.5,60.704937400000006],[-46.5,60.705896300000006],[-46.5,60.7086506],[-46.5,60.713636399999984],[-46.5,60.71364890000001],[-46.5,60.715609099999995],[-46.5,60.71561860000003],[-46.5,60.71678350000002],[-46.5,60.716842199999974],[-46.5,60.72409620000002],[-46.5,60.7241588],[-46.5,60.733092399999975],[-46.5,60.733155099999976],[-46.5,60.73558029999998],[-46.5,60.737119699999994],[-46.5,60.737218600000006],[-46.5,60.739356999999984],[-46.5,60.739398800000004],[-46.5,60.73974320000002],[-46.5,60.73995050000002],[-46.5,60.739972799999975],[-46.5,60.74096830000002],[-46.5,60.741027599999995],[-46.5,60.74262570000002],[-46.5,60.742756499999984],[-46.5,60.7492719],[-46.5,60.74927980000001],[-46.5,60.74928779999999],[-46.5,60.7496946],[-46.5,60.75],[-46.5,60.75677680000001],[-46.5,60.75790239999998],[-46.5,60.76276280000002],[-46.5,60.763083600000016],[-46.5,60.767284700000005],[-46.5,60.76924680000002],[-46.5,60.770018900000025],[-46.5,60.77066839999998],[-46.5,60.77108909999998],[-46.5,60.77178520000001],[-46.5,60.77219359999998],[-46.5,60.77384760000001],[-46.5,60.77615400000002],[-46.5,60.776446799999974],[-46.5,60.77785510000001],[-46.5,60.78071219999998],[-46.5,60.78176359999998],[-46.5,60.78339510000001],[-46.5,60.785281699999985],[-46.5,60.786264700000004],[-46.5,60.787280099999975],[-46.5,60.7879198],[-46.5,60.78915690000002],[-46.5,60.79054180000003],[-46.5,60.79094279999998],[-46.5,60.79136890000001],[-46.5,60.79176799999999],[-46.5,60.792280600000026],[-46.5,60.79344630000003],[-46.5,60.79443900000001],[-46.5,60.795266200000015],[-46.5,60.797400100000004],[-46.5,60.79874860000001],[-46.5,60.80016840000002],[-46.5,60.80126439999998],[-46.5,60.801874699999985],[-46.5,60.802524800000015],[-46.5,60.803157999999996],[-46.5,60.80390790000001],[-46.5,60.80466849999999],[-46.5,60.80537479999998],[-46.5,60.807561899999996],[-46.5,60.80833239999998],[-46.5,60.809284400000024],[-46.5,60.8100422],[-46.5,60.81026109999999],[-46.5,60.810652600000026],[-46.5,60.811768900000004],[-46.5,60.8126216],[-46.5,60.8132516],[-46.5,60.814115000000015],[-46.5,60.816861500000016],[-46.5,60.81753409999999],[-46.5,60.818168000000014],[-46.5,60.81879620000001],[-46.5,60.81917979999997],[-46.5,60.821770800000024],[-46.5,60.82290769999997],[-46.5,60.824066500000015],[-46.5,60.82480170000002],[-46.5,60.82508560000002],[-46.5,60.82640700000002],[-46.5,60.826739599999996],[-46.5,60.827686700000015],[-46.5,60.8286885],[-46.5,60.82933689999999],[-46.5,60.82963410000002],[-46.5,60.82966219999997],[-46.5,60.82992489999998],[-46.5,60.830442800000014],[-46.5,60.832649600000025],[-46.5,60.83356600000002],[-46.5,60.8349412],[-46.5,60.836228800000015],[-46.5,60.83795079999999],[-46.5,60.84153600000002],[-46.5,60.842784300000005],[-46.5,60.84354830000001],[-46.5,60.84399239999999],[-46.5,60.844400500000006],[-46.5,60.844773499999974],[-46.5,60.84574850000001],[-46.5,60.846481299999994],[-46.5,60.84695169999998],[-46.5,60.84879160000003],[-46.5,60.85041159999997],[-46.5,60.851464899999996],[-46.5,60.85361760000001],[-46.5,60.85422849999998],[-46.5,60.855147999999986],[-46.5,60.857081900000026],[-46.5,60.85973560000002],[-46.5,60.86081280000002],[-46.5,60.8630402],[-46.5,60.86418939999999],[-46.5,60.86527460000002],[-46.5,60.866275299999984],[-46.5,60.86851469999999],[-46.5,60.86867669999998],[-46.5,60.86885330000001],[-46.5,60.868913099999986],[-46.5,60.869504800000016],[-46.5,60.86987149999999],[-46.5,60.87106879999999],[-46.5,60.87199529999998],[-46.5,60.87407969999998],[-46.5,60.87662549999999],[-46.5,60.897678299999995],[-46.5,60.901852399999996],[-46.5,60.90388619999999],[-46.5,60.906226000000004],[-46.5,60.90663489999997],[-46.5,60.90851670000001],[-46.5,60.90863660000002],[-46.5,60.90938970000002],[-46.5,60.90949310000002],[-46.5,60.909738000000004],[-46.5,60.9103346],[-46.5,60.911307799999975],[-46.5,60.91386319999998],[-46.5,60.914020600000015],[-46.5,60.915344600000026],[-46.5,60.91631749999999],[-46.5,60.917220199999974],[-46.5,60.917716600000006],[-46.5,60.918419700000015],[-46.5,60.921963300000016],[-46.5,60.92296759999999],[-46.5,60.92390769999997],[-46.5,60.924791500000026],[-46.5,60.92505679999999],[-46.5,60.92539540000001],[-46.5,60.92566019999998],[-46.5,60.92612220000001],[-46.5,60.92697320000002],[-46.5,60.92993089999999],[-46.5,60.93406879999998],[-46.5,60.94240289999999],[-46.5,60.94300329999999],[-46.5,60.94351390000003],[-46.5,60.94424350000003],[-46.5,60.94703959999998],[-46.5,60.949748399999976],[-46.5,60.95084450000002],[-46.5,60.95394190000002],[-46.5,60.95441219999998],[-46.5,60.95743110000001],[-46.5,60.95986540000001],[-46.5,60.96063570000001],[-46.5,60.9612252],[-46.5,60.961736299999984],[-46.5,60.962943800000005],[-46.5,60.96393610000001],[-46.5,60.964027999999985],[-46.5,60.96474460000002],[-46.5,60.96592500000003],[-46.5,60.96620539999998],[-46.5,60.96722460000001],[-46.5,60.96769790000002],[-46.5,60.967872],[-46.5,60.96801499999998],[-46.5,60.96816289999998],[-46.5,60.968233399999974],[-46.5,60.96843230000002],[-46.5,60.96852460000002],[-46.5,60.9688706],[-46.5,60.969649000000004],[-46.5,60.97096490000001],[-46.5,60.972516299999995],[-46.5,60.9742311],[-46.5,60.97598979999998],[-46.5,60.97838580000001],[-46.5,60.97881819999998],[-46.5,60.979181100000005],[-46.5,60.979594299999974],[-46.5,60.980149299999994],[-46.5,60.980769599999974],[-46.5,60.98135550000001],[-46.5,60.981829600000026],[-46.5,60.98252719999999],[-46.5,60.98313250000001],[-46.5,60.98360389999999],[-46.5,60.98385539999998],[-46.5,60.98398279999998],[-46.5,60.98415729999999],[-46.5,60.98433879999999],[-46.5,60.98454379999998],[-46.5,60.98463400000003],[-46.5,60.98548460000001],[-46.5,60.985606700000005],[-46.5,60.9858868],[-46.5,60.98623309999999],[-46.5,60.98704600000002],[-46.5,60.99333760000002],[-46.5,60.99603139999999],[-46.5,60.996364400000004],[-46.5,60.9975867],[-46.5,60.997723500000006],[-46.5,61.0],[-46.504886699999986,61.0],[-46.5054126,61.0],[-46.50935249999998,61.0],[-46.50952419999999,61.0],[-46.51379730000002,61.0],[-46.51856429999998,61.0],[-46.51971379999998,61.0],[-46.52307689999998,61.0],[-46.5617082,61.0],[-46.56947359999998,61.0],[-46.570215399999995,61.0],[-46.570578599999976,61.0],[-46.57260459999998,61.0],[-46.57331629999999,61.0],[-46.575344099999995,61.0],[-46.57626269999997,61.0],[-46.57784520000001,61.0],[-46.57992660000002,61.0],[-46.5814757,61.0],[-46.58339560000002,61.0],[-46.584857899999975,61.0],[-46.586578599999996,61.0],[-46.58718649999997,61.0],[-46.587645899999984,61.0],[-46.58815729999998,61.0],[-46.58877610000002,61.0],[-46.58950170000003,61.0],[-46.59067970000001,61.0],[-46.592092200000025,61.0],[-46.59347120000001,61.0],[-46.60405209999999,61.0],[-46.60929220000003,61.0],[-46.60990529999998,61.0],[-46.61066770000002,61.0],[-46.61130379999997,61.0],[-46.61199240000002,61.0],[-46.61328559999998,61.0],[-46.618021899999974,61.0],[-46.61802740000002,61.0],[-46.618148099999985,61.0],[-46.618658100000005,61.0],[-46.62272180000002,61.0],[-46.62291529999999,61.0],[-46.627028199999984,61.0],[-46.627060700000015,61.0],[-46.63577299999997,61.0],[-46.63763269999998,61.0],[-46.65914889999999,61.0],[-46.69325409999999,61.0],[-46.697994800000004,61.0],[-46.69928599999997,61.0],[-46.70118289999999,61.0],[-46.70310139999998,61.0],[-46.70487159999999,61.0],[-46.70668310000002,61.0],[-46.7085955,61.0],[-46.71044819999997,61.0],[-46.71266830000002,61.0],[-46.717833799999994,61.0],[-46.72234709999998,61.0],[-46.725229300000024,61.0],[-46.72786189999999,61.0],[-46.729708500000015,61.0],[-46.74149219999998,61.0],[-46.75201240000001,61.0],[-46.76041650000002,61.0],[-46.761928599999976,61.0],[-46.763281500000005,61.0],[-46.76479640000002,61.0],[-46.766311400000006,61.0],[-46.76927189999998,61.0],[-46.773729600000024,61.0],[-46.775021400000014,61.0],[-46.77680129999999,61.0],[-46.77827180000003,61.0],[-46.77968529999998,61.0],[-46.78077719999999,61.0],[-46.78178159999999,61.0],[-46.78247750000003,61.0],[-46.7890931,61.0],[-46.790617399999974,61.0],[-46.79841529999999,61.0],[-46.8050288,61.0],[-46.809509400000024,61.0],[-46.814005899999984,61.0],[-46.81417859999999,61.0],[-46.815906600000005,61.0],[-46.817499999999995,61.0],[-47.0,61.0],[-47.0,60.92149999999998],[-47.0,60.9207313],[-47.0,60.917969400000004],[-47.0,60.91755660000001],[-47.0,60.915621199999975],[-47.0,60.91512669999997],[-47.0,60.91385029999998],[-47.0,60.913669700000014],[-47.0,60.911496899999975],[-47.0,60.91120110000003],[-47.0,60.9097524],[-47.0,60.90915380000001],[-47.0,60.908550100000014],[-47.0,60.907966699999974],[-47.0,60.90705120000001],[-47.0,60.90588330000003],[-47.0,60.90072959999998],[-47.0,60.89906100000002],[-47.0,60.898473000000024],[-47.0,60.89794210000002],[-47.0,60.89755730000002],[-47.0,60.89710020000001],[-47.0,60.89674969999999],[-47.0,60.896295899999984],[-47.0,60.889925000000005],[-47.0,60.889116899999976],[-47.0,60.88825159999999],[-47.0,60.887504999999976],[-47.0,60.88690709999997],[-47.0,60.886436600000025],[-47.0,60.885967600000015],[-47.0,60.88549280000001],[-47.0,60.88498559999999],[-47.0,60.88437570000002],[-47.0,60.88391330000002],[-47.0,60.88261829999999],[-47.0,60.879240100000004],[-47.0,60.87763849999999],[-47.0,60.87595060000001],[-47.0,60.8732407],[-47.0,60.87141869999999],[-47.0,60.87051020000001],[-47.0,60.8702955],[-47.0,60.86841939999999],[-47.0,60.867588599999976],[-47.0,60.866797399999996],[-47.0,60.86633920000003],[-47.0,60.86495339999999],[-47.0,60.86423689999998],[-47.0,60.863575200000014],[-47.0,60.862714100000005],[-47.0,60.8617289],[-47.0,60.86083869999999],[-47.0,60.85927520000001],[-47.0,60.8579484],[-47.0,60.857052599999975],[-47.0,60.857034399999975],[-47.0,60.856731000000025],[-47.0,60.856334600000025],[-47.0,60.85588139999999],[-47.0,60.85518200000001],[-47.0,60.85450639999999],[-47.0,60.85331050000002],[-47.0,60.85113369999999],[-47.0,60.84969990000002],[-47.0,60.84896459999999],[-47.0,60.84830950000003],[-47.0,60.84665419999999],[-47.0,60.845548199999996],[-47.0,60.84350260000002],[-47.0,60.84323519999998],[-47.0,60.84199109999997],[-47.0,60.83672739999997],[-47.0,60.835294999999974],[-47.0,60.8349609],[-47.0,60.83041229999998],[-47.0,60.83026339999998],[-47.0,60.82963059999997],[-47.0,60.82865800000002],[-47.0,60.82397809999998],[-47.0,60.82353699999999],[-47.0,60.822484900000006],[-47.0,60.8220144],[-47.0,60.821455000000014],[-47.0,60.82112089999998],[-47.0,60.820288500000004],[-47.0,60.819645700000024],[-47.0,60.819228399999986],[-47.0,60.81900519999999],[-47.0,60.81857200000002],[-47.0,60.81679409999998],[-47.0,60.81484710000001],[-47.0,60.81453529999999],[-47.0,60.81056589999997],[-47.0,60.81017939999998],[-47.0,60.80937920000002],[-47.0,60.80805729999997],[-47.0,60.807342500000004],[-47.0,60.80091390000001],[-47.0,60.79972520000001],[-47.0,60.79702150000003],[-47.0,60.7948854],[-47.0,60.79261270000001],[-47.0,60.789791200000025],[-47.0,60.788627099999985],[-47.0,60.78833329999998],[-47.0,60.78666329999999],[-47.0,60.78310269999997],[-47.0,60.78277659999998],[-47.0,60.7826005],[-47.0,60.78226919999997],[-47.0,60.7812783],[-47.0,60.77913799999999],[-47.0,60.77835110000001],[-47.0,60.778234499999996],[-47.0,60.77814740000002],[-47.0,60.77794069999999],[-47.0,60.77774219999998],[-47.0,60.77733330000001],[-47.0,60.7770941],[-47.0,60.77596940000001],[-47.0,60.7719869],[-47.0,60.77134189999998],[-47.0,60.770518100000004],[-47.0,60.76902869999998],[-47.0,60.76605280000001],[-47.0,60.7641251],[-47.0,60.761702000000014],[-47.0,60.760037599999976],[-47.0,60.759079199999974],[-47.0,60.7581313],[-47.0,60.75798930000002],[-47.0,60.75171820000003],[-47.0,60.75036180000001],[-47.0,60.75],[-47.0,60.74955030000001],[-47.0,60.7485198],[-47.0,60.7473387],[-47.0,60.7460418],[-47.0,60.745057299999985],[-47.0,60.74374419999998],[-47.0,60.74213329999998],[-47.0,60.74105509999998],[-47.0,60.73034200000001],[-47.0,60.729041300000006],[-47.0,60.7268153],[-47.0,60.72616670000002],[-47.0,60.724088600000016],[-47.0,60.72408189999999],[-47.0,60.72204099999999],[-47.0,60.72199269999999],[-47.0,60.720495099999994],[-47.0,60.718543599999975],[-47.0,60.71835820000001],[-47.0,60.71734889999999],[-47.0,60.71706110000002],[-47.0,60.71646179999999],[-47.0,60.71633650000001],[-47.0,60.71499240000003],[-47.0,60.71361489999998],[-47.0,60.7124723],[-47.0,60.712408100000005],[-47.0,60.70902100000001],[-47.0,60.70875139999998],[-47.0,60.705522099999996],[-47.0,60.705482399999994],[-47.0,60.70391360000002],[-47.0,60.70387899999997],[-47.0,60.70245440000002],[-47.0,60.70226109999999],[-47.0,60.697062800000026],[-47.0,60.69704789999997],[-47.0,60.6927149],[-47.0,60.692115],[-47.0,60.6801097],[-47.0,60.68008630000003],[-47.0,60.679199600000004],[-47.0,60.67323190000002],[-47.0,60.670626500000026],[-47.0,60.667875700000025],[-47.0,60.666073100000006],[-47.0,60.66604369999999],[-47.0,60.66532539999997],[-47.0,60.66526099999999],[-47.0,60.66407720000001],[-47.0,60.663827000000026],[-47.0,60.662947900000006],[-47.0,60.662754500000005],[-47.0,60.6613979],[-47.0,60.661303299999986],[-47.0,60.661034099999995],[-47.0,60.6610225],[-47.0,60.660721799999976],[-47.0,60.660700299999974],[-47.0,60.657836799999984],[-47.0,60.6578164],[-47.0,60.65711110000001],[-47.0,60.656914700000016],[-47.0,60.656693399999995],[-47.0,60.65657759999999],[-47.0,60.650641699999994],[-47.0,60.65037799999999],[-47.0,60.64738],[-47.0,60.64735660000002],[-47.0,60.64545620000001],[-47.0,60.645294999999976],[-47.0,60.64350000000002],[-47.0,60.62544600000001],[-47.0,60.613384999999994],[-47.0,60.61228649999998],[-47.0,60.611479599999996],[-47.0,60.60339540000001],[-47.0,60.595942200000025],[-47.0,60.59410810000003],[-47.0,60.5875868],[-47.0,60.586046899999985],[-47.0,60.58400990000001],[-47.0,60.575645699999995],[-47.0,60.570916899999986],[-47.0,60.55495760000002],[-47.0,60.5502328],[-47.0,60.540826100000004],[-47.0,60.533506999999986],[-47.0,60.53310549999998],[-47.0,60.53196120000001],[-47.0,60.52569440000002],[-47.0,60.5248029],[-47.0,60.5],[-46.9746677,60.5]]]]},"properties":{"datasetName":"101DK004ASEME","edition":1,"update":0,"status":3}},{"type":"Feature","geometry":{"type":"MultiPolygon","coordinates":[[[[9.774999999999977,56.5],[10.0,56.5],[10.0,57.0],[9.5,57.0],[9.5,56.75],[9.5,56.5],[9.774999999999977,56.5]]]]},"properties":{"datasetName":"101DK0041139E","edition":1,"update":0,"status":4}},{"type":"Feature","geometry":{"type":"MultiPolygon","coordinates":[[[[8.074999999999989,56.0],[8.5,56.0],[8.5,56.129999999999995],[8.5,56.45833329999999],[8.5,56.5],[8.141666699999973,56.5],[8.0,56.5],[8.0,56.0],[8.074999999999989,56.0]]]]},"properties":{"datasetName":"101DK0040933E","edition":1,"update":0,"status":2}},{"type":"Feature","geometry":{"type":"MultiPolygon","coordinates":[[[[-54.435974199999976,68.5],[-54.42594409999998,68.5],[-54.4202143,68.5],[-54.41961229999998,68.5],[-54.39941399999998,68.5],[-54.36796529999998,68.5],[-54.23069170000002,68.5],[-54.22149089999999,68.5],[-54.221490500000016,68.5],[-54.217609700000025,68.5],[-54.2175934,68.5],[-54.11016230000001,68.5],[-54.07409050000001,68.5],[-54.062937499999975,68.5],[-54.044768499999975,68.5],[-54.0,68.5],[-54.0,68.51044769999999],[-54.0,68.53071510000001],[-54.0,68.57392800000002],[-54.0,68.58053890000002],[-54.0,68.58478309999998],[-54.0,68.58589419999998],[-54.0,68.61775640000002],[-54.0,68.6178069],[-54.0,68.61857830000002],[-54.0,68.61933349999998],[-54.0,68.75730829999998],[-54.0,68.75732090000002],[-54.0,68.75871919999997],[-54.0,68.75872759999999],[-54.0,68.76163109999999],[-54.0,68.76199810000003],[-54.0,68.76646319999998],[-54.0,68.7734317],[-54.0,68.78421689999999],[-54.0,68.7842655],[-54.0,68.78511950000001],[-54.0,68.78512519999998],[-54.0,68.7974663],[-54.0,68.7974696],[-54.0,68.82825439999999],[-54.0,68.8283116],[-54.0,68.83023329999997],[-54.0,68.83042749999998],[-54.0,68.84722210000001],[-54.0,68.8473745],[-54.0,68.85281739999999],[-54.0,68.8670702],[-54.0,68.86709409999997],[-54.0,68.8808391],[-54.0,68.8811202],[-54.0,68.8909936],[-54.0,68.9126549],[-54.0,68.92702320000001],[-54.0,68.97370690000002],[-54.0,68.97732559999997],[-54.0,68.98479400000002],[-54.0,68.99927589999999],[-54.0,69.0],[-54.017686000000026,69.0],[-54.043775600000004,69.0],[-54.050597400000015,69.0],[-54.064233,69.0],[-54.070567100000005,69.0],[-54.121223999999984,69.0],[-54.13902940000003,69.0],[-54.14479840000001,69.0],[-54.1589654,69.0],[-54.17293289999998,69.0],[-54.19275540000001,69.0],[-54.20483109999998,69.0],[-54.321831599999996,69.0],[-54.3232711,69.0],[-54.32833360000001,69.0],[-54.329758200000015,69.0],[-54.38999310000003,69.0],[-54.39313900000002,69.0],[-54.397777099999985,69.0],[-54.5,69.0],[-54.5,68.92775740000002],[-54.5,68.91338630000001],[-54.5,68.904964],[-54.5,68.8973406],[-54.5,68.87564739999999],[-54.5,68.87311110000002],[-54.5,68.87043970000002],[-54.5,68.8267353],[-54.5,68.82662870000001],[-54.5,68.7770979],[-54.5,68.77673019999997],[-54.5,68.75045010000002],[-54.5,68.73707200000001],[-54.5,68.72384349999999],[-54.5,68.65520409999999],[-54.5,68.58346260000002],[-54.5,68.55943389999999],[-54.5,68.5],[-54.435974199999976,68.5]]]]},"properties":{"datasetName":"101DK004BYDIE","edition":1,"update":0,"status":3}},{"type":"Feature","geometry":{"type":"MultiPolygon","coordinates":[[[[-50.993761500000005,63.0],[-50.98933199999999,63.0],[-50.95769309999997,63.0],[-50.94937620000002,63.0],[-50.94273700000002,63.0],[-50.938779599999975,63.0],[-50.9333939,63.0],[-50.92301809999998,63.0],[-50.90765320000003,63.0],[-50.90157399999998,63.0],[-50.892055400000004,63.0],[-50.87066370000002,63.0],[-50.867396299999996,63.0],[-50.83248630000003,63.0],[-50.830594099999985,63.0],[-50.80094270000001,63.0],[-50.7951468,63.0],[-50.79205999999999,63.0],[-50.79055790000001,63.0],[-50.787784199999976,63.0],[-50.78383059999999,63.0],[-50.769521699999984,63.0],[-50.760506899999996,63.0],[-50.751914699999986,63.0],[-50.75012179999999,63.0],[-50.7466402,63.0],[-50.71787069999999,63.0],[-50.70940460000003,63.0],[-50.70757570000001,63.0],[-50.7061157,63.0],[-50.689250000000015,63.0],[-50.68724900000001,63.0],[-50.67486170000001,63.0],[-50.666476699999976,63.0],[-50.665886,63.0],[-50.664874999999995,63.0],[-50.6647074,63.0],[-50.663966800000026,63.0],[-50.66363430000001,63.0],[-50.66283720000001,63.0],[-50.661584500000004,63.0],[-50.65971939999997,63.0],[-50.6579519,63.0],[-50.64270099999999,63.0],[-50.641342899999984,63.0],[-50.6319067,63.0],[-50.62188429999998,63.0],[-50.62016269999998,63.0],[-50.61917629999999,63.0],[-50.61713839999999,63.0],[-50.61603029999998,63.0],[-50.60943659999998,63.0],[-50.60749520000002,63.0],[-50.59185609999997,63.0],[-50.5911648,63.0],[-50.59048790000003,63.0],[-50.58860129999999,63.0],[-50.58429100000001,63.0],[-50.5826912,63.0],[-50.58100000000002,63.0],[-50.5,63.0],[-50.5,63.5],[-51.0,63.5],[-51.0,63.182000000000016],[-51.0,63.1804429],[-51.0,63.17896259999998],[-51.0,63.178815499999985],[-51.0,63.17784710000001],[-51.0,63.1762784],[-51.0,63.174583299999995],[-51.0,63.17438120000003],[-51.0,63.17358969999998],[-51.0,63.17290170000001],[-51.0,63.17179220000003],[-51.0,63.17079910000001],[-51.0,63.17002530000002],[-51.0,63.169108900000026],[-51.0,63.16744990000001],[-51.0,63.16704600000003],[-51.0,63.166149399999995],[-51.0,63.165794300000016],[-51.0,63.16536009999999],[-51.0,63.16502329999997],[-51.0,63.1644981],[-51.0,63.163878599999975],[-51.0,63.16277009999999],[-51.0,63.161277299999995],[-51.0,63.1603116],[-51.0,63.1596323],[-51.0,63.159179300000005],[-51.0,63.15852369999999],[-51.0,63.15777750000001],[-51.0,63.15658689999998],[-51.0,63.1563405],[-51.0,63.14903509999999],[-51.0,63.14892830000002],[-51.0,63.148060499999985],[-51.0,63.146157500000015],[-51.0,63.14487789999998],[-51.0,63.14479540000002],[-51.0,63.14125259999997],[-51.0,63.14021700000001],[-51.0,63.13980939999999],[-51.0,63.13680640000001],[-51.0,63.13603840000002],[-51.0,63.13296980000001],[-51.0,63.13180190000003],[-51.0,63.13157560000002],[-51.0,63.13117080000001],[-51.0,63.12986910000001],[-51.0,63.124226799999974],[-51.0,63.12309800000003],[-51.0,63.12220180000003],[-51.0,63.1146124],[-51.0,63.11434159999999],[-51.0,63.11053420000002],[-51.0,63.10904799999997],[-51.0,63.1078751],[-51.0,63.10537599999998],[-51.0,63.104280800000026],[-51.0,63.10337770000001],[-51.0,63.10298590000002],[-51.0,63.10131740000003],[-51.0,63.0996753],[-51.0,63.097083],[-51.0,63.09673049999998],[-51.0,63.09647530000001],[-51.0,63.095284100000015],[-51.0,63.0945375],[-51.0,63.09337799999997],[-51.0,63.0928265],[-51.0,63.09182770000001],[-51.0,63.09034589999999],[-51.0,63.08993320000002],[-51.0,63.08567909999999],[-51.0,63.08190669999999],[-51.0,63.07943879999999],[-51.0,63.076005899999984],[-51.0,63.07518329999999],[-51.0,63.07413020000001],[-51.0,63.0666258],[-51.0,63.06428629999999],[-51.0,63.05668559999998],[-51.0,63.054329199999984],[-51.0,63.05289809999999],[-51.0,63.05024739999999],[-51.0,63.0427449],[-51.0,63.041447000000005],[-51.0,63.039773500000024],[-51.0,63.03895619999997],[-51.0,63.0368752],[-51.0,63.036811399999976],[-51.0,63.032090700000026],[-51.0,63.02889190000002],[-51.0,63.02761090000001],[-51.0,63.020085600000016],[-51.0,63.01113959999998],[-51.0,63.00954330000002],[-51.0,63.0],[-50.993761500000005,63.0]]]]},"properties":{"datasetName":"101DK004BCDWE","edition":1,"update":0,"status":3}},{"type":"Feature","geometry":{"type":"MultiPolygon","coordinates":[[[[-54.0,71.0],[-54.0,71.5],[-54.5,71.5],[-54.5,71.0],[-54.0,71.0]]]]},"properties":{"datasetName":"101DK004CIDIE","edition":1,"update":0,"status":2}},{"type":"Feature","geometry":{"type":"MultiPolygon","coordinates":[[[[-46.49273040000003,60.5],[-46.491337499999986,60.5],[-46.48801950000001,60.5],[-46.48801609999998,60.5],[-46.48509869999998,60.5],[-46.4810152,60.5],[-46.48101500000001,60.5],[-46.4786244,60.5],[-46.478620999999976,60.5],[-46.46711429999999,60.5],[-46.464421500000014,60.5],[-46.46441420000002,60.5],[-46.39508000000001,60.5],[-46.384305100000006,60.5],[-46.36989620000003,60.5],[-46.340381200000024,60.5],[-46.314502000000005,60.5],[-46.31115060000002,60.5],[-46.307345,60.5],[-46.275056000000006,60.5],[-46.2750451,60.5],[-46.271456,60.5],[-46.27145230000002,60.5],[-46.265128600000025,60.5],[-46.26107719999999,60.5],[-46.25817890000002,60.5],[-46.258133199999975,60.5],[-46.248714800000016,60.5],[-46.2378693,60.5],[-46.2362536,60.5],[-46.236242000000004,60.5],[-46.23515400000002,60.5],[-46.23514890000001,60.5],[-46.23333330000003,60.5],[-46.0,60.5],[-46.0,60.504333299999985],[-46.0,60.5047601],[-46.0,60.507549299999994],[-46.0,60.50953190000001],[-46.0,60.51475149999999],[-46.0,60.515936099999976],[-46.0,60.516811700000005],[-46.0,60.5191944],[-46.0,60.52033449999999],[-46.0,60.53212830000001],[-46.0,60.53267490000002],[-46.0,60.53448070000002],[-46.0,60.53910509999997],[-46.0,60.539392899999996],[-46.0,60.53953519999999],[-46.0,60.540090599999985],[-46.0,60.54295080000003],[-46.0,60.5436593],[-46.0,60.546335],[-46.0,60.5465385],[-46.0,60.54766699999999],[-46.0,60.54824609999997],[-46.0,60.552699099999984],[-46.0,60.554835000000026],[-46.0,60.554896299999996],[-46.0,60.5553913],[-46.0,60.556739100000016],[-46.0,60.55701850000003],[-46.0,60.55708520000002],[-46.0,60.55825119999997],[-46.0,60.55966219999999],[-46.0,60.56027080000001],[-46.0,60.561894300000006],[-46.0,60.5623329],[-46.0,60.56332930000002],[-46.0,60.5641516],[-46.0,60.5667057],[-46.0,60.56830660000003],[-46.0,60.57048759999998],[-46.0,60.5719277],[-46.0,60.57528500000001],[-46.0,60.57705010000001],[-46.0,60.582301599999994],[-46.0,60.585963400000026],[-46.0,60.58613109999999],[-46.0,60.58725179999999],[-46.0,60.590679799999975],[-46.0,60.592568400000005],[-46.0,60.601928999999984],[-46.0,60.60373770000001],[-46.0,60.60478330000001],[-46.0,60.60857549999997],[-46.0,60.610134500000015],[-46.0,60.61237060000002],[-46.0,60.61256420000001],[-46.0,60.61294370000002],[-46.0,60.61372890000001],[-46.0,60.61552119999999],[-46.0,60.61688190000001],[-46.0,60.61811590000002],[-46.0,60.62303059999999],[-46.0,60.62433390000001],[-46.0,60.62524189999999],[-46.0,60.626203499999974],[-46.0,60.627389600000015],[-46.0,60.628749400000004],[-46.0,60.629029100000025],[-46.0,60.63123539999998],[-46.0,60.63357300000001],[-46.0,60.63411989999997],[-46.0,60.63531879999999],[-46.0,60.63658429999998],[-46.0,60.63811909999998],[-46.0,60.640946299999996],[-46.0,60.642051200000026],[-46.0,60.644587],[-46.0,60.64536029999999],[-46.0,60.64589219999999],[-46.0,60.64736979999998],[-46.0,60.64879769999999],[-46.0,60.65276319999998],[-46.0,60.653269799999975],[-46.0,60.65332269999999],[-46.0,60.65416670000002],[-46.0,60.654985099999976],[-46.0,60.657701299999985],[-46.0,60.660425799999985],[-46.0,60.66081300000002],[-46.0,60.664443000000006],[-46.0,60.6660612],[-46.0,60.67149949999998],[-46.0,60.674375],[-46.0,60.67457889999997],[-46.0,60.6819648],[-46.0,60.68273679999999],[-46.0,60.683368099999996],[-46.0,60.684373100000016],[-46.0,60.68616479999997],[-46.0,60.6892512],[-46.0,60.69017600000001],[-46.0,60.690916000000016],[-46.0,60.69135540000002],[-46.0,60.69181149999997],[-46.0,60.69246829999997],[-46.0,60.69311110000001],[-46.0,60.69562389999999],[-46.0,60.69634639999998],[-46.0,60.6969866],[-46.0,60.70035250000001],[-46.0,60.70477269999998],[-46.0,60.70890079999998],[-46.0,60.713279399999976],[-46.0,60.715689499999996],[-46.0,60.717379300000005],[-46.0,60.71891790000001],[-46.0,60.72292779999998],[-46.0,60.73098110000001],[-46.0,60.7381843],[-46.0,60.74777610000001],[-46.0,60.74880380000002],[-46.0,60.749431300000026],[-46.0,60.7517957],[-46.0,60.75344260000003],[-46.0,60.75753329999998],[-46.0,60.761525199999994],[-46.0,60.76209799999998],[-46.0,60.76224819999999],[-46.0,60.7645028],[-46.0,60.770557800000006],[-46.0,60.771090800000025],[-46.0,60.7713809],[-46.0,60.7726667],[-46.0,60.777646300000015],[-46.0,60.778601700000024],[-46.0,60.78029950000001],[-46.0,60.781404699999996],[-46.0,60.78249720000002],[-46.0,60.786331200000006],[-46.0,60.78720870000001],[-46.0,60.788495599999976],[-46.0,60.791612499999985],[-46.0,60.79385259999998],[-46.0,60.79500539999998],[-46.0,60.795599700000025],[-46.0,60.7959194],[-46.0,60.79592839999998],[-46.0,60.797081100000014],[-46.0,60.798110699999995],[-46.0,60.799004500000024],[-46.0,60.80023640000002],[-46.0,60.800758599999995],[-46.0,60.801262699999995],[-46.0,60.80393609999999],[-46.0,60.8049163],[-46.0,60.80564399999997],[-46.0,60.806668],[-46.0,60.807626400000004],[-46.0,60.80933049999999],[-46.0,60.81009560000001],[-46.0,60.81076839999997],[-46.0,60.8112615],[-46.0,60.81188259999999],[-46.0,60.81280129999999],[-46.0,60.813794599999994],[-46.0,60.815486299999975],[-46.0,60.815621799999974],[-46.0,60.81607530000002],[-46.0,60.817437600000005],[-46.0,60.818613700000014],[-46.0,60.81919670000002],[-46.0,60.81984749999998],[-46.0,60.820624599999974],[-46.0,60.82132419999999],[-46.0,60.82205379999999],[-46.0,60.822751900000014],[-46.0,60.82478099999997],[-46.0,60.82534190000001],[-46.0,60.8260406],[-46.0,60.8266246],[-46.0,60.827200800000014],[-46.0,60.827581399999985],[-46.0,60.82808369999998],[-46.0,60.86537550000003],[-46.0,60.866591099999994],[-46.0,60.87478820000001],[-46.0,60.8753567],[-46.0,60.8760795],[-46.0,60.876723500000026],[-46.0,60.877357200000006],[-46.0,60.877734299999986],[-46.0,60.87809800000002],[-46.0,60.878369599999985],[-46.0,60.878545900000006],[-46.0,60.879017999999974],[-46.0,60.87919520000003],[-46.0,60.87923970000003],[-46.0,60.879495899999995],[-46.0,60.88007520000002],[-46.0,60.88059579999998],[-46.0,60.8815285],[-46.0,60.88238639999997],[-46.0,60.8826545],[-46.0,60.883155199999976],[-46.0,60.88345829999997],[-46.0,60.88379170000002],[-46.0,60.88411880000001],[-46.0,60.884425599999986],[-46.0,60.884849900000006],[-46.0,60.88550980000002],[-46.0,60.88571000000002],[-46.0,60.88599829999998],[-46.0,60.886157500000024],[-46.0,60.88652730000001],[-46.0,60.886859800000025],[-46.0,60.88762350000002],[-46.0,60.88841200000002],[-46.0,60.89621349999999],[-46.0,60.89714559999999],[-46.0,60.89850819999998],[-46.0,60.90063950000001],[-46.0,60.90344540000001],[-46.0,60.90374320000001],[-46.0,60.90393610000001],[-46.0,60.904171599999984],[-46.0,60.90443060000001],[-46.0,60.9051159],[-46.0,60.905834200000015],[-46.0,60.90654669999998],[-46.0,60.90817870000001],[-46.0,60.909925799999996],[-46.0,60.91050469999999],[-46.0,60.91106330000002],[-46.0,60.911460499999976],[-46.0,60.91182930000002],[-46.0,60.912105800000006],[-46.0,60.91238290000001],[-46.0,60.912706800000024],[-46.0,60.913056900000015],[-46.0,60.91336530000001],[-46.0,60.913747899999976],[-46.0,60.91410430000002],[-46.0,60.91432839999999],[-46.0,60.9145082],[-46.0,60.9147256],[-46.0,60.91494080000001],[-46.0,60.91518930000001],[-46.0,60.9154269],[-46.0,60.91562649999997],[-46.0,60.915819899999974],[-46.0,60.916068199999984],[-46.0,60.91631460000002],[-46.0,60.9167248],[-46.0,60.91717349999999],[-46.0,60.91780779999999],[-46.0,60.91792909999998],[-46.0,60.91859119999998],[-46.0,60.91932880000002],[-46.0,60.9200472],[-46.0,60.921029499999975],[-46.0,60.921898399999975],[-46.0,60.92273990000001],[-46.0,60.92413099999999],[-46.0,60.92496990000001],[-46.0,60.9256135],[-46.0,60.926215300000024],[-46.0,60.9266427],[-46.0,60.92685940000001],[-46.0,60.92699060000001],[-46.0,60.927487600000006],[-46.0,60.9276246],[-46.0,60.927944500000024],[-46.0,60.92846259999999],[-46.0,60.929006300000026],[-46.0,60.929625199999975],[-46.0,60.93062279999998],[-46.0,60.93264529999999],[-46.0,60.9335059],[-46.0,60.934039299999995],[-46.0,60.93450710000002],[-46.0,60.9359948],[-46.0,60.93696590000002],[-46.0,60.937475199999994],[-46.0,60.937858300000016],[-46.0,60.9383052],[-46.0,60.93860319999999],[-46.0,60.93910970000002],[-46.0,60.939514599999995],[-46.0,60.94001220000001],[-46.0,60.94038119999999],[-46.0,60.9407544],[-46.0,60.94148610000002],[-46.0,60.942508499999974],[-46.0,60.94369560000001],[-46.0,60.94402760000003],[-46.0,60.944354299999986],[-46.0,60.94487600000002],[-46.0,60.945601099999976],[-46.0,60.94663489999999],[-46.0,60.947813],[-46.0,60.94825270000001],[-46.0,60.948398399999974],[-46.0,60.95018299999998],[-46.0,60.95137890000001],[-46.0,60.9522968],[-46.0,60.95264450000002],[-46.0,60.9536023],[-46.0,60.95461849999998],[-46.0,60.95588759999998],[-46.0,60.95628549999998],[-46.0,60.956639300000006],[-46.0,60.95856259999999],[-46.0,60.95974480000001],[-46.0,60.9605105],[-46.0,60.961181599999975],[-46.0,60.9618466],[-46.0,60.962367900000004],[-46.0,60.96291980000001],[-46.0,60.963592199999994],[-46.0,60.964398700000004],[-46.0,60.965095700000006],[-46.0,60.96569549999998],[-46.0,60.96628759999999],[-46.0,60.96644600000002],[-46.0,60.967105300000014],[-46.0,60.9679701],[-46.0,60.968938700000024],[-46.0,60.969717100000025],[-46.0,60.97204740000001],[-46.0,60.97293860000002],[-46.0,60.97413519999998],[-46.0,60.97585809999998],[-46.0,60.975969299999974],[-46.0,60.97673379999998],[-46.0,60.97888599999999],[-46.0,60.97938119999998],[-46.0,60.9798955],[-46.0,60.98028310000001],[-46.0,60.98036109999998],[-46.0,60.98486609999998],[-46.0,60.98535079999999],[-46.0,60.98581760000002],[-46.0,60.98617389999998],[-46.0,60.98654349999998],[-46.0,60.98692460000001],[-46.0,60.987276099999974],[-46.0,60.98763730000002],[-46.0,60.98797999999999],[-46.0,60.98825629999999],[-46.0,60.98842130000003],[-46.0,60.988699],[-46.0,60.988763800000015],[-46.0,60.98888049999999],[-46.0,60.98968289999999],[-46.0,60.990356899999995],[-46.0,60.99078209999999],[-46.0,60.99109379999999],[-46.0,60.99142649999999],[-46.0,60.9918619],[-46.0,60.992378099999996],[-46.0,60.99294609999998],[-46.0,60.99318549999998],[-46.0,60.9933997],[-46.0,60.99363890000001],[-46.0,60.993877399999974],[-46.0,60.994142599999975],[-46.0,60.99441189999999],[-46.0,60.99459200000001],[-46.0,60.994836599999985],[-46.0,61.0],[-46.12714060000002,61.0],[-46.12811449999998,61.0],[-46.13048930000002,61.0],[-46.1305552,61.0],[-46.131233099999974,61.0],[-46.13193799999999,61.0],[-46.13406909999998,61.0],[-46.13599540000001,61.0],[-46.139511200000015,61.0],[-46.1441054,61.0],[-46.14698720000001,61.0],[-46.14994469999999,61.0],[-46.153452800000025,61.0],[-46.15618360000002,61.0],[-46.15781850000002,61.0],[-46.159102399999995,61.0],[-46.16135200000002,61.0],[-46.16219330000001,61.0],[-46.16365029999997,61.0],[-46.16537149999999,61.0],[-46.16716339999999,61.0],[-46.168909600000006,61.0],[-46.16919999999999,61.0],[-46.17088749999999,61.0],[-46.17531200000002,61.0],[-46.1800576,61.0],[-46.18129490000001,61.0],[-46.1823407,61.0],[-46.1834422,61.0],[-46.1852437,61.0],[-46.19214870000002,61.0],[-46.198438399999986,61.0],[-46.2005168,61.0],[-46.202367200000026,61.0],[-46.20452369999998,61.0],[-46.2072852,61.0],[-46.207986000000005,61.0],[-46.20824090000002,61.0],[-46.21603520000002,61.0],[-46.2171419,61.0],[-46.21905270000002,61.0],[-46.2235498,61.0],[-46.22757760000002,61.0],[-46.2295737,61.0],[-46.233187199999975,61.0],[-46.23422549999998,61.0],[-46.23519709999999,61.0],[-46.23645770000002,61.0],[-46.2401519,61.0],[-46.243017899999984,61.0],[-46.24562689999999,61.0],[-46.24715880000002,61.0],[-46.24866279999998,61.0],[-46.2506712,61.0],[-46.25265439999998,61.0],[-46.254915700000026,61.0],[-46.25506569999999,61.0],[-46.2567047,61.0],[-46.256755199999986,61.0],[-46.25726259999999,61.0],[-46.259383300000025,61.0],[-46.26510380000002,61.0],[-46.26574479999999,61.0],[-46.301456099999996,61.0],[-46.309920999999974,61.0],[-46.31016519999997,61.0],[-46.312403200000006,61.0],[-46.3134996,61.0],[-46.319595600000014,61.0],[-46.323754099999974,61.0],[-46.32494759999997,61.0],[-46.32722660000002,61.0],[-46.32846110000003,61.0],[-46.329811199999995,61.0],[-46.33118810000002,61.0],[-46.33306240000002,61.0],[-46.334904900000026,61.0],[-46.33644509999999,61.0],[-46.336633800000016,61.0],[-46.337721999999985,61.0],[-46.33812169999999,61.0],[-46.33863009999999,61.0],[-46.33914600000003,61.0],[-46.33964179999998,61.0],[-46.340163099999984,61.0],[-46.34071890000001,61.0],[-46.34117259999999,61.0],[-46.34150440000002,61.0],[-46.34165519999999,61.0],[-46.3462538,61.0],[-46.34765759999999,61.0],[-46.350537599999996,61.0],[-46.354752099999985,61.0],[-46.388142000000016,61.0],[-46.38958960000002,61.0],[-46.391419499999984,61.0],[-46.394090199999994,61.0],[-46.394701999999995,61.0],[-46.4004329,61.0],[-46.40151359999999,61.0],[-46.40159169999998,61.0],[-46.4026824,61.0],[-46.40361810000002,61.0],[-46.404581199999996,61.0],[-46.40558179999999,61.0],[-46.406801900000005,61.0],[-46.40795379999997,61.0],[-46.40898279999999,61.0],[-46.41002359999999,61.0],[-46.4114381,61.0],[-46.41211440000001,61.0],[-46.41465929999998,61.0],[-46.42196740000003,61.0],[-46.42444180000001,61.0],[-46.4291341,61.0],[-46.4340416,61.0],[-46.4345108,61.0],[-46.4389367,61.0],[-46.438997400000005,61.0],[-46.4449616,61.0],[-46.44978609999998,61.0],[-46.45047249999999,61.0],[-46.45168510000002,61.0],[-46.45422150000002,61.0],[-46.45534170000002,61.0],[-46.4566006,61.0],[-46.45887729999998,61.0],[-46.46025359999999,61.0],[-46.4614095,61.0],[-46.46249030000001,61.0],[-46.463355200000024,61.0],[-46.46472069999999,61.0],[-46.465622499999995,61.0],[-46.466548999999986,61.0],[-46.467250200000024,61.0],[-46.467837900000006,61.0],[-46.46842520000001,61.0],[-46.46911840000001,61.0],[-46.46962180000003,61.0],[-46.470595300000014,61.0],[-46.471418099999994,61.0],[-46.475858200000005,61.0],[-46.480519000000015,61.0],[-46.48236480000003,61.0],[-46.4828129,61.0],[-46.483637999999985,61.0],[-46.48384349999998,61.0],[-46.4872345,61.0],[-46.5,61.0],[-46.5,60.997723500000006],[-46.5,60.9975867],[-46.5,60.996364400000004],[-46.5,60.99603139999999],[-46.5,60.99333760000002],[-46.5,60.98704600000002],[-46.5,60.98623309999999],[-46.5,60.9858868],[-46.5,60.985606700000005],[-46.5,60.98548460000001],[-46.5,60.98463400000003],[-46.5,60.98454379999998],[-46.5,60.98433879999999],[-46.5,60.98415729999999],[-46.5,60.98398279999998],[-46.5,60.98385539999998],[-46.5,60.98360389999999],[-46.5,60.98313250000001],[-46.5,60.98252719999999],[-46.5,60.981829600000026],[-46.5,60.98135550000001],[-46.5,60.980769599999974],[-46.5,60.980149299999994],[-46.5,60.979594299999974],[-46.5,60.979181100000005],[-46.5,60.97881819999998],[-46.5,60.97838580000001],[-46.5,60.97598979999998],[-46.5,60.9742311],[-46.5,60.972516299999995],[-46.5,60.97096490000001],[-46.5,60.969649000000004],[-46.5,60.9688706],[-46.5,60.96852460000002],[-46.5,60.96843230000002],[-46.5,60.968233399999974],[-46.5,60.96816289999998],[-46.5,60.96801499999998],[-46.5,60.967872],[-46.5,60.96769790000002],[-46.5,60.96722460000001],[-46.5,60.96620539999998],[-46.5,60.96592500000003],[-46.5,60.96474460000002],[-46.5,60.964027999999985],[-46.5,60.96393610000001],[-46.5,60.962943800000005],[-46.5,60.961736299999984],[-46.5,60.9612252],[-46.5,60.96063570000001],[-46.5,60.95986540000001],[-46.5,60.95743110000001],[-46.5,60.95441219999998],[-46.5,60.95394190000002],[-46.5,60.95084450000002],[-46.5,60.949748399999976],[-46.5,60.94703959999998],[-46.5,60.94424350000003],[-46.5,60.94351390000003],[-46.5,60.94300329999999],[-46.5,60.94240289999999],[-46.5,60.93406879999998],[-46.5,60.92993089999999],[-46.5,60.92697320000002],[-46.5,60.92612220000001],[-46.5,60.92566019999998],[-46.5,60.92539540000001],[-46.5,60.92505679999999],[-46.5,60.924791500000026],[-46.5,60.92390769999997],[-46.5,60.92296759999999],[-46.5,60.921963300000016],[-46.5,60.918419700000015],[-46.5,60.917716600000006],[-46.5,60.917220199999974],[-46.5,60.91631749999999],[-46.5,60.915344600000026],[-46.5,60.914020600000015],[-46.5,60.91386319999998],[-46.5,60.911307799999975],[-46.5,60.9103346],[-46.5,60.909738000000004],[-46.5,60.90949310000002],[-46.5,60.90938970000002],[-46.5,60.90863660000002],[-46.5,60.90851670000001],[-46.5,60.90663489999997],[-46.5,60.906226000000004],[-46.5,60.90388619999999],[-46.5,60.901852399999996],[-46.5,60.897678299999995],[-46.5,60.87662549999999],[-46.5,60.87407969999998],[-46.5,60.87199529999998],[-46.5,60.87106879999999],[-46.5,60.86987149999999],[-46.5,60.869504800000016],[-46.5,60.868913099999986],[-46.5,60.86885330000001],[-46.5,60.86867669999998],[-46.5,60.86851469999999],[-46.5,60.866275299999984],[-46.5,60.86527460000002],[-46.5,60.86418939999999],[-46.5,60.8630402],[-46.5,60.86081280000002],[-46.5,60.85973560000002],[-46.5,60.857081900000026],[-46.5,60.855147999999986],[-46.5,60.85422849999998],[-46.5,60.85361760000001],[-46.5,60.851464899999996],[-46.5,60.85041159999997],[-46.5,60.84879160000003],[-46.5,60.84695169999998],[-46.5,60.846481299999994],[-46.5,60.84574850000001],[-46.5,60.844773499999974],[-46.5,60.844400500000006],[-46.5,60.84399239999999],[-46.5,60.84354830000001],[-46.5,60.842784300000005],[-46.5,60.84153600000002],[-46.5,60.83795079999999],[-46.5,60.836228800000015],[-46.5,60.8349412],[-46.5,60.83356600000002],[-46.5,60.832649600000025],[-46.5,60.830442800000014],[-46.5,60.82992489999998],[-46.5,60.82966219999997],[-46.5,60.82963410000002],[-46.5,60.82933689999999],[-46.5,60.8286885],[-46.5,60.827686700000015],[-46.5,60.826739599999996],[-46.5,60.82640700000002],[-46.5,60.82508560000002],[-46.5,60.82480170000002],[-46.5,60.824066500000015],[-46.5,60.82290769999997],[-46.5,60.821770800000024],[-46.5,60.81917979999997],[-46.5,60.81879620000001],[-46.5,60.818168000000014],[-46.5,60.81753409999999],[-46.5,60.816861500000016],[-46.5,60.814115000000015],[-46.5,60.8132516],[-46.5,60.8126216],[-46.5,60.811768900000004],[-46.5,60.810652600000026],[-46.5,60.81026109999999],[-46.5,60.8100422],[-46.5,60.809284400000024],[-46.5,60.80833239999998],[-46.5,60.807561899999996],[-46.5,60.80537479999998],[-46.5,60.80466849999999],[-46.5,60.80390790000001],[-46.5,60.803157999999996],[-46.5,60.802524800000015],[-46.5,60.801874699999985],[-46.5,60.80126439999998],[-46.5,60.80016840000002],[-46.5,60.79874860000001],[-46.5,60.797400100000004],[-46.5,60.795266200000015],[-46.5,60.79443900000001],[-46.5,60.79344630000003],[-46.5,60.792280600000026],[-46.5,60.79176799999999],[-46.5,60.79136890000001],[-46.5,60.79094279999998],[-46.5,60.79054180000003],[-46.5,60.789204600000005],[-46.5,60.78915690000002],[-46.5,60.7879198],[-46.5,60.787280099999975],[-46.5,60.786264700000004],[-46.5,60.785281699999985],[-46.5,60.78339510000001],[-46.5,60.78176359999998],[-46.5,60.78071219999998],[-46.5,60.77785510000001],[-46.5,60.776446799999974],[-46.5,60.77615400000002],[-46.5,60.77384760000001],[-46.5,60.77219359999998],[-46.5,60.77178520000001],[-46.5,60.77108909999998],[-46.5,60.77066839999998],[-46.5,60.770018900000025],[-46.5,60.76924680000002],[-46.5,60.767284700000005],[-46.5,60.763083600000016],[-46.5,60.76276280000002],[-46.5,60.75800149999998],[-46.5,60.75790239999998],[-46.5,60.756805299999996],[-46.5,60.75677680000001],[-46.5,60.75],[-46.5,60.7496946],[-46.5,60.74927980000001],[-46.5,60.7492719],[-46.5,60.742756499999984],[-46.5,60.74096830000002],[-46.5,60.739972799999975],[-46.5,60.73974320000002],[-46.5,60.739398800000004],[-46.5,60.737119699999994],[-46.5,60.73558029999998],[-46.5,60.733092399999975],[-46.5,60.7241588],[-46.5,60.72409620000002],[-46.5,60.716842199999974],[-46.5,60.71678350000002],[-46.5,60.71561860000003],[-46.5,60.715609099999995],[-46.5,60.71364890000001],[-46.5,60.713636399999984],[-46.5,60.705896300000006],[-46.5,60.704937400000006],[-46.5,60.704135099999974],[-46.5,60.70208869999999],[-46.5,60.70021179999998],[-46.5,60.69976109999999],[-46.5,60.699062200000014],[-46.5,60.69878369999998],[-46.5,60.69817699999999],[-46.5,60.6968511],[-46.5,60.695702400000016],[-46.5,60.69462650000003],[-46.5,60.693837900000005],[-46.5,60.68833540000003],[-46.5,60.6876259],[-46.5,60.68594250000001],[-46.5,60.685359300000016],[-46.5,60.68099569999998],[-46.5,60.680969300000015],[-46.5,60.68073679999998],[-46.5,60.675362500000006],[-46.5,60.67504969999999],[-46.5,60.67320960000001],[-46.5,60.67303559999999],[-46.5,60.67152970000001],[-46.5,60.67139359999999],[-46.5,60.66981679999998],[-46.5,60.669669399999975],[-46.5,60.668843100000004],[-46.5,60.66874949999999],[-46.5,60.66794490000001],[-46.5,60.66790279999998],[-46.5,60.66468209999999],[-46.5,60.66466639999999],[-46.5,60.663633300000015],[-46.5,60.662401999999986],[-46.5,60.653799100000015],[-46.5,60.65301640000001],[-46.5,60.65011270000002],[-46.5,60.64868739999997],[-46.5,60.64716240000001],[-46.5,60.64566880000001],[-46.5,60.64297640000001],[-46.5,60.642400399999985],[-46.5,60.641850499999975],[-46.5,60.64150489999997],[-46.5,60.61921619999998],[-46.5,60.618058099999985],[-46.5,60.61778509999999],[-46.5,60.61742609999999],[-46.5,60.6125179],[-46.5,60.611157400000025],[-46.5,60.58618760000002],[-46.5,60.57951659999998],[-46.5,60.578013399999975],[-46.5,60.575915699999996],[-46.5,60.573500000000024],[-46.5,60.57019309999998],[-46.5,60.56812239999999],[-46.5,60.56366000000003],[-46.5,60.5538818],[-46.5,60.5517514],[-46.5,60.53634520000003],[-46.5,60.53599359999998],[-46.5,60.535313299999984],[-46.5,60.5344341],[-46.5,60.51849370000002],[-46.5,60.5165978],[-46.5,60.51257240000001],[-46.5,60.511406299999976],[-46.5,60.50591730000002],[-46.5,60.50500599999998],[-46.5,60.504999999999995],[-46.5,60.5016875],[-46.5,60.5],[-46.49273040000003,60.5]]]]},"properties":{"datasetName":"101DK004ASEOE","edition":1,"update":0,"status":3}},{"type":"Feature","geometry":{"type":"MultiPolygon","coordinates":[[[[-52.0,69.5],[-52.0,70.0],[-52.5,70.0],[-52.5,69.5],[-52.0,69.5]]]]},"properties":{"datasetName":"101DK004CCDQE","edition":1,"update":0,"status":3}},{"type":"Feature","geometry":{"type":"MultiPolygon","coordinates":[[[[-53.0,66.5],[-53.0,67.0],[-53.356500100000005,67.0],[-53.416224,67.0],[-53.432236699999976,67.0],[-53.44259920000002,67.0],[-53.44538970000002,67.0],[-53.44748340000001,67.0],[-53.45555869999998,67.0],[-53.46255860000002,67.0],[-53.464554899999996,67.0],[-53.46689839999999,67.0],[-53.46734329999998,67.0],[-53.470080499999995,67.0],[-53.47062310000001,67.0],[-53.47363259999997,67.0],[-53.476045,67.0],[-53.496497499999975,67.0],[-53.499923799999976,67.0],[-53.5,67.0],[-53.5,66.99943680000001],[-53.5,66.99862409999997],[-53.5,66.99606999999997],[-53.5,66.99322460000002],[-53.5,66.99182730000001],[-53.5,66.98997209999999],[-53.5,66.98903469999999],[-53.5,66.98852069999998],[-53.5,66.98807900000003],[-53.5,66.9876961],[-53.5,66.9873657],[-53.5,66.9867959],[-53.5,66.9859482],[-53.5,66.98349350000001],[-53.5,66.98277389999998],[-53.5,66.98183879999999],[-53.5,66.98019870000002],[-53.5,66.97981399999998],[-53.5,66.97733770000002],[-53.5,66.97603120000002],[-53.5,66.97473159999998],[-53.5,66.97332510000001],[-53.5,66.97170290000003],[-53.5,66.97040870000001],[-53.5,66.96874550000001],[-53.5,66.96704920000002],[-53.5,66.9651513],[-53.5,66.9625158],[-53.5,66.96212500000001],[-53.5,66.96150879999999],[-53.5,66.96092069999997],[-53.5,66.95787239999999],[-53.5,66.95712400000002],[-53.5,66.95622279999998],[-53.5,66.95440660000003],[-53.5,66.95234269999997],[-53.5,66.9507734],[-53.5,66.95044860000002],[-53.5,66.95042860000001],[-53.5,66.94961660000001],[-53.5,66.94850980000001],[-53.5,66.94792419999999],[-53.5,66.9476692],[-53.5,66.94743570000003],[-53.5,66.94444069999997],[-53.5,66.9428949],[-53.5,66.94092339999997],[-53.5,66.93749939999998],[-53.5,66.93668100000002],[-53.5,66.93620379999999],[-53.5,66.93597410000001],[-53.5,66.93572940000001],[-53.5,66.93517359999998],[-53.5,66.93479100000002],[-53.5,66.93437660000001],[-53.5,66.93082040000002],[-53.5,66.92673509999997],[-53.5,66.92636920000001],[-53.5,66.92600650000003],[-53.5,66.92544500000002],[-53.5,66.92543549999999],[-53.5,66.925206],[-53.5,66.9248829],[-53.5,66.9246789],[-53.5,66.92453339999997],[-53.5,66.92401109999997],[-53.5,66.92293000000001],[-53.5,66.92188270000003],[-53.5,66.92107929999997],[-53.5,66.91952789999999],[-53.5,66.91825999999998],[-53.5,66.91668850000002],[-53.5,66.91411599999998],[-53.5,66.91315939999998],[-53.5,66.9004385],[-53.5,66.89598710000001],[-53.5,66.89480320000001],[-53.5,66.8941304],[-53.5,66.8932102],[-53.5,66.8905479],[-53.5,66.888508],[-53.5,66.88702860000001],[-53.5,66.8866835],[-53.5,66.88645200000002],[-53.5,66.8861599],[-53.5,66.88540319999998],[-53.5,66.88438500000001],[-53.5,66.8840793],[-53.5,66.88192880000003],[-53.5,66.8801315],[-53.5,66.8776479],[-53.5,66.87702689999998],[-53.5,66.87571480000003],[-53.5,66.87452159999998],[-53.5,66.87451320000002],[-53.5,66.87263890000003],[-53.5,66.87093340000001],[-53.5,66.8681042],[-53.5,66.86696519999998],[-53.5,66.8661209],[-53.5,66.86611319999997],[-53.5,66.8653137],[-53.5,66.86445259999999],[-53.5,66.86326530000002],[-53.5,66.8625212],[-53.5,66.86223050000001],[-53.5,66.8618032],[-53.5,66.86027059999998],[-53.5,66.85879039999998],[-53.5,66.858454],[-53.5,66.85686420000002],[-53.5,66.8565719],[-53.5,66.85645319999998],[-53.5,66.8559103],[-53.5,66.8547193],[-53.5,66.85305519999997],[-53.5,66.85245629999997],[-53.5,66.8506377],[-53.5,66.84969380000001],[-53.5,66.8476867],[-53.5,66.8468279],[-53.5,66.8444945],[-53.5,66.83722019999999],[-53.5,66.83241670000001],[-53.5,66.8232554],[-53.5,66.82297729999999],[-53.5,66.82167650000002],[-53.5,66.81947639999999],[-53.5,66.81492300000002],[-53.5,66.81474259999999],[-53.5,66.8123038],[-53.5,66.81077499999998],[-53.5,66.81062980000002],[-53.5,66.8101251],[-53.5,66.8091521],[-53.5,66.8004161],[-53.5,66.79886370000003],[-53.5,66.7987463],[-53.5,66.7978779],[-53.5,66.79201849999998],[-53.5,66.7908349],[-53.5,66.75716670000003],[-53.5,66.75617039999997],[-53.5,66.75479760000002],[-53.5,66.75360080000002],[-53.5,66.75163500000002],[-53.5,66.75023879999998],[-53.5,66.7482554],[-53.5,66.74672770000001],[-53.5,66.745475],[-53.5,66.74392619999998],[-53.5,66.74294830000002],[-53.5,66.74282670000002],[-53.5,66.74137380000002],[-53.5,66.73402859999999],[-53.5,66.730255],[-53.5,66.72818430000001],[-53.5,66.7267089],[-53.5,66.72586489999998],[-53.5,66.7181923],[-53.5,66.71756210000001],[-53.5,66.71715010000003],[-53.5,66.71591139999998],[-53.5,66.71557689999997],[-53.5,66.71370239999999],[-53.5,66.7117298],[-53.5,66.70995019999998],[-53.5,66.70922780000001],[-53.5,66.70883959999998],[-53.5,66.70360310000001],[-53.5,66.70001730000001],[-53.5,66.69986239999997],[-53.5,66.69286690000001],[-53.5,66.6874153],[-53.5,66.68463029999998],[-53.5,66.67882600000002],[-53.5,66.67642419999999],[-53.5,66.67069099999998],[-53.5,66.66997959999998],[-53.5,66.66612190000001],[-53.5,66.6627719],[-53.5,66.6562834],[-53.5,66.65436699999998],[-53.5,66.65400499999998],[-53.5,66.65157210000001],[-53.5,66.65036140000001],[-53.5,66.64795249999997],[-53.5,66.64756249999999],[-53.5,66.6471267],[-53.5,66.64516409999999],[-53.5,66.64139719999997],[-53.5,66.63886070000001],[-53.5,66.63812569999999],[-53.5,66.63773609999998],[-53.5,66.63650589999997],[-53.5,66.63634669999999],[-53.5,66.63438739999998],[-53.5,66.62973169999998],[-53.5,66.62736319999999],[-53.5,66.62676099999999],[-53.5,66.62509779999999],[-53.5,66.6240406],[-53.5,66.6149792],[-53.5,66.61306139999999],[-53.5,66.61125750000002],[-53.5,66.61014929999999],[-53.5,66.6083471],[-53.5,66.60739239999998],[-53.5,66.60697699999997],[-53.5,66.5986307],[-53.5,66.5979049],[-53.5,66.5967561],[-53.5,66.5955093],[-53.5,66.59537719999997],[-53.5,66.58878800000002],[-53.5,66.58265],[-53.5,66.58167989999998],[-53.5,66.5811572],[-53.5,66.57830230000002],[-53.5,66.57828599999999],[-53.5,66.57823819999999],[-53.5,66.57658020000002],[-53.5,66.57425260000002],[-53.5,66.57155180000001],[-53.5,66.57132189999999],[-53.5,66.57048250000003],[-53.5,66.56772339999998],[-53.5,66.56765560000002],[-53.5,66.56370379999998],[-53.5,66.5621056],[-53.5,66.55780979999997],[-53.5,66.55133330000001],[-53.5,66.5],[-53.0,66.5]]]]},"properties":{"datasetName":"101DK004BQDME","edition":1,"update":0,"status":3}},{"type":"Feature","geometry":{"type":"MultiPolygon","coordinates":[[[[-53.0,69.0],[-53.0,69.5],[-53.5,69.5],[-53.5,69.0],[-53.0,69.0]]]]},"properties":{"datasetName":"101DK004CADME","edition":1,"update":0,"status":4}},{"type":"Feature","geometry":{"type":"MultiPolygon","coordinates":[[[[-47.5,60.5],[-47.5,60.500683700000025],[-47.5,60.524552400000005],[-47.5,60.557004000000006],[-47.5,60.62065510000002],[-47.5,60.633005200000014],[-47.5,60.647793200000024],[-47.5,60.64870380000002],[-47.5,60.656433600000014],[-47.5,60.661534200000006],[-47.5,60.667326600000024],[-47.5,60.67099669999999],[-47.5,60.67345979999999],[-47.5,60.70301940000002],[-47.5,60.70743190000002],[-47.5,60.709333300000026],[-47.5,60.709335399999986],[-47.5,60.721367999999984],[-47.5,60.72137529999998],[-47.5,60.722103300000015],[-47.5,60.72211229999999],[-47.5,60.72753540000002],[-47.5,60.727550399999984],[-47.5,60.729389000000026],[-47.5,60.73005810000001],[-47.5,60.73162480000002],[-47.5,60.73174719999997],[-47.5,60.73499290000001],[-47.5,60.735017200000016],[-47.5,60.73651050000001],[-47.5,60.738815199999976],[-47.5,60.7394003],[-47.5,60.75],[-47.5,60.75145199999997],[-47.5,60.751943600000004],[-47.5,60.75910140000002],[-47.5,60.759792300000015],[-47.5,60.7655934],[-47.5,60.769833300000016],[-47.5,60.772140200000024],[-47.5,60.77233189999998],[-47.5,60.77349670000001],[-47.5,60.77487309999998],[-47.5,60.7782325],[-47.5,60.78633780000001],[-47.5,60.78942760000001],[-47.5,60.79029059999999],[-47.5,60.7917362],[-47.5,60.79519720000002],[-47.5,60.79533470000001],[-47.5,60.79738529999997],[-47.5,60.797678399999995],[-47.5,60.79825499999998],[-47.5,60.801511600000026],[-47.5,60.801794900000004],[-47.5,60.80289859999999],[-47.5,60.80356610000001],[-47.5,60.80372390000002],[-47.5,60.80488600000001],[-47.5,60.80544900000001],[-47.5,60.80551600000001],[-47.5,60.806027700000016],[-47.5,60.807247399999994],[-47.5,60.810828300000026],[-47.5,60.81192390000001],[-47.5,60.81217779999997],[-47.5,60.81343240000001],[-47.5,60.81620079999999],[-47.5,60.81673510000002],[-47.5,60.81849360000001],[-47.5,60.82892650000002],[-47.5,60.831229500000006],[-47.5,60.83267790000002],[-47.5,60.832973200000026],[-47.5,60.83590450000003],[-47.5,60.8373345],[-47.5,60.83875760000001],[-47.5,60.84074099999998],[-47.5,60.84333959999998],[-47.5,60.8440774],[-47.5,60.84473350000002],[-47.5,60.84555820000003],[-47.5,60.8469513],[-47.5,60.84949999999998],[-47.5,61.0],[-47.79466669999999,61.0],[-47.7946675,61.0],[-47.795609300000024,61.0],[-47.798429999999996,61.0],[-47.80027740000003,61.0],[-47.80122269999998,61.0],[-47.80127850000002,61.0],[-47.80454759999998,61.0],[-47.82407610000001,61.0],[-47.853694099999984,61.0],[-47.866509399999984,61.0],[-47.87403810000001,61.0],[-47.8760274,61.0],[-47.87897349999997,61.0],[-47.885628999999994,61.0],[-47.886402499999974,61.0],[-47.898588099999984,61.0],[-47.901398900000004,61.0],[-47.90214529999997,61.0],[-47.90596470000003,61.0],[-47.911283000000026,61.0],[-47.91329889999997,61.0],[-47.91389240000001,61.0],[-47.93162030000002,61.0],[-47.9349742,61.0],[-47.93500089999998,61.0],[-47.94007399999998,61.0],[-47.94138659999999,61.0],[-47.94356570000002,61.0],[-47.94505570000001,61.0],[-47.946419100000014,61.0],[-47.9482342,61.0],[-47.95035339999998,61.0],[-47.95497169999999,61.0],[-47.956543099999976,61.0],[-47.958513700000026,61.0],[-47.96023339999999,61.0],[-47.96141290000003,61.0],[-47.969985199999996,61.0],[-47.970426799999984,61.0],[-47.97553140000002,61.0],[-47.97708299999999,61.0],[-47.98269049999999,61.0],[-47.98541599999999,61.0],[-47.98754739999998,61.0],[-47.98823779999998,61.0],[-47.99118069999997,61.0],[-47.99332290000001,61.0],[-47.99545640000002,61.0],[-47.995569699999976,61.0],[-47.99859550000002,61.0],[-48.0,61.0],[-48.0,60.99943189999999],[-48.0,60.998733200000004],[-48.0,60.998519999999985],[-48.0,60.9974995],[-48.0,60.996705599999984],[-48.0,60.995922199999995],[-48.0,60.993273999999985],[-48.0,60.99262399999998],[-48.0,60.99158490000002],[-48.0,60.98832759999999],[-48.0,60.98722620000001],[-48.0,60.98627049999999],[-48.0,60.983746],[-48.0,60.983158],[-48.0,60.979805699999986],[-48.0,60.979121099999986],[-48.0,60.97734120000001],[-48.0,60.974092600000006],[-48.0,60.9481993],[-48.0,60.94684480000001],[-48.0,60.94626690000001],[-48.0,60.93894549999999],[-48.0,60.93812589999999],[-48.0,60.937353599999994],[-48.0,60.93712640000001],[-48.0,60.93095340000002],[-48.0,60.93060329999997],[-48.0,60.929691100000014],[-48.0,60.92631929999999],[-48.0,60.9255177],[-48.0,60.92478390000002],[-48.0,60.923994600000015],[-48.0,60.922819600000025],[-48.0,60.92276240000001],[-48.0,60.90887300000003],[-48.0,60.90742089999998],[-48.0,60.90582089999998],[-48.0,60.90517540000002],[-48.0,60.903720899999996],[-48.0,60.90200970000001],[-48.0,60.901063599999986],[-48.0,60.90023930000001],[-48.0,60.8995688],[-48.0,60.898804900000016],[-48.0,60.89782969999999],[-48.0,60.8967993],[-48.0,60.89589050000001],[-48.0,60.89402990000002],[-48.0,60.872511299999985],[-48.0,60.87195150000002],[-48.0,60.87183249999998],[-48.0,60.87045640000002],[-48.0,60.86989199999999],[-48.0,60.86780479999999],[-48.0,60.86549480000002],[-48.0,60.86427930000002],[-48.0,60.862660000000005],[-48.0,60.861369000000025],[-48.0,60.85918290000001],[-48.0,60.8584664],[-48.0,60.84345710000002],[-48.0,60.841907100000014],[-48.0,60.839999999999975],[-48.0,60.83865930000002],[-48.0,60.83686610000001],[-48.0,60.836838899999975],[-48.0,60.83602880000001],[-48.0,60.835359900000014],[-48.0,60.83103820000002],[-48.0,60.83066450000001],[-48.0,60.82965619999999],[-48.0,60.82855540000003],[-48.0,60.827867000000026],[-48.0,60.82509679999998],[-48.0,60.82468640000002],[-48.0,60.82276919999998],[-48.0,60.82176199999998],[-48.0,60.82030559999998],[-48.0,60.818802800000014],[-48.0,60.8167014],[-48.0,60.81416669999999],[-48.0,60.81214240000003],[-48.0,60.810963300000026],[-48.0,60.81011480000001],[-48.0,60.80902370000001],[-48.0,60.80679170000002],[-48.0,60.80585719999999],[-48.0,60.80496369999997],[-48.0,60.80401499999999],[-48.0,60.801131199999986],[-48.0,60.80025460000002],[-48.0,60.79890369999998],[-48.0,60.795680000000004],[-48.0,60.788641900000016],[-48.0,60.78839740000001],[-48.0,60.78798660000001],[-48.0,60.781807300000025],[-48.0,60.77768209999999],[-48.0,60.77594210000001],[-48.0,60.7752964],[-48.0,60.76672239999999],[-48.0,60.765165000000025],[-48.0,60.763901799999985],[-48.0,60.762506900000005],[-48.0,60.761443799999995],[-48.0,60.76016120000003],[-48.0,60.75977599999999],[-48.0,60.7593172],[-48.0,60.7576105],[-48.0,60.75172300000003],[-48.0,60.75121849999999],[-48.0,60.751041199999975],[-48.0,60.74809299999998],[-48.0,60.746947499999976],[-48.0,60.74601660000002],[-48.0,60.74554610000001],[-48.0,60.74431659999999],[-48.0,60.74244570000002],[-48.0,60.742333299999984],[-48.0,60.73657700000001],[-48.0,60.735072100000025],[-48.0,60.73084299999999],[-48.0,60.72778010000002],[-48.0,60.72699510000001],[-48.0,60.71649150000002],[-48.0,60.71404100000001],[-48.0,60.71236909999999],[-48.0,60.710808799999995],[-48.0,60.707878100000016],[-48.0,60.70633240000001],[-48.0,60.70571330000001],[-48.0,60.70472189999998],[-48.0,60.699301400000024],[-48.0,60.698848999999996],[-48.0,60.69658500000003],[-48.0,60.69578539999998],[-48.0,60.695645300000024],[-48.0,60.69449150000003],[-48.0,60.692949],[-48.0,60.69188500000001],[-48.0,60.69046220000001],[-48.0,60.68909339999999],[-48.0,60.68821109999999],[-48.0,60.6875],[-48.0,60.686827900000026],[-48.0,60.6859427],[-48.0,60.68407339999999],[-48.0,60.682811300000026],[-48.0,60.68280600000003],[-48.0,60.662198699999976],[-48.0,60.64847209999999],[-48.0,60.64800989999998],[-48.0,60.632748900000024],[-48.0,60.632437400000015],[-48.0,60.6265123],[-48.0,60.62331820000003],[-48.0,60.59536830000002],[-48.0,60.5],[-47.5,60.5]]]]},"properties":{"datasetName":"101DK004ASEIE","edition":1,"update":0,"status":4}},{"type":"Feature","geometry":{"type":"MultiPolygon","coordinates":[[[[-49.0,62.0],[-49.0,62.5],[-49.5,62.5],[-49.5,62.0],[-49.0,62.0]]]]},"properties":{"datasetName":"101DK004AYECE","edition":1,"update":0,"status":2}},{"type":"Feature","geometry":{"type":"MultiPolygon","coordinates":[[[[12.5,55.0],[12.5,55.5],[12.0,55.5],[12.0,55.0],[12.5,55.0]]]]},"properties":{"datasetName":"101DK0040549E","edition":1,"update":0,"status":4}},{"type":"Feature","geometry":{"type":"MultiPolygon","coordinates":[[[[-51.496316999999976,68.5],[-51.493897000000004,68.5],[-51.49276359999999,68.5],[-51.49191450000001,68.5],[-51.48809419999998,68.5],[-51.487399100000005,68.5],[-51.47883230000002,68.5],[-51.477761799999996,68.5],[-51.4763451,68.5],[-51.462902299999996,68.5],[-51.460786799999994,68.5],[-51.45936390000003,68.5],[-51.45205570000002,68.5],[-51.43671180000001,68.5],[-51.43530709999999,68.5],[-51.433909099999994,68.5],[-51.42591329999999,68.5],[-51.423312599999974,68.5],[-51.421711000000016,68.5],[-51.41928840000003,68.5],[-51.417744400000004,68.5],[-51.41558309999999,68.5],[-51.40011959999998,68.5],[-51.39470929999999,68.5],[-51.3897877,68.5],[-51.387535000000014,68.5],[-51.38599529999999,68.5],[-51.382273199999986,68.5],[-51.37467989999999,68.5],[-51.37192859999999,68.5],[-51.3696559,68.5],[-51.367117500000006,68.5],[-51.36318460000001,68.5],[-51.35786580000001,68.5],[-51.344567600000005,68.5],[-51.342767700000024,68.5],[-51.33729210000001,68.5],[-51.33000500000003,68.5],[-51.30824519999999,68.5],[-51.3048723,68.5],[-51.29718889999998,68.5],[-51.290891699999975,68.5],[-51.28455300000002,68.5],[-51.2811542,68.5],[-51.2768514,68.5],[-51.27225870000001,68.5],[-51.2685874,68.5],[-51.26694120000002,68.5],[-51.26405870000002,68.5],[-51.260992699999974,68.5],[-51.258128699999986,68.5],[-51.257688900000005,68.5],[-51.25481339999999,68.5],[-51.253207599999996,68.5],[-51.25146810000001,68.5],[-51.25,68.5],[-51.248909000000026,68.5],[-51.24344339999999,68.5],[-51.24260939999999,68.5],[-51.241708800000026,68.5],[-51.23239360000002,68.5],[-51.22945729999998,68.5],[-51.227258000000006,68.5],[-51.223299,68.5],[-51.21082719999998,68.5],[-51.20446270000002,68.5],[-51.20067940000001,68.5],[-51.187199899999996,68.5],[-51.1670163,68.5],[-51.1591641,68.5],[-51.1571242,68.5],[-51.151455699999985,68.5],[-51.148403599999995,68.5],[-51.14503819999999,68.5],[-51.141668400000015,68.5],[-51.1346901,68.5],[-51.13069589999998,68.5],[-51.11837539999999,68.5],[-51.11442899999997,68.5],[-51.10290709999998,68.5],[-51.096526299999994,68.5],[-51.085439399999984,68.5],[-51.077154500000006,68.5],[-51.069885399999976,68.5],[-51.06793219999997,68.5],[-51.06405319999999,68.5],[-51.062481100000014,68.5],[-51.04945959999998,68.5],[-51.036449000000005,68.5],[-51.02753059999998,68.5],[-51.01777579999998,68.5],[-51.01633930000003,68.5],[-51.0,68.5],[-51.0,68.50000039999998],[-51.0,68.50148439999998],[-51.0,68.5016981],[-51.0,68.50430189999997],[-51.0,68.50863450000003],[-51.0,68.51074160000002],[-51.0,68.511482],[-51.0,68.51206020000001],[-51.0,68.512969],[-51.0,68.51446249999998],[-51.0,68.51462220000002],[-51.0,68.5160085],[-51.0,68.51617859999999],[-51.0,68.51724159999998],[-51.0,68.5229468],[-51.0,68.52435600000001],[-51.0,68.52534980000001],[-51.0,68.5275451],[-51.0,68.52967189999998],[-51.0,68.53179929999999],[-51.0,68.53324989999999],[-51.0,68.53492080000001],[-51.0,68.53601359999999],[-51.0,68.53934329999998],[-51.0,68.54254229999998],[-51.0,68.54322029999997],[-51.0,68.54407350000002],[-51.0,68.54514890000002],[-51.0,68.54694330000001],[-51.0,68.54776399999997],[-51.0,68.54899649999999],[-51.0,68.55115719999998],[-51.0,68.552258],[-51.0,68.55292429999997],[-51.0,68.55352850000003],[-51.0,68.56008639999999],[-51.0,68.56112030000003],[-51.0,68.56159709999997],[-51.0,68.56264329999999],[-51.0,68.56392260000001],[-51.0,68.5647998],[-51.0,68.5651499],[-51.0,68.56827700000002],[-51.0,68.57092310000002],[-51.0,68.57216210000001],[-51.0,68.572341],[-51.0,68.5723438],[-51.0,68.57253589999999],[-51.0,68.5727056],[-51.0,68.57279749999998],[-51.0,68.57295119999998],[-51.0,68.5731331],[-51.0,68.5734311],[-51.0,68.58011809999999],[-51.0,68.58127209999998],[-51.0,68.58327359999998],[-51.0,68.583867],[-51.0,68.5861233],[-51.0,68.58727520000002],[-51.0,68.58903750000002],[-51.0,68.59045780000002],[-51.0,68.59160530000003],[-51.0,68.59289369999999],[-51.0,68.59419500000001],[-51.0,68.59531329999999],[-51.0,68.59649239999999],[-51.0,68.59736240000001],[-51.0,68.59868840000001],[-51.0,68.60033240000001],[-51.0,68.60374630000001],[-51.0,68.6049147],[-51.0,68.6070173],[-51.0,68.6093697],[-51.0,68.6108117],[-51.0,68.61189089999999],[-51.0,68.612415],[-51.0,68.61343599999998],[-51.0,68.61435310000002],[-51.0,68.61438529999998],[-51.0,68.6160418],[-51.0,68.61724620000001],[-51.0,68.6180276],[-51.0,68.62068870000002],[-51.0,68.62094789999998],[-51.0,68.62416280000002],[-51.0,68.62514169999997],[-51.0,68.6257268],[-51.0,68.62763519999999],[-51.0,68.6293655],[-51.0,68.63104190000001],[-51.0,68.6316756],[-51.0,68.63228830000003],[-51.0,68.63305070000001],[-51.0,68.6334708],[-51.0,68.63764959999997],[-51.0,68.63905210000001],[-51.0,68.64150569999998],[-51.0,68.64273630000002],[-51.0,68.64342929999998],[-51.0,68.64560239999997],[-51.0,68.64957570000001],[-51.0,68.64962630000002],[-51.0,68.65129999999999],[-51.0,68.65134169999999],[-51.0,68.65750839999998],[-51.0,68.6620087],[-51.0,68.6630695],[-51.0,68.66471250000001],[-51.0,68.665167],[-51.0,68.66581780000001],[-51.0,68.66661590000001],[-51.0,68.67084269999998],[-51.0,68.6714445],[-51.0,68.6723278],[-51.0,68.67488630000003],[-51.0,68.6789981],[-51.0,68.68091470000002],[-51.0,68.72001929999999],[-51.0,68.7214199],[-51.0,68.74938650000001],[-51.0,68.76553899999999],[-51.0,68.76560310000002],[-51.0,68.77291409999998],[-51.0,68.7762679],[-51.0,68.7762712],[-51.0,68.77795650000002],[-51.0,68.77910050000003],[-51.0,68.77982709999998],[-51.0,68.7803927],[-51.0,68.78071290000003],[-51.0,68.7809939],[-51.0,68.7813966],[-51.0,68.78203430000002],[-51.0,68.78272320000002],[-51.0,68.78380329999999],[-51.0,68.78510260000002],[-51.0,68.78626400000002],[-51.0,68.78844379999998],[-51.0,68.78848399999998],[-51.0,68.78972420000002],[-51.0,68.79032690000003],[-51.0,68.79061840000003],[-51.0,68.79132070000003],[-51.0,68.7931135],[-51.0,68.79437460000003],[-51.0,68.79827089999998],[-51.0,68.79899230000001],[-51.0,68.7993773],[-51.0,68.79985640000001],[-51.0,68.80026830000003],[-51.0,68.80072910000001],[-51.0,68.80177040000001],[-51.0,68.80234660000002],[-51.0,68.8032819],[-51.0,68.80608280000001],[-51.0,68.80783739999998],[-51.0,68.81085539999998],[-51.0,68.81243819999997],[-51.0,68.81274889999997],[-51.0,68.8131472],[-51.0,68.81372010000001],[-51.0,68.81671180000001],[-51.0,68.81762939999999],[-51.0,68.81846710000002],[-51.0,68.8190793],[-51.0,68.81970960000001],[-51.0,68.82030939999999],[-51.0,68.8234759],[-51.0,68.82422480000002],[-51.0,68.82532379999998],[-51.0,68.82655899999997],[-51.0,68.83168060000003],[-51.0,68.8326748],[-51.0,68.8339813],[-51.0,68.8346838],[-51.0,68.83517990000001],[-51.0,68.83539029999997],[-51.0,68.83678300000003],[-51.0,68.83784079999998],[-51.0,68.83784259999999],[-51.0,68.8384403],[-51.0,68.83887600000003],[-51.0,68.83939429999998],[-51.0,68.84020099999998],[-51.0,68.8410495],[-51.0,68.84185639999998],[-51.0,68.84267169999998],[-51.0,68.84462209999998],[-51.0,68.84571849999998],[-51.0,68.84659060000001],[-51.0,68.84808329999998],[-51.0,68.8485541],[-51.0,68.85130220000002],[-51.0,68.85289979999999],[-51.0,68.85616119999997],[-51.0,68.8566434],[-51.0,68.85690160000001],[-51.0,68.85706879999998],[-51.0,68.8572365],[-51.0,68.85738409999999],[-51.0,68.8574739],[-51.0,68.85749829999997],[-51.0,68.8576238],[-51.0,68.85773549999999],[-51.0,68.85787119999998],[-51.0,68.85800189999998],[-51.0,68.85813839999997],[-51.0,68.8583059],[-51.0,68.85847510000002],[-51.0,68.85850219999998],[-51.0,68.85867860000002],[-51.0,68.85892109999998],[-51.0,68.8593879],[-51.0,68.86464860000001],[-51.0,68.8680435],[-51.0,68.86857300000003],[-51.0,68.86952459999998],[-51.0,68.87120110000001],[-51.0,68.8729247],[-51.0,68.8742115],[-51.0,68.8747386],[-51.0,68.87513810000002],[-51.0,68.8753307],[-51.0,68.8755812],[-51.0,68.87604370000003],[-51.0,68.87784470000003],[-51.0,68.87883799999997],[-51.0,68.87940090000001],[-51.0,68.8800278],[-51.0,68.8811996],[-51.0,68.88412490000002],[-51.0,68.88473119999998],[-51.0,68.8874179],[-51.0,68.88815749999998],[-51.0,68.88926809999998],[-51.0,68.8898059],[-51.0,68.89034140000001],[-51.0,68.89056069999998],[-51.0,68.89070570000001],[-51.0,68.8908682],[-51.0,68.8910821],[-51.0,68.89134059999998],[-51.0,68.8918521],[-51.0,68.89220649999999],[-51.0,68.89249919999997],[-51.0,68.89414640000001],[-51.0,68.89532020000001],[-51.0,68.89710380000002],[-51.0,68.89858939999999],[-51.0,68.90218879999998],[-51.0,68.90594140000002],[-51.0,68.90726110000003],[-51.0,68.90836039999999],[-51.0,68.90946609999997],[-51.0,68.91039460000002],[-51.0,68.91074739999999],[-51.0,68.91101120000002],[-51.0,68.91127740000002],[-51.0,68.91145169999999],[-51.0,68.93344710000002],[-51.0,68.93571839999998],[-51.0,68.93795169999999],[-51.0,68.93987929999997],[-51.0,68.94124870000002],[-51.0,68.94238080000002],[-51.0,68.94352780000003],[-51.0,68.9445048],[-51.0,68.94524489999998],[-51.0,68.94659330000002],[-51.0,68.94881550000002],[-51.0,68.9506457],[-51.0,68.955803],[-51.0,68.9564297],[-51.0,68.95663209999998],[-51.0,68.9578727],[-51.0,68.96028589999997],[-51.0,68.9651629],[-51.0,68.9685685],[-51.0,68.97231849999997],[-51.0,68.97527910000002],[-51.0,68.9770762],[-51.0,68.97980180000002],[-51.0,68.9844104],[-51.0,68.98584069999998],[-51.0,68.99305859999998],[-51.0,68.99786569999998],[-51.0,68.99914840000002],[-51.0,68.9996084],[-51.0,69.0],[-51.00179489999999,69.0],[-51.00326260000003,69.0],[-51.00454259999998,69.0],[-51.005584,69.0],[-51.006390099999976,69.0],[-51.008106199999986,69.0],[-51.02972060000002,69.0],[-51.03191930000003,69.0],[-51.04064899999997,69.0],[-51.04427020000003,69.0],[-51.04500610000002,69.0],[-51.045594300000005,69.0],[-51.047169,69.0],[-51.049780999999996,69.0],[-51.05399419999998,69.0],[-51.057729600000016,69.0],[-51.058873199999994,69.0],[-51.06339839999998,69.0],[-51.06463830000001,69.0],[-51.06517439999999,69.0],[-51.06565740000002,69.0],[-51.06621319999999,69.0],[-51.0673046,69.0],[-51.10875629999998,69.0],[-51.111191399999996,69.0],[-51.11130000000003,69.0],[-51.128600000000006,69.0],[-51.12898089999999,69.0],[-51.13311049999999,69.0],[-51.16615580000001,69.0],[-51.167029300000024,69.0],[-51.232578699999976,69.0],[-51.25469349999997,69.0],[-51.257475699999986,69.0],[-51.285794099999976,69.0],[-51.2934932,69.0],[-51.32629079999998,69.0],[-51.35593770000003,69.0],[-51.37573630000003,69.0],[-51.41905830000002,69.0],[-51.42083680000002,69.0],[-51.43226679999998,69.0],[-51.43542919999999,69.0],[-51.457964000000004,69.0],[-51.471566300000006,69.0],[-51.47836000000001,69.0],[-51.48412189999999,69.0],[-51.48555920000001,69.0],[-51.4996362,69.0],[-51.5,69.0],[-51.5,68.99994170000002],[-51.5,68.99612639999998],[-51.5,68.9913254],[-51.5,68.97876939999998],[-51.5,68.97649960000001],[-51.5,68.94750399999998],[-51.5,68.9396228],[-51.5,68.9313383],[-51.5,68.9285903],[-51.5,68.91367789999998],[-51.5,68.91072860000003],[-51.5,68.90916220000003],[-51.5,68.75],[-51.5,68.74364989999998],[-51.5,68.72370849999999],[-51.5,68.7145175],[-51.5,68.70242639999998],[-51.5,68.69655499999999],[-51.5,68.68829740000001],[-51.5,68.68765330000002],[-51.5,68.6874937],[-51.5,68.64212099999997],[-51.5,68.62523019999998],[-51.5,68.59271999999999],[-51.5,68.58024649999999],[-51.5,68.57257720000001],[-51.5,68.57151190000002],[-51.5,68.5692608],[-51.5,68.56768849999997],[-51.5,68.56719709999999],[-51.5,68.5653572],[-51.5,68.56266790000001],[-51.5,68.56143479999997],[-51.5,68.5605521],[-51.5,68.55949270000002],[-51.5,68.55745309999998],[-51.5,68.5494827],[-51.5,68.5484348],[-51.5,68.53288420000001],[-51.5,68.5324119],[-51.5,68.53051870000002],[-51.5,68.52773259999998],[-51.5,68.52494739999997],[-51.5,68.52221839999999],[-51.5,68.52103829999999],[-51.5,68.51980980000002],[-51.5,68.51886180000002],[-51.5,68.51648890000001],[-51.5,68.5156106],[-51.5,68.5124528],[-51.5,68.51119169999998],[-51.5,68.51103990000001],[-51.5,68.5102334],[-51.5,68.50922329999997],[-51.5,68.5085441],[-51.5,68.50737620000001],[-51.5,68.50592849999998],[-51.5,68.5048792],[-51.5,68.50085209999997],[-51.5,68.5],[-51.496316999999976,68.5]]]]},"properties":{"datasetName":"101DK004BYDUE","edition":1,"update":0,"status":4}},{"type":"Feature","geometry":{"type":"MultiPolygon","coordinates":[[[[-51.5,69.5],[-51.5,70.0],[-52.0,70.0],[-52.0,69.5],[-51.5,69.5]]]]},"properties":{"datasetName":"101DK004CCDSE","edition":1,"update":0,"status":3}},{"type":"Feature","geometry":{"type":"MultiPolygon","coordinates":[[[[-52.5,66.5],[-52.5,67.0],[-53.0,67.0],[-53.0,66.5],[-52.5,66.5]]]]},"properties":{"datasetName":"101DK004BQDOE","edition":1,"update":0,"status":1}},{"type":"Feature","geometry":{"type":"MultiPolygon","coordinates":[[[[-52.5,69.0],[-52.5,69.5],[-53.0,69.5],[-53.0,69.0],[-52.5,69.0]]]]},"properties":{"datasetName":"101DK004CADOE","edition":1,"update":0,"status":1}},{"type":"Feature","geometry":{"type":"MultiPolygon","coordinates":[[[[-56.478239299999984,72.5],[-56.43443309999998,72.5],[-56.3712974,72.5],[-56.37129700000003,72.5],[-56.0,72.5],[-56.0,72.5459222],[-56.0,72.55772539999998],[-56.0,72.5623779],[-56.0,72.56332800000001],[-56.0,72.5644671],[-56.0,72.5672055],[-56.0,72.5700549],[-56.0,72.57184210000003],[-56.0,72.57979740000002],[-56.0,72.5801912],[-56.0,72.58214800000002],[-56.0,72.5826275],[-56.0,72.5988534],[-56.0,72.60285850000002],[-56.0,72.60369480000003],[-56.0,72.61115239999998],[-56.0,72.61277100000001],[-56.0,72.61439130000002],[-56.0,72.61570799999998],[-56.0,72.61649879999999],[-56.0,72.6216882],[-56.0,72.62466469999998],[-56.0,72.6266326],[-56.0,72.6300263],[-56.0,72.6367032],[-56.0,72.66918559999999],[-56.0,72.68336829999998],[-56.0,72.73908010000002],[-56.0,72.85310220000002],[-56.0,72.85671359999998],[-56.0,72.9006076],[-56.0,72.9232058],[-56.0,72.9354442],[-56.0,72.93602290000001],[-56.0,72.93622340000002],[-56.0,72.93642390000002],[-56.0,72.94131370000002],[-56.0,72.94134380000003],[-56.0,72.94477849999998],[-56.0,72.9530795],[-56.0,72.95659619999998],[-56.0,72.95659640000002],[-56.0,72.95751639999997],[-56.0,72.95910909999998],[-56.0,72.95916590000002],[-56.0,72.95937400000003],[-56.0,72.9596343],[-56.0,72.97432900000001],[-56.0,72.97453619999999],[-56.0,72.9751288],[-56.0,73.0],[-56.133898199999976,73.0],[-56.15451519999999,73.0],[-56.30401619999998,73.0],[-56.3077801,73.0],[-56.5,73.0],[-56.5,72.79238249999997],[-56.5,72.63548839999999],[-56.5,72.6354882],[-56.5,72.56586720000001],[-56.5,72.539335],[-56.5,72.53793339999999],[-56.5,72.5],[-56.478239299999984,72.5]]]]},"properties":{"datasetName":"101DK004CODAE","edition":1,"update":0,"status":1}},{"type":"Feature","geometry":{"type":"MultiPolygon","coordinates":[[[[8.5,55.5],[8.5,55.78333329999998],[8.5,55.91329999999999],[8.5,55.9134401],[8.5,55.922697700000015],[8.5,55.9235779],[8.5,55.92968250000001],[8.5,55.93003879999998],[8.5,55.939942299999984],[8.5,55.96139149999999],[8.5,55.970432800000026],[8.5,56.0],[8.074999999999989,56.0],[8.0,56.0],[8.0,55.5],[8.5,55.5]]]]},"properties":{"datasetName":"101DK0040733E","edition":1,"update":0,"status":1}},{"type":"Feature","geometry":{"type":"MultiPolygon","coordinates":[[[[-54.4733329,68.0],[-54.425818400000026,68.0],[-54.41803329999999,68.0],[-54.27227629999999,68.0],[-54.236622899999986,68.0],[-54.125879699999984,68.0],[-54.09267829999999,68.0],[-54.09267310000001,68.0],[-54.084554200000014,68.0],[-54.0844955,68.0],[-54.078950299999974,68.0],[-54.0789388,68.0],[-54.075845500000014,68.0],[-54.01474990000003,68.0],[-54.01443039999998,68.0],[-54.01442739999999,68.0],[-54.012092300000006,68.0],[-54.0,68.0],[-54.0,68.01406739999999],[-54.0,68.01406850000001],[-54.0,68.03495509999999],[-54.0,68.03806450000002],[-54.0,68.03807169999999],[-54.0,68.0813177],[-54.0,68.08133839999999],[-54.0,68.09663899999998],[-54.0,68.09663979999999],[-54.0,68.10746940000001],[-54.0,68.1074906],[-54.0,68.13494930000002],[-54.0,68.13498729999998],[-54.0,68.1376525],[-54.0,68.13765890000002],[-54.0,68.13884209999998],[-54.0,68.1394545],[-54.0,68.1417525],[-54.0,68.14248570000001],[-54.0,68.14437099999998],[-54.0,68.15028819999998],[-54.0,68.1612738],[-54.0,68.16127799999998],[-54.0,68.17155079999998],[-54.0,68.17156349999999],[-54.0,68.1805147],[-54.0,68.18051580000002],[-54.0,68.1847416],[-54.0,68.20474969999998],[-54.0,68.22840000000002],[-54.0,68.25711639999997],[-54.0,68.26499749999999],[-54.0,68.27238030000001],[-54.0,68.27757739999998],[-54.0,68.28177399999998],[-54.0,68.2817751],[-54.0,68.31182389999998],[-54.0,68.31182849999999],[-54.0,68.3185226],[-54.0,68.3185335],[-54.0,68.32773259999999],[-54.0,68.32781119999999],[-54.0,68.33114569999998],[-54.0,68.33114669999998],[-54.0,68.35708299999999],[-54.0,68.3570899],[-54.0,68.36378109999998],[-54.0,68.36378130000003],[-54.0,68.366692],[-54.0,68.36754489999998],[-54.0,68.38338649999997],[-54.0,68.38338759999999],[-54.0,68.38794869999998],[-54.0,68.3879493],[-54.0,68.42095060000003],[-54.0,68.42096170000002],[-54.0,68.4471125],[-54.0,68.44767769999999],[-54.0,68.44774619999998],[-54.0,68.4478729],[-54.0,68.48474520000002],[-54.0,68.5],[-54.044768499999975,68.5],[-54.062937499999975,68.5],[-54.217609700000025,68.5],[-54.221490500000016,68.5],[-54.3679707,68.5],[-54.39941399999998,68.5],[-54.41974449999998,68.5],[-54.4202143,68.5],[-54.5,68.5],[-54.5,68.47149460000003],[-54.5,68.394114],[-54.5,68.35089820000002],[-54.5,68.3253833],[-54.5,68.15351329999999],[-54.5,68.1112407],[-54.5,68.09576440000001],[-54.5,68.03923500000002],[-54.5,68.0],[-54.4733329,68.0]]]]},"properties":{"datasetName":"101DK004BWDIE","edition":1,"update":0,"status":1}},{"type":"Feature","geometry":{"type":"MultiPolygon","coordinates":[[[[-50.99754780000001,68.5],[-50.96525539999999,68.5],[-50.96190410000003,68.5],[-50.9575739,68.5],[-50.95634230000002,68.5],[-50.944590600000026,68.5],[-50.93340949999998,68.5],[-50.9302371,68.5],[-50.92791820000002,68.5],[-50.921779300000026,68.5],[-50.91395449999999,68.5],[-50.90782669999999,68.5],[-50.893940999999984,68.5],[-50.88681150000002,68.5],[-50.88435720000001,68.5],[-50.877240400000005,68.5],[-50.87264590000001,68.5],[-50.863865799999985,68.5],[-50.8588355,68.5],[-50.85728590000002,68.5],[-50.854641300000026,68.5],[-50.84853370000002,68.5],[-50.84390259999998,68.5],[-50.8411739,68.5],[-50.839032299999985,68.5],[-50.837457099999995,68.5],[-50.83544169999999,68.5],[-50.833441300000004,68.5],[-50.831633599999975,68.5],[-50.8294856,68.5],[-50.827419099999986,68.5],[-50.824323400000026,68.5],[-50.82048259999999,68.5],[-50.817522,68.5],[-50.788746,68.5],[-50.786417400000005,68.5],[-50.783710299999996,68.5],[-50.78149380000002,68.5],[-50.78019979999999,68.5],[-50.779319999999984,68.5],[-50.778045899999995,68.5],[-50.77278480000001,68.5],[-50.76877990000003,68.5],[-50.76548600000001,68.5],[-50.76082969999999,68.5],[-50.75469390000001,68.5],[-50.752681499999994,68.5],[-50.75113429999999,68.5],[-50.74934619999999,68.5],[-50.717240000000004,68.5],[-50.7135447,68.5],[-50.70478700000001,68.5],[-50.69818090000001,68.5],[-50.69651320000003,68.5],[-50.68937119999998,68.5],[-50.68591900000001,68.5],[-50.68272259999998,68.5],[-50.679170899999974,68.5],[-50.67120349999999,68.5],[-50.668842100000006,68.5],[-50.66294879999998,68.5],[-50.658360200000004,68.5],[-50.656712500000026,68.5],[-50.65554850000001,68.5],[-50.65424460000003,68.5],[-50.650384900000006,68.5],[-50.637921800000015,68.5],[-50.63446349999998,68.5],[-50.632012299999985,68.5],[-50.620249100000024,68.5],[-50.6079823,68.5],[-50.60460649999999,68.5],[-50.6029097,68.5],[-50.5402277,68.5],[-50.539677400000016,68.5],[-50.530355199999974,68.5],[-50.51800969999999,68.5],[-50.51218970000002,68.5],[-50.5,68.5],[-50.5,68.50067560000002],[-50.5,68.5023306],[-50.5,68.50540039999998],[-50.5,68.50791980000002],[-50.5,68.50891039999999],[-50.5,68.51307689999999],[-50.5,68.51602159999999],[-50.5,68.5246022],[-50.5,68.52759450000002],[-50.5,68.53607729999999],[-50.5,68.5418416],[-50.5,68.5436482],[-50.5,68.54570819999998],[-50.5,68.56002419999999],[-50.5,68.56127679999997],[-50.5,68.5725946],[-50.5,68.57598560000002],[-50.5,68.57689740000001],[-50.5,68.57724259999998],[-50.5,68.57750549999997],[-50.5,68.57776050000001],[-50.5,68.57819769999998],[-50.5,68.57887820000002],[-50.5,68.57972289999998],[-50.5,68.58040410000001],[-50.5,68.58082639999998],[-50.5,68.58363129999998],[-50.5,68.58434190000003],[-50.5,68.58459540000001],[-50.5,68.58528280000002],[-50.5,68.5915066],[-50.5,68.59676789999997],[-50.5,68.59763279999999],[-50.5,68.59835090000001],[-50.5,68.60011730000002],[-50.5,68.6021399],[-50.5,68.60299140000001],[-50.5,68.60383819999998],[-50.5,68.6065362],[-50.5,68.6071594],[-50.5,68.60742269999997],[-50.5,68.60763450000002],[-50.5,68.60790639999999],[-50.5,68.60818790000002],[-50.5,68.6191149],[-50.5,68.62197889999999],[-50.5,68.62207089999998],[-50.5,68.62780650000002],[-50.5,68.62812600000001],[-50.5,68.6285072],[-50.5,68.6290138],[-50.5,68.6296036],[-50.5,68.6297892],[-50.5,68.63013840000002],[-50.5,68.63026439999999],[-50.5,68.630516],[-50.5,68.6312567],[-50.5,68.63225319999998],[-50.5,68.63311900000002],[-50.5,68.63507010000001],[-50.5,68.63569100000001],[-50.5,68.6382031],[-50.5,68.639162],[-50.5,68.63995569999997],[-50.5,68.64122700000001],[-50.5,68.6421368],[-50.5,68.6438182],[-50.5,68.64402189999998],[-50.5,68.64485339999999],[-50.5,68.64545670000001],[-50.5,68.64905729999998],[-50.5,68.65117379999998],[-50.5,68.65322029999999],[-50.5,68.65732359999998],[-50.5,68.6580338],[-50.5,68.65878679999997],[-50.5,68.66215940000001],[-50.5,68.66340889999998],[-50.5,68.6637222],[-50.5,68.66408200000001],[-50.5,68.66462360000003],[-50.5,68.66562670000002],[-50.5,68.6661125],[-50.5,68.6669695],[-50.5,68.66745700000001],[-50.5,68.66939059999999],[-50.5,68.67031759999998],[-50.5,68.67109149999999],[-50.5,68.67392749999999],[-50.5,68.67492120000003],[-50.5,68.67680519999999],[-50.5,68.68207589999997],[-50.5,68.68261009999998],[-50.5,68.68330329999998],[-50.5,68.68418120000001],[-50.5,68.68542860000002],[-50.5,68.68762809999998],[-50.5,68.69468130000001],[-50.5,68.69516820000001],[-50.5,68.69663589999999],[-50.5,68.6993708],[-50.5,68.69996400000002],[-50.5,68.70098410000003],[-50.5,68.7021666],[-50.5,68.70633149999998],[-50.5,68.7075701],[-50.5,68.7107762],[-50.5,68.71118569999999],[-50.5,68.71195290000003],[-50.5,68.72468500000002],[-50.5,68.72513170000002],[-50.5,68.72572350000002],[-50.5,68.72679640000001],[-50.5,68.7271763],[-50.5,68.72759359999998],[-50.5,68.72830099999999],[-50.5,68.72874489999998],[-50.5,68.7293876],[-50.5,68.72953180000002],[-50.5,68.73063289999999],[-50.5,68.73101930000001],[-50.5,68.73215110000001],[-50.5,68.7344665],[-50.5,68.7351339],[-50.5,68.73660899999999],[-50.5,68.73698780000001],[-50.5,68.73761150000001],[-50.5,68.73959660000003],[-50.5,68.74113729999999],[-50.5,68.74238860000003],[-50.5,68.74359399999997],[-50.5,68.74765589999998],[-50.5,68.7490962],[-50.5,68.74987249999998],[-50.5,68.75115879999998],[-50.5,68.7558651],[-50.5,68.75643059999999],[-50.5,68.75675360000002],[-50.5,68.75710830000003],[-50.5,68.75770290000003],[-50.5,68.75792639999997],[-50.5,68.75799],[-50.5,68.76573050000002],[-50.5,68.76605849999999],[-50.5,68.76812519999999],[-50.5,68.76860749999997],[-50.5,68.7695774],[-50.5,68.77198120000003],[-50.5,68.77530940000003],[-50.5,68.77616419999998],[-50.5,68.7768269],[-50.5,68.77804630000003],[-50.5,68.7795678],[-50.5,68.78290390000001],[-50.5,68.78580979999998],[-50.5,68.78661340000002],[-50.5,68.78980990000002],[-50.5,68.79063129999997],[-50.5,68.79156660000001],[-50.5,68.79392309999997],[-50.5,68.79817489999999],[-50.5,68.80473260000002],[-50.5,68.8055549],[-50.5,68.80605939999998],[-50.5,68.80634930000002],[-50.5,68.80653649999999],[-50.5,68.80668109999999],[-50.5,68.80684630000002],[-50.5,68.8070353],[-50.5,68.80749100000003],[-50.5,68.80948360000002],[-50.5,68.809955],[-50.5,68.81035739999999],[-50.5,68.81089960000003],[-50.5,68.81678849999997],[-50.5,68.8184549],[-50.5,68.8189706],[-50.5,68.81963430000002],[-50.5,68.82017830000001],[-50.5,68.8201927],[-50.5,68.82638429999997],[-50.5,68.82795379999999],[-50.5,68.8323064],[-50.5,68.83426250000002],[-50.5,68.83505550000001],[-50.5,68.83646140000002],[-50.5,68.8380373],[-50.5,68.83865589999999],[-50.5,68.83967510000002],[-50.5,68.84334860000001],[-50.5,68.8588446],[-50.5,68.86053670000001],[-50.5,68.86187330000001],[-50.5,68.8652399],[-50.5,68.87020230000002],[-50.5,68.8721468],[-50.5,68.87290359999997],[-50.5,68.87815499999999],[-50.5,68.88058749999999],[-50.5,68.88098430000002],[-50.5,68.88149850000002],[-50.5,68.8819502],[-50.5,68.88585010000003],[-50.5,68.88910820000001],[-50.5,68.89019180000003],[-50.5,68.89170059999998],[-50.5,68.8939512],[-50.5,68.89519530000001],[-50.5,68.89569820000003],[-50.5,68.89691210000001],[-50.5,68.90050639999998],[-50.5,68.9015048],[-50.5,68.90388519999999],[-50.5,68.90523100000001],[-50.5,68.9060399],[-50.5,68.9071118],[-50.5,68.9082583],[-50.5,68.91051040000002],[-50.5,68.91102810000001],[-50.5,68.9120729],[-50.5,68.91843410000001],[-50.5,68.92000619999999],[-50.5,68.92057979999998],[-50.5,68.92267729999998],[-50.5,68.9234194],[-50.5,68.92344639999999],[-50.5,68.92586829999999],[-50.5,68.9272924],[-50.5,68.930116],[-50.5,68.93126719999998],[-50.5,68.93362819999999],[-50.5,68.9369835],[-50.5,68.93726600000002],[-50.5,68.93750990000001],[-50.5,68.93775870000002],[-50.5,68.93817150000001],[-50.5,68.93847670000002],[-50.5,68.93885410000001],[-50.5,68.93940140000001],[-50.5,68.94020030000001],[-50.5,68.94095629999998],[-50.5,68.9719093],[-50.5,68.97215390000002],[-50.5,68.9724842],[-50.5,68.97283540000001],[-50.5,68.97331450000001],[-50.5,68.97375979999998],[-50.5,68.97425399999997],[-50.5,68.9747974],[-50.5,68.97509109999999],[-50.5,68.97532480000001],[-50.5,68.97559969999998],[-50.5,68.97594579999998],[-50.5,68.97660109999998],[-50.5,68.97725279999997],[-50.5,68.97808900000001],[-50.5,68.97914420000001],[-50.5,68.97947620000002],[-50.5,68.98017479999999],[-50.5,68.98213750000002],[-50.5,68.9830738],[-50.5,68.98548119999998],[-50.5,68.98740099999998],[-50.5,68.98909479999998],[-50.5,68.99376560000002],[-50.5,68.99509069999999],[-50.5,68.99603730000001],[-50.5,68.99636429999998],[-50.5,68.99657159999998],[-50.5,68.99676790000001],[-50.5,68.99707219999999],[-50.5,68.99754899999999],[-50.5,68.99795690000002],[-50.5,68.9985006],[-50.5,68.99906399999998],[-50.5,68.9994954],[-50.5,69.0],[-50.500041099999976,69.0],[-50.50111509999999,69.0],[-50.502434600000015,69.0],[-50.50432840000002,69.0],[-50.572467399999994,69.0],[-50.57687809999999,69.0],[-50.58151509999999,69.0],[-50.584640999999976,69.0],[-50.588070000000016,69.0],[-50.59087579999999,69.0],[-50.59358609999998,69.0],[-50.59610550000002,69.0],[-50.598244799999975,69.0],[-50.60106669999999,69.0],[-50.60262319999998,69.0],[-50.603703800000005,69.0],[-50.60680960000002,69.0],[-50.614061100000015,69.0],[-50.616464500000006,69.0],[-50.61965350000003,69.0],[-50.623814700000025,69.0],[-50.62548399999997,69.0],[-50.62755120000003,69.0],[-50.62905810000001,69.0],[-50.63005909999998,69.0],[-50.63143259999998,69.0],[-50.6335727,69.0],[-50.64062560000002,69.0],[-50.64645610000002,69.0],[-50.651065700000004,69.0],[-50.6541388,69.0],[-50.65705489999999,69.0],[-50.6598085,69.0],[-50.662002700000016,69.0],[-50.663991099999976,69.0],[-50.6686388,69.0],[-50.671840299999985,69.0],[-50.67753729999998,69.0],[-50.68178119999999,69.0],[-50.69394410000001,69.0],[-50.69951900000001,69.0],[-50.70528469999999,69.0],[-50.70841089999999,69.0],[-50.71094870000002,69.0],[-50.71230179999998,69.0],[-50.716338500000006,69.0],[-50.72504300000003,69.0],[-50.72692970000003,69.0],[-50.727791000000025,69.0],[-50.72864770000001,69.0],[-50.7301238,69.0],[-50.73147740000002,69.0],[-50.73272859999997,69.0],[-50.733734200000015,69.0],[-50.733854699999995,69.0],[-50.734680000000026,69.0],[-50.73572130000002,69.0],[-50.7382101,69.0],[-50.7391925,69.0],[-50.7417418,69.0],[-50.74613629999999,69.0],[-50.75,69.0],[-50.78434490000001,69.0],[-50.78692480000001,69.0],[-50.7905811,69.0],[-50.79373399999997,69.0],[-50.800871400000005,69.0],[-50.80272209999998,69.0],[-50.80526850000001,69.0],[-50.808336699999984,69.0],[-50.81095379999999,69.0],[-50.813602600000024,69.0],[-50.81634789999998,69.0],[-50.819519000000014,69.0],[-50.82184990000002,69.0],[-50.823837200000014,69.0],[-50.82781540000002,69.0],[-50.8336223,69.0],[-50.83981729999999,69.0],[-50.84584810000001,69.0],[-50.85702850000001,69.0],[-50.864438500000006,69.0],[-50.86648280000003,69.0],[-50.86935840000001,69.0],[-50.8743298,69.0],[-50.877196500000025,69.0],[-50.8785757,69.0],[-50.883760499999994,69.0],[-50.895433500000024,69.0],[-50.925791300000014,69.0],[-50.931828199999984,69.0],[-50.93548529999998,69.0],[-50.936980000000005,69.0],[-50.94296780000002,69.0],[-50.948678400000006,69.0],[-50.95007959999998,69.0],[-50.95411790000003,69.0],[-50.960191699999996,69.0],[-50.9689348,69.0],[-50.977562499999976,69.0],[-50.97880459999999,69.0],[-50.99354970000002,69.0],[-50.99869269999999,69.0],[-51.0,69.0],[-51.0,68.9996084],[-51.0,68.99914840000002],[-51.0,68.99786569999998],[-51.0,68.99305859999998],[-51.0,68.98584069999998],[-51.0,68.9844104],[-51.0,68.97980180000002],[-51.0,68.9770762],[-51.0,68.97527910000002],[-51.0,68.97231849999997],[-51.0,68.9685685],[-51.0,68.9651629],[-51.0,68.96028589999997],[-51.0,68.9578727],[-51.0,68.95663209999998],[-51.0,68.9564297],[-51.0,68.955803],[-51.0,68.95063640000001],[-51.0,68.94881550000002],[-51.0,68.94659330000002],[-51.0,68.94524489999998],[-51.0,68.9445048],[-51.0,68.94352780000003],[-51.0,68.94238080000002],[-51.0,68.94124870000002],[-51.0,68.93987929999997],[-51.0,68.93795169999999],[-51.0,68.93571839999998],[-51.0,68.93344710000002],[-51.0,68.91145169999999],[-51.0,68.91127740000002],[-51.0,68.91101120000002],[-51.0,68.91074739999999],[-51.0,68.91039460000002],[-51.0,68.90946609999997],[-51.0,68.90836039999999],[-51.0,68.90726110000003],[-51.0,68.90594140000002],[-51.0,68.90218879999998],[-51.0,68.89858939999999],[-51.0,68.89710380000002],[-51.0,68.89532020000001],[-51.0,68.89414640000001],[-51.0,68.89249919999997],[-51.0,68.89220649999999],[-51.0,68.8918521],[-51.0,68.89134059999998],[-51.0,68.8910821],[-51.0,68.8908682],[-51.0,68.89070570000001],[-51.0,68.8905866],[-51.0,68.89056069999998],[-51.0,68.89034140000001],[-51.0,68.8898059],[-51.0,68.88926809999998],[-51.0,68.88815749999998],[-51.0,68.8874179],[-51.0,68.88473119999998],[-51.0,68.88412490000002],[-51.0,68.8811996],[-51.0,68.8800278],[-51.0,68.87940090000001],[-51.0,68.87883799999997],[-51.0,68.87784470000003],[-51.0,68.87604370000003],[-51.0,68.8755812],[-51.0,68.8753307],[-51.0,68.87513810000002],[-51.0,68.8747386],[-51.0,68.8742115],[-51.0,68.8729247],[-51.0,68.87120110000001],[-51.0,68.86952459999998],[-51.0,68.86857300000003],[-51.0,68.8680435],[-51.0,68.86464860000001],[-51.0,68.8593879],[-51.0,68.85892109999998],[-51.0,68.85867860000002],[-51.0,68.85850219999998],[-51.0,68.85847510000002],[-51.0,68.8583059],[-51.0,68.85813839999997],[-51.0,68.85800189999998],[-51.0,68.85787119999998],[-51.0,68.85773549999999],[-51.0,68.8576238],[-51.0,68.85749829999997],[-51.0,68.8574739],[-51.0,68.85738409999999],[-51.0,68.8572365],[-51.0,68.85706879999998],[-51.0,68.85690160000001],[-51.0,68.8566434],[-51.0,68.85616119999997],[-51.0,68.85289979999999],[-51.0,68.85130220000002],[-51.0,68.8485541],[-51.0,68.84808329999998],[-51.0,68.84659060000001],[-51.0,68.84571849999998],[-51.0,68.84462209999998],[-51.0,68.84267169999998],[-51.0,68.84185639999998],[-51.0,68.8410495],[-51.0,68.84020099999998],[-51.0,68.83939429999998],[-51.0,68.83887600000003],[-51.0,68.8384403],[-51.0,68.83784259999999],[-51.0,68.83678300000003],[-51.0,68.83539029999997],[-51.0,68.83517990000001],[-51.0,68.8346838],[-51.0,68.8339813],[-51.0,68.8326748],[-51.0,68.83168060000003],[-51.0,68.82655899999997],[-51.0,68.82532379999998],[-51.0,68.82422480000002],[-51.0,68.8234759],[-51.0,68.82030939999999],[-51.0,68.81970960000001],[-51.0,68.81910699999997],[-51.0,68.8190793],[-51.0,68.81846710000002],[-51.0,68.81762939999999],[-51.0,68.81671180000001],[-51.0,68.8146711],[-51.0,68.81372010000001],[-51.0,68.8131472],[-51.0,68.81274889999997],[-51.0,68.81243819999997],[-51.0,68.81085539999998],[-51.0,68.80783739999998],[-51.0,68.80720330000003],[-51.0,68.80608280000001],[-51.0,68.8032819],[-51.0,68.80234660000002],[-51.0,68.80177040000001],[-51.0,68.80072910000001],[-51.0,68.80026830000003],[-51.0,68.79985640000001],[-51.0,68.7993773],[-51.0,68.79899230000001],[-51.0,68.79827089999998],[-51.0,68.79437460000003],[-51.0,68.7931135],[-51.0,68.79132070000003],[-51.0,68.79061840000003],[-51.0,68.79032690000003],[-51.0,68.78972420000002],[-51.0,68.78848399999998],[-51.0,68.78844379999998],[-51.0,68.78626400000002],[-51.0,68.78510260000002],[-51.0,68.78380329999999],[-51.0,68.78272320000002],[-51.0,68.78203430000002],[-51.0,68.7813966],[-51.0,68.7809939],[-51.0,68.78071290000003],[-51.0,68.7803927],[-51.0,68.77982709999998],[-51.0,68.77910050000003],[-51.0,68.77795650000002],[-51.0,68.7762712],[-51.0,68.77291409999998],[-51.0,68.76560310000002],[-51.0,68.74938650000001],[-51.0,68.7486022],[-51.0,68.7214199],[-51.0,68.72001920000002],[-51.0,68.68091470000002],[-51.0,68.6789981],[-51.0,68.67488630000003],[-51.0,68.6723278],[-51.0,68.6714445],[-51.0,68.67084269999998],[-51.0,68.66661590000001],[-51.0,68.66581780000001],[-51.0,68.665167],[-51.0,68.66471250000001],[-51.0,68.6630695],[-51.0,68.6620087],[-51.0,68.65750839999998],[-51.0,68.65134169999999],[-51.0,68.64957570000001],[-51.0,68.64560239999997],[-51.0,68.64342929999998],[-51.0,68.64273630000002],[-51.0,68.64150569999998],[-51.0,68.63905210000001],[-51.0,68.63764959999997],[-51.0,68.6334708],[-51.0,68.63305070000001],[-51.0,68.63228830000003],[-51.0,68.6316756],[-51.0,68.63104190000001],[-51.0,68.6293655],[-51.0,68.62763519999999],[-51.0,68.6257268],[-51.0,68.62514169999997],[-51.0,68.62416280000002],[-51.0,68.62094789999998],[-51.0,68.62068870000002],[-51.0,68.6180276],[-51.0,68.61724620000001],[-51.0,68.6160418],[-51.0,68.61438529999998],[-51.0,68.61435310000002],[-51.0,68.61343599999998],[-51.0,68.612415],[-51.0,68.61189089999999],[-51.0,68.6108117],[-51.0,68.6093697],[-51.0,68.6070173],[-51.0,68.6049147],[-51.0,68.60374630000001],[-51.0,68.60033240000001],[-51.0,68.59868840000001],[-51.0,68.59736240000001],[-51.0,68.59649239999999],[-51.0,68.59531329999999],[-51.0,68.59419500000001],[-51.0,68.59289369999999],[-51.0,68.59160530000003],[-51.0,68.59045780000002],[-51.0,68.58903750000002],[-51.0,68.58727499999998],[-51.0,68.5861233],[-51.0,68.583867],[-51.0,68.58327359999998],[-51.0,68.58127209999998],[-51.0,68.58011809999999],[-51.0,68.5734311],[-51.0,68.5731331],[-51.0,68.57295119999998],[-51.0,68.57279749999998],[-51.0,68.5727056],[-51.0,68.57253589999999],[-51.0,68.5723438],[-51.0,68.57216210000001],[-51.0,68.57092310000002],[-51.0,68.56827700000002],[-51.0,68.5651499],[-51.0,68.5647998],[-51.0,68.56392260000001],[-51.0,68.56264820000001],[-51.0,68.56159709999997],[-51.0,68.56112030000003],[-51.0,68.56008639999999],[-51.0,68.55352850000003],[-51.0,68.55292429999997],[-51.0,68.552258],[-51.0,68.55115719999998],[-51.0,68.54899649999999],[-51.0,68.54776399999997],[-51.0,68.54694330000001],[-51.0,68.54514890000002],[-51.0,68.54407350000002],[-51.0,68.54322029999997],[-51.0,68.54254229999998],[-51.0,68.53934329999998],[-51.0,68.53601359999999],[-51.0,68.53492080000001],[-51.0,68.53324989999999],[-51.0,68.53179929999999],[-51.0,68.52967189999998],[-51.0,68.5275451],[-51.0,68.52534980000001],[-51.0,68.52435600000001],[-51.0,68.5229468],[-51.0,68.51724159999998],[-51.0,68.51617859999999],[-51.0,68.5160085],[-51.0,68.51462220000002],[-51.0,68.51446370000002],[-51.0,68.512969],[-51.0,68.51206020000001],[-51.0,68.51147529999997],[-51.0,68.51074160000002],[-51.0,68.50863450000003],[-51.0,68.50430189999997],[-51.0,68.5016981],[-51.0,68.50148439999998],[-51.0,68.5],[-50.99754780000001,68.5]]]]},"properties":{"datasetName":"101DK004BYDWE","edition":1,"update":0,"status":1}},{"type":"Feature","geometry":{"type":"MultiPolygon","coordinates":[[[[-54.0,70.5],[-54.0,71.0],[-54.5,71.0],[-54.5,70.5],[-54.0,70.5]]]]},"properties":{"datasetName":"101DK004CGDIE","edition":1,"update":0,"status":3}},{"type":"Feature","geometry":{"type":"MultiPolygon","coordinates":[[[[-55.7423058,72.5],[-55.672046799999976,72.5],[-55.66694610000002,72.5],[-55.64574219999997,72.5],[-55.6382337,72.5],[-55.63408529999998,72.5],[-55.51572909999999,72.5],[-55.5,72.5],[-55.5,72.5043417],[-55.5,72.56099319999998],[-55.5,72.60063079999998],[-55.5,72.60658890000002],[-55.5,72.60803479999998],[-55.5,72.61271319999997],[-55.5,72.61733939999999],[-55.5,72.61773929999998],[-55.5,72.75],[-55.5,72.75457690000002],[-55.5,72.77030910000002],[-55.5,72.79065550000001],[-55.5,72.81427439999999],[-55.5,72.8292844],[-55.5,72.8388463],[-55.5,72.85171659999997],[-55.5,72.8533625],[-55.5,72.85985119999998],[-55.5,72.88217739999999],[-55.5,72.88373259999997],[-55.5,72.89179259999997],[-55.5,72.89362799999998],[-55.5,72.89579809999998],[-55.5,72.90263060000001],[-55.5,72.9031124],[-55.5,72.90929929999999],[-55.5,72.90980789999998],[-55.5,72.92272910000003],[-55.5,72.92630939999998],[-55.5,72.92790559999997],[-55.5,72.93041729999999],[-55.5,72.94856040000002],[-55.5,72.95009320000003],[-55.5,72.95038360000001],[-55.5,72.95412820000001],[-55.5,73.0],[-55.636317899999995,73.0],[-55.88250599999998,73.0],[-55.892009099999996,73.0],[-55.93190959999998,73.0],[-55.95882169999999,73.0],[-55.9704959,73.0],[-55.9750545,73.0],[-55.97668299999998,73.0],[-55.980063400000006,73.0],[-56.0,73.0],[-56.0,72.9748098],[-56.0,72.97448809999997],[-56.0,72.97432900000001],[-56.0,72.9596343],[-56.0,72.95937400000003],[-56.0,72.95910909999998],[-56.0,72.95751639999997],[-56.0,72.95659619999998],[-56.0,72.9530795],[-56.0,72.94477849999998],[-56.0,72.94131370000002],[-56.0,72.93642390000002],[-56.0,72.93602290000001],[-56.0,72.9354442],[-56.0,72.9232058],[-56.0,72.9006076],[-56.0,72.85671359999998],[-56.0,72.85310220000002],[-56.0,72.73908010000002],[-56.0,72.68336829999998],[-56.0,72.66918559999999],[-56.0,72.6367032],[-56.0,72.6300263],[-56.0,72.6266326],[-56.0,72.62466469999998],[-56.0,72.6216882],[-56.0,72.61649879999999],[-56.0,72.61570799999998],[-56.0,72.61439130000002],[-56.0,72.61277100000001],[-56.0,72.61115239999998],[-56.0,72.60369480000003],[-56.0,72.60285850000002],[-56.0,72.5988534],[-56.0,72.5826275],[-56.0,72.58214800000002],[-56.0,72.5801912],[-56.0,72.57979740000002],[-56.0,72.57184210000003],[-56.0,72.5700549],[-56.0,72.5672055],[-56.0,72.5644671],[-56.0,72.56332800000001],[-56.0,72.5623779],[-56.0,72.55772539999998],[-56.0,72.5459222],[-56.0,72.5],[-55.7423058,72.5]]]]},"properties":{"datasetName":"101DK004CODCE","edition":1,"update":0,"status":1}},{"type":"Feature","geometry":{"type":"MultiPolygon","coordinates":[[[[-49.5,61.5],[-49.5,61.73333330000003],[-49.5,61.7802595],[-49.5,61.781040399999995],[-49.5,61.7878422],[-49.5,61.79264970000003],[-49.5,61.79343779999999],[-49.5,61.799308800000006],[-49.5,61.800474699999995],[-49.5,61.80109349999998],[-49.5,61.801124000000016],[-49.5,61.80484740000003],[-49.5,61.80484990000002],[-49.5,61.805928600000016],[-49.5,61.80594639999998],[-49.5,61.80878139999999],[-49.5,61.80880400000001],[-49.5,61.81293820000002],[-49.5,61.81376469999998],[-49.5,61.814901599999985],[-49.5,61.82900230000001],[-49.5,61.830136900000014],[-49.5,61.83064039999999],[-49.5,61.83107000000001],[-49.5,61.83317460000001],[-49.5,61.8358303],[-49.5,61.83871260000001],[-49.5,61.839640599999996],[-49.5,61.84374300000002],[-49.5,61.84405090000001],[-49.5,61.84646429999998],[-49.5,61.8501023],[-49.5,61.86736259999998],[-49.5,61.870000800000014],[-49.5,61.87190479999998],[-49.5,61.87212219999998],[-49.5,61.872129900000004],[-49.5,61.872949500000004],[-49.5,61.89716499999997],[-49.5,61.900763600000005],[-49.5,61.926362400000016],[-49.5,61.92638549999998],[-49.5,61.9277816],[-49.5,61.92847019999999],[-49.5,61.928481999999974],[-49.5,61.93119300000001],[-49.5,61.9372712],[-49.5,61.93794860000003],[-49.5,61.93877570000001],[-49.5,61.939759200000026],[-49.5,61.940818999999976],[-49.5,61.94083069999999],[-49.5,61.943814299999985],[-49.5,61.94434480000001],[-49.5,61.946788000000026],[-49.5,61.949024099999974],[-49.5,61.95892300000003],[-49.5,61.96098119999999],[-49.5,61.96099939999999],[-49.5,61.96167559999998],[-49.5,61.96222449999999],[-49.5,61.96461340000002],[-49.5,61.966011700000024],[-49.5,61.96737810000002],[-49.5,61.97045200000002],[-49.5,61.98025180000002],[-49.5,61.98343749999998],[-49.5,61.98716150000001],[-49.5,61.989420800000005],[-49.5,61.99021549999998],[-49.5,61.9904171],[-49.5,61.99073850000002],[-49.5,61.99165690000001],[-49.5,62.0],[-49.53604259999997,62.0],[-49.538070800000014,62.0],[-49.55203230000001,62.0],[-49.670387500000004,62.0],[-49.67347430000001,62.0],[-49.692566899999974,62.0],[-49.694182599999976,62.0],[-49.696574,62.0],[-49.7029546,62.0],[-49.704310899999996,62.0],[-49.70814519999999,62.0],[-49.71331600000002,62.0],[-49.71544970000002,62.0],[-49.71550530000002,62.0],[-49.7158986,62.0],[-49.7163511,62.0],[-49.71640669999999,62.0],[-49.728313000000014,62.0],[-49.72836860000001,62.0],[-49.73005760000001,62.0],[-49.730113200000005,62.0],[-49.731952999999976,62.0],[-49.73200859999997,62.0],[-49.73203239999998,62.0],[-49.7320555,62.0],[-49.732087999999976,62.0],[-49.7321111,62.0],[-49.732343300000025,62.0],[-49.73393809999999,62.0],[-49.74094309999998,62.0],[-49.749231899999984,62.0],[-49.752675899999986,62.0],[-49.75273149999998,62.0],[-49.752780599999994,62.0],[-49.75283619999999,62.0],[-49.75292999999999,62.0],[-49.75298559999999,62.0],[-49.76072190000002,62.0],[-49.76077750000002,62.0],[-49.76575150000002,62.0],[-49.76580710000002,62.0],[-49.76698349999998,62.0],[-49.76703909999998,62.0],[-49.76938689999997,62.0],[-49.76944259999999,62.0],[-49.773362899999995,62.0],[-49.77341849999999,62.0],[-49.77457049999998,62.0],[-49.77462609999998,62.0],[-49.77564510000002,62.0],[-49.775700700000016,62.0],[-49.77696800000001,62.0],[-49.77702369999997,62.0],[-49.77796569999998,62.0],[-49.7780214,62.0],[-49.78762560000001,62.0],[-49.78768120000001,62.0],[-49.78982189999999,62.0],[-49.78987749999999,62.0],[-49.79432409999998,62.0],[-49.79437969999998,62.0],[-49.800750600000015,62.0],[-49.80080620000001,62.0],[-49.8027783,62.0],[-49.80283400000002,62.0],[-49.80483079999999,62.0],[-49.80488650000001,62.0],[-49.8115512,62.0],[-49.81160679999999,62.0],[-49.84592900000001,62.0],[-49.84598460000001,62.0],[-49.85299759999998,62.0],[-49.8530533,62.0],[-49.85307,62.0],[-49.8531256,62.0],[-49.855557999999974,62.0],[-49.85561360000003,62.0],[-49.855630399999995,62.0],[-49.85568599999999,62.0],[-49.8772419,62.0],[-49.87729760000002,62.0],[-49.8774717,62.0],[-49.8775273,62.0],[-49.877661699999976,62.0],[-49.87771729999997,62.0],[-49.88109739999999,62.0],[-49.88115299999998,62.0],[-49.886501099999975,62.0],[-49.88655670000003,62.0],[-49.886573699999985,62.0],[-49.886629400000004,62.0],[-49.88757029999999,62.0],[-49.88762589999999,62.0],[-49.887642400000004,62.0],[-49.887698,62.0],[-49.889384800000016,62.0],[-49.88944040000001,62.0],[-49.889457300000004,62.0],[-49.8895129,62.0],[-49.901849500000026,62.0],[-49.90190519999999,62.0],[-49.904960200000005,62.0],[-49.9050158,62.0],[-49.9335701,62.0],[-49.93362569999999,62.0],[-49.93725920000003,62.0],[-49.95858290000001,62.0],[-49.99249070000002,62.0],[-49.99448560000002,62.0],[-50.0,62.0],[-50.0,61.9375],[-50.0,61.875],[-50.0,61.8125],[-50.0,61.80816140000002],[-50.0,61.75],[-50.0,61.73333330000003],[-50.0,61.5],[-49.5,61.5]]]]},"properties":{"datasetName":"101DK004AWEAE","edition":1,"update":0,"status":1}},{"type":"Feature","geometry":{"type":"MultiPolygon","coordinates":[[[[-53.98827189999997,68.0],[-53.96695970000002,68.0],[-53.95639510000001,68.0],[-53.94348719999999,68.0],[-53.92065689999998,68.0],[-53.881940499999985,68.0],[-53.880229199999974,68.0],[-53.86233329999999,68.0],[-53.85351960000003,68.0],[-53.839307899999994,68.0],[-53.83615800000001,68.0],[-53.83307129999997,68.0],[-53.81224129999998,68.0],[-53.80975430000001,68.0],[-53.8089018,68.0],[-53.785492799999986,68.0],[-53.77902080000001,68.0],[-53.77300300000002,68.0],[-53.76814589999998,68.0],[-53.758670499999994,68.0],[-53.750066000000004,68.0],[-53.75,68.0],[-53.742597699999976,68.0],[-53.73862029999998,68.0],[-53.73753829999998,68.0],[-53.73239339999998,68.0],[-53.7297423,68.0],[-53.717968499999984,68.0],[-53.70915860000002,68.0],[-53.696239100000014,68.0],[-53.68984499999999,68.0],[-53.68603139999999,68.0],[-53.684271799999976,68.0],[-53.68130389999999,68.0],[-53.674677299999985,68.0],[-53.673165400000016,68.0],[-53.67126330000002,68.0],[-53.6652833,68.0],[-53.66266239999999,68.0],[-53.65163519999999,68.0],[-53.64694530000003,68.0],[-53.64118639999998,68.0],[-53.63931889999998,68.0],[-53.63871929999999,68.0],[-53.6340386,68.0],[-53.632055200000025,68.0],[-53.623021800000004,68.0],[-53.62160990000001,68.0],[-53.615235900000016,68.0],[-53.61010449999998,68.0],[-53.60380279999998,68.0],[-53.59940999999998,68.0],[-53.59318680000001,68.0],[-53.58634230000001,68.0],[-53.58513570000002,68.0],[-53.583471900000006,68.0],[-53.5682506,68.0],[-53.5609819,68.0],[-53.55562900000001,68.0],[-53.55364279999998,68.0],[-53.5502338,68.0],[-53.54645399999998,68.0],[-53.54641129999999,68.0],[-53.54432489999999,68.0],[-53.522287000000006,68.0],[-53.51886380000002,68.0],[-53.5155431,68.0],[-53.515023799999994,68.0],[-53.51266930000003,68.0],[-53.50597800000003,68.0],[-53.504482800000005,68.0],[-53.5,68.0],[-53.5,68.0017158],[-53.5,68.00211109999998],[-53.5,68.00589179999997],[-53.5,68.0065409],[-53.5,68.00811440000001],[-53.5,68.00940430000003],[-53.5,68.0116668],[-53.5,68.0131672],[-53.5,68.01485079999998],[-53.5,68.01510710000002],[-53.5,68.01587740000002],[-53.5,68.0179718],[-53.5,68.01880799999998],[-53.5,68.02084000000002],[-53.5,68.02208480000002],[-53.5,68.02456439999997],[-53.5,68.02528890000002],[-53.5,68.03888669999998],[-53.5,68.03982610000003],[-53.5,68.04326609999998],[-53.5,68.04844459999998],[-53.5,68.04968630000002],[-53.5,68.05435510000001],[-53.5,68.0564999],[-53.5,68.05650029999998],[-53.5,68.05804490000003],[-53.5,68.05867949999998],[-53.5,68.0600344],[-53.5,68.06241019999999],[-53.5,68.06287229999998],[-53.5,68.06426870000001],[-53.5,68.0659713],[-53.5,68.06742079999998],[-53.5,68.06872670000001],[-53.5,68.0687413],[-53.5,68.06895450000002],[-53.5,68.07002890000001],[-53.5,68.070494],[-53.5,68.07384689999998],[-53.5,68.07486649999998],[-53.5,68.08120009999999],[-53.5,68.0817998],[-53.5,68.08329730000003],[-53.5,68.09682429999998],[-53.5,68.0978212],[-53.5,68.0997592],[-53.5,68.1027398],[-53.5,68.10757690000003],[-53.5,68.10996160000002],[-53.5,68.11014669999997],[-53.5,68.11163529999999],[-53.5,68.11533159999999],[-53.5,68.11607099999998],[-53.5,68.11706179999999],[-53.5,68.1173938],[-53.5,68.1178582],[-53.5,68.11925889999998],[-53.5,68.11939749999999],[-53.5,68.12010800000002],[-53.5,68.12186279999997],[-53.5,68.12288560000002],[-53.5,68.1245318],[-53.5,68.1257134],[-53.5,68.12575249999998],[-53.5,68.13366769999999],[-53.5,68.1340937],[-53.5,68.13443819999998],[-53.5,68.13475729999999],[-53.5,68.13482909999999],[-53.5,68.1348817],[-53.5,68.135828],[-53.5,68.1374533],[-53.5,68.13853],[-53.5,68.13985009999999],[-53.5,68.14251389999998],[-53.5,68.14292010000003],[-53.5,68.14304809999999],[-53.5,68.1435214],[-53.5,68.14410720000001],[-53.5,68.14440200000001],[-53.5,68.14540149999999],[-53.5,68.14595000000003],[-53.5,68.14774119999998],[-53.5,68.14792130000001],[-53.5,68.14857810000001],[-53.5,68.14862140000002],[-53.5,68.14907840000001],[-53.5,68.1490789],[-53.5,68.14987200000002],[-53.5,68.1500959],[-53.5,68.15060799999998],[-53.5,68.15089469999998],[-53.5,68.15195560000001],[-53.5,68.15310579999999],[-53.5,68.1543312],[-53.5,68.1575507],[-53.5,68.15936979999998],[-53.5,68.16355299999998],[-53.5,68.17509619999998],[-53.5,68.18381440000002],[-53.5,68.18707699999999],[-53.5,68.18754000000001],[-53.5,68.18757970000001],[-53.5,68.1884369],[-53.5,68.18952080000003],[-53.5,68.1914056],[-53.5,68.19215309999998],[-53.5,68.19280170000002],[-53.5,68.19393559999997],[-53.5,68.19914460000001],[-53.5,68.20406200000002],[-53.5,68.20494100000002],[-53.5,68.2074318],[-53.5,68.20849299999998],[-53.5,68.2110146],[-53.5,68.2117758],[-53.5,68.2133174],[-53.5,68.21370000000002],[-53.5,68.21624170000001],[-53.5,68.21839940000001],[-53.5,68.22102899999999],[-53.5,68.22159629999999],[-53.5,68.22164299999997],[-53.5,68.22187509999998],[-53.5,68.22191379999998],[-53.5,68.22223220000001],[-53.5,68.22364119999997],[-53.5,68.22733549999998],[-53.5,68.23689409999997],[-53.5,68.24408360000001],[-53.5,68.24584820000001],[-53.5,68.2513075],[-53.5,68.25166719999999],[-53.5,68.25379609999999],[-53.5,68.25386479999997],[-53.5,68.25488790000003],[-53.5,68.2557117],[-53.5,68.2576176],[-53.5,68.25858410000001],[-53.5,68.2587517],[-53.5,68.2595177],[-53.5,68.25967170000001],[-53.5,68.25996650000002],[-53.5,68.26037769999999],[-53.5,68.26076899999998],[-53.5,68.26146799999998],[-53.5,68.2634251],[-53.5,68.26414779999999],[-53.5,68.2643129],[-53.5,68.26700790000001],[-53.5,68.26770690000001],[-53.5,68.26902030000002],[-53.5,68.2702557],[-53.5,68.27055080000002],[-53.5,68.27079570000001],[-53.5,68.27169989999999],[-53.5,68.27930679999997],[-53.5,68.283391],[-53.5,68.2848136],[-53.5,68.28768259999998],[-53.5,68.28801979999997],[-53.5,68.28846220000003],[-53.5,68.2888658],[-53.5,68.29056029999998],[-53.5,68.29120849999998],[-53.5,68.29172590000002],[-53.5,68.29257569999999],[-53.5,68.2930101],[-53.5,68.2969584],[-53.5,68.29915790000001],[-53.5,68.301333],[-53.5,68.30222520000001],[-53.5,68.30438909999998],[-53.5,68.30463049999997],[-53.5,68.305743],[-53.5,68.30855359999998],[-53.5,68.31003659999999],[-53.5,68.31765360000003],[-53.5,68.33049870000002],[-53.5,68.3356814],[-53.5,68.33732279999998],[-53.5,68.34064039999998],[-53.5,68.34536739999999],[-53.5,68.34854619999999],[-53.5,68.34870039999998],[-53.5,68.35127720000003],[-53.5,68.35154360000001],[-53.5,68.35236320000001],[-53.5,68.35240670000002],[-53.5,68.35349330000003],[-53.5,68.3545327],[-53.5,68.3652801],[-53.5,68.36663499999997],[-53.5,68.36773119999998],[-53.5,68.3683297],[-53.5,68.36963320000001],[-53.5,68.37121639999998],[-53.5,68.37490229999997],[-53.5,68.37548249999998],[-53.5,68.37727059999997],[-53.5,68.37802190000002],[-53.5,68.38088599999998],[-53.5,68.3847083],[-53.5,68.3847227],[-53.5,68.3872546],[-53.5,68.3875021],[-53.5,68.3886243],[-53.5,68.39185420000001],[-53.5,68.39227540000002],[-53.5,68.39315749999997],[-53.5,68.39714079999999],[-53.5,68.4036911],[-53.5,68.4091937],[-53.5,68.41071340000002],[-53.5,68.41392830000001],[-53.5,68.42399719999997],[-53.5,68.43015329999997],[-53.5,68.4306914],[-53.5,68.43698869999997],[-53.5,68.43804669999997],[-53.5,68.44248420000002],[-53.5,68.44409259999998],[-53.5,68.4443938],[-53.5,68.4497935],[-53.5,68.45049649999999],[-53.5,68.450986],[-53.5,68.45127839999998],[-53.5,68.45218870000002],[-53.5,68.4538963],[-53.5,68.463078],[-53.5,68.46519569999998],[-53.5,68.46635470000001],[-53.5,68.46908680000001],[-53.5,68.4710207],[-53.5,68.4722299],[-53.5,68.48309519999998],[-53.5,68.48428560000002],[-53.5,68.4864445],[-53.5,68.4876327],[-53.5,68.48917460000001],[-53.5,68.4903928],[-53.5,68.49228340000002],[-53.5,68.4932971],[-53.5,68.4938603],[-53.5,68.5],[-53.50296270000001,68.5],[-53.51152430000002,68.5],[-53.518381999999974,68.5],[-53.519973300000004,68.5],[-53.52374320000001,68.5],[-53.53686269999997,68.5],[-53.53736500000002,68.5],[-53.537555399999974,68.5],[-53.54101450000002,68.5],[-53.544307300000014,68.5],[-53.54438329999999,68.5],[-53.54623429999998,68.5],[-53.57860770000002,68.5],[-53.58710980000001,68.5],[-53.595447999999976,68.5],[-53.59555590000002,68.5],[-53.595558100000005,68.5],[-53.60145610000001,68.5],[-53.601461900000004,68.5],[-53.608608100000026,68.5],[-53.60861169999998,68.5],[-53.73853220000001,68.5],[-53.738534300000026,68.5],[-53.74646480000001,68.5],[-53.74647879999998,68.5],[-53.754496700000004,68.5],[-53.75451930000003,68.5],[-53.75557429999998,68.5],[-53.7556022,68.5],[-53.762836600000014,68.5],[-53.76283740000002,68.5],[-53.815460599999994,68.5],[-53.8158497,68.5],[-53.830049299999985,68.5],[-53.830051200000014,68.5],[-53.842779199999995,68.5],[-53.842779500000006,68.5],[-53.84823060000002,68.5],[-53.84823890000001,68.5],[-53.84948400000002,68.5],[-53.85960970000002,68.5],[-53.85961800000001,68.5],[-53.86283450000002,68.5],[-53.8628549,68.5],[-53.87909560000003,68.5],[-53.87911159999999,68.5],[-53.986894199999995,68.5],[-54.0,68.5],[-54.0,68.49313439999997],[-54.0,68.4847484],[-54.0,68.4690094],[-54.0,68.4676364],[-54.0,68.45035230000002],[-54.0,68.4478729],[-54.0,68.44767769999999],[-54.0,68.4471125],[-54.0,68.4451477],[-54.0,68.44460229999999],[-54.0,68.42095060000003],[-54.0,68.40657440000001],[-54.0,68.40640330000002],[-54.0,68.3879493],[-54.0,68.38338649999997],[-54.0,68.367545],[-54.0,68.366692],[-54.0,68.36408669999997],[-54.0,68.36378109999998],[-54.0,68.35708299999999],[-54.0,68.33114569999998],[-54.0,68.32773259999999],[-54.0,68.3185335],[-54.0,68.31182389999998],[-54.0,68.2817751],[-54.0,68.27757600000001],[-54.0,68.27238030000001],[-54.0,68.26499749999999],[-54.0,68.25711639999997],[-54.0,68.22840000000002],[-54.0,68.1847416],[-54.0,68.18051580000002],[-54.0,68.17155079999998],[-54.0,68.16127799999998],[-54.0,68.15028819999998],[-54.0,68.14437099999998],[-54.0,68.14248570000001],[-54.0,68.1417525],[-54.0,68.1394545],[-54.0,68.13884209999998],[-54.0,68.13765890000002],[-54.0,68.13494930000002],[-54.0,68.10746940000001],[-54.0,68.09663979999999],[-54.0,68.0813177],[-54.0,68.03807169999999],[-54.0,68.03495509999999],[-54.0,68.01406850000001],[-54.0,68.0],[-53.98827189999997,68.0]]]]},"properties":{"datasetName":"101DK004BWDKE","edition":1,"update":0,"status":1}},{"type":"Feature","geometry":{"type":"MultiPolygon","coordinates":[[[[-52.48175259999999,68.5],[-52.47907249999997,68.5],[-52.45897500000001,68.5],[-52.45791980000001,68.5],[-52.44806010000002,68.5],[-52.44444800000002,68.5],[-52.436025700000016,68.5],[-52.42703949999998,68.5],[-52.41010440000002,68.5],[-52.40290440000001,68.5],[-52.39326319999998,68.5],[-52.38547219999998,68.5],[-52.378824699999996,68.5],[-52.3734336,68.5],[-52.36508029999999,68.5],[-52.351858600000014,68.5],[-52.34936970000001,68.5],[-52.31741629999999,68.5],[-52.315014700000006,68.5],[-52.314485400000024,68.5],[-52.29803900000002,68.5],[-52.2967845,68.5],[-52.29495609999998,68.5],[-52.294351199999994,68.5],[-52.29370890000001,68.5],[-52.28103329999999,68.5],[-52.2789123,68.5],[-52.27575330000002,68.5],[-52.2617788,68.5],[-52.25449789999999,68.5],[-52.253130399999975,68.5],[-52.25070520000003,68.5],[-52.25,68.5],[-52.24907009999998,68.5],[-52.248408600000005,68.5],[-52.240852200000006,68.5],[-52.237850700000024,68.5],[-52.22956370000003,68.5],[-52.22519990000001,68.5],[-52.22080039999997,68.5],[-52.21821130000001,68.5],[-52.21538529999998,68.5],[-52.21054939999999,68.5],[-52.20573689999998,68.5],[-52.20425690000002,68.5],[-52.198633599999994,68.5],[-52.19576999999998,68.5],[-52.195521299999996,68.5],[-52.18107450000002,68.5],[-52.17289099999999,68.5],[-52.167384500000026,68.5],[-52.15582310000002,68.5],[-52.15388789999997,68.5],[-52.15053360000002,68.5],[-52.13587510000002,68.5],[-52.135053700000014,68.5],[-52.13395400000002,68.5],[-52.132202800000016,68.5],[-52.12090410000002,68.5],[-52.12035530000003,68.5],[-52.10088669999999,68.5],[-52.07162410000001,68.5],[-52.066803400000026,68.5],[-52.06532099999998,68.5],[-52.05654149999998,68.5],[-52.04414809999997,68.5],[-52.031056999999976,68.5],[-52.01500970000001,68.5],[-52.00303009999999,68.5],[-52.0,68.5],[-52.0,68.50118730000003],[-52.0,68.50838770000001],[-52.0,68.51174040000001],[-52.0,68.5125137],[-52.0,68.51788520000002],[-52.0,68.51968340000002],[-52.0,68.5211377],[-52.0,68.52256010000002],[-52.0,68.52570070000002],[-52.0,68.5281488],[-52.0,68.52926889999998],[-52.0,68.53009459999998],[-52.0,68.53074759999998],[-52.0,68.53087069999998],[-52.0,68.53405429999998],[-52.0,68.53627660000001],[-52.0,68.53737539999997],[-52.0,68.5424501],[-52.0,68.5454358],[-52.0,68.54840940000003],[-52.0,68.5496331],[-52.0,68.55148309999998],[-52.0,68.55225669999999],[-52.0,68.55505019999998],[-52.0,68.55544650000002],[-52.0,68.55618090000002],[-52.0,68.55689280000001],[-52.0,68.55744479999998],[-52.0,68.557502],[-52.0,68.5577614],[-52.0,68.55819650000001],[-52.0,68.55819780000002],[-52.0,68.55925509999997],[-52.0,68.5605721],[-52.0,68.56105079999998],[-52.0,68.56128389999998],[-52.0,68.5613902],[-52.0,68.56150350000001],[-52.0,68.56156549999997],[-52.0,68.56358369999998],[-52.0,68.56383540000002],[-52.0,68.56478129999999],[-52.0,68.5657157],[-52.0,68.56644299999999],[-52.0,68.5666559],[-52.0,68.5673458],[-52.0,68.56838529999999],[-52.0,68.57275340000001],[-52.0,68.5731381],[-52.0,68.57448290000002],[-52.0,68.57616630000001],[-52.0,68.57713749999999],[-52.0,68.57904810000002],[-52.0,68.58217159999998],[-52.0,68.58299950000003],[-52.0,68.58348000000001],[-52.0,68.58388079999997],[-52.0,68.58625710000001],[-52.0,68.58741939999999],[-52.0,68.59063040000001],[-52.0,68.5938463],[-52.0,68.59515069999998],[-52.0,68.59636690000002],[-52.0,68.59809719999998],[-52.0,68.59837920000001],[-52.0,68.60093],[-52.0,68.601745],[-52.0,68.60364950000002],[-52.0,68.6040456],[-52.0,68.6080326],[-52.0,68.60830759999999],[-52.0,68.60986700000001],[-52.0,68.6110678],[-52.0,68.619417],[-52.0,68.62169180000001],[-52.0,68.63360399999999],[-52.0,68.63554149999999],[-52.0,68.63628920000002],[-52.0,68.63774539999997],[-52.0,68.63892329999999],[-52.0,68.63965139999999],[-52.0,68.6866354],[-52.0,68.7070453],[-52.0,68.7077099],[-52.0,68.71128329999999],[-52.0,68.71327739999998],[-52.0,68.7158101],[-52.0,68.71606000000003],[-52.0,68.7192814],[-52.0,68.73745539999999],[-52.0,68.76025049999998],[-52.0,68.760558],[-52.0,68.7674935],[-52.0,68.76940289999999],[-52.0,68.7736567],[-52.0,68.77973980000002],[-52.0,68.79448869999999],[-52.0,68.79573060000001],[-52.0,68.8011348],[-52.0,68.8031282],[-52.0,68.81038319999999],[-52.0,68.8157218],[-52.0,68.8164061],[-52.0,68.81769600000001],[-52.0,68.82039099999997],[-52.0,68.82509199999998],[-52.0,68.82903040000002],[-52.0,68.8322789],[-52.0,68.83653299999997],[-52.0,68.83819820000002],[-52.0,68.84241020000002],[-52.0,68.86335259999998],[-52.0,68.87377859999998],[-52.0,68.87479969999998],[-52.0,68.87547119999999],[-52.0,68.87778559999998],[-52.0,68.89455520000001],[-52.0,68.93301150000002],[-52.0,68.95932629999999],[-52.0,68.96186999999998],[-52.0,68.96256310000001],[-52.0,68.96627539999997],[-52.0,68.9879919],[-52.0,69.0],[-52.47601179999998,69.0],[-52.48816909999999,69.0],[-52.49690390000001,69.0],[-52.5,69.0],[-52.5,68.99894940000001],[-52.5,68.99266740000002],[-52.5,68.98926970000002],[-52.5,68.98301679999997],[-52.5,68.97297759999998],[-52.5,68.9621856],[-52.5,68.95866590000003],[-52.5,68.95864669999997],[-52.5,68.95168439999998],[-52.5,68.9516825],[-52.5,68.9481745],[-52.5,68.94817410000002],[-52.5,68.9475324],[-52.5,68.94753029999998],[-52.5,68.94112639999997],[-52.5,68.94112330000002],[-52.5,68.93875070000001],[-52.5,68.92819600000001],[-52.5,68.92818679999999],[-52.5,68.91657249999997],[-52.5,68.9067172],[-52.5,68.90671709999998],[-52.5,68.90417430000002],[-52.5,68.9041517],[-52.5,68.89961199999999],[-52.5,68.89959240000002],[-52.5,68.8935826],[-52.5,68.8935808],[-52.5,68.88715530000002],[-52.5,68.8871507],[-52.5,68.88644950000003],[-52.5,68.88644929999998],[-52.5,68.8850984],[-52.5,68.88509599999998],[-52.5,68.87779929999999],[-52.5,68.87779890000002],[-52.5,68.87512129999999],[-52.5,68.8751034],[-52.5,68.86687549999999],[-52.5,68.8503455],[-52.5,68.8503447],[-52.5,68.84818910000001],[-52.5,68.8481787],[-52.5,68.84619070000002],[-52.5,68.84618649999999],[-52.5,68.84273730000001],[-52.5,68.8427294],[-52.5,68.84233719999997],[-52.5,68.84233619999998],[-52.5,68.8378745],[-52.5,68.83782930000001],[-52.5,68.8216878],[-52.5,68.8216703],[-52.5,68.81942659999999],[-52.5,68.81942420000001],[-52.5,68.8139476],[-52.5,68.81394649999999],[-52.5,68.8120634],[-52.5,68.81204869999999],[-52.5,68.81143750000001],[-52.5,68.8114352],[-52.5,68.80850850000002],[-52.5,68.8085049],[-52.5,68.78742519999997],[-52.5,68.78741389999999],[-52.5,68.7830811],[-52.5,68.78307749999999],[-52.5,68.77931910000001],[-52.5,68.7760515],[-52.5,68.7756617],[-52.5,68.77024569999998],[-52.5,68.77024210000002],[-52.5,68.76746609999998],[-52.5,68.7674647],[-52.5,68.76520420000003],[-52.5,68.76519660000002],[-52.5,68.75633920000001],[-52.5,68.75633629999999],[-52.5,68.75197559999998],[-52.5,68.75192420000002],[-52.5,68.75123200000002],[-52.5,68.75099690000002],[-52.5,68.75098889999998],[-52.5,68.74905380000001],[-52.5,68.74904729999997],[-52.5,68.7463821],[-52.5,68.7463816],[-52.5,68.74350759999999],[-52.5,68.7427156],[-52.5,68.74188429999998],[-52.5,68.74187230000001],[-52.5,68.74118870000001],[-52.5,68.74118859999999],[-52.5,68.74092889999997],[-52.5,68.74092539999998],[-52.5,68.7406191],[-52.5,68.74061890000002],[-52.5,68.74039749999997],[-52.5,68.73940950000002],[-52.5,68.73933729999999],[-52.5,68.7389066],[-52.5,68.73889589999999],[-52.5,68.73675639999999],[-52.5,68.7367471],[-52.5,68.7359725],[-52.5,68.73175939999999],[-52.5,68.7311211],[-52.5,68.73083000000003],[-52.5,68.73063000000002],[-52.5,68.73062870000001],[-52.5,68.72990809999999],[-52.5,68.7294513],[-52.5,68.7292324],[-52.5,68.72786780000001],[-52.5,68.72726189999997],[-52.5,68.7272026],[-52.5,68.72687489999998],[-52.5,68.72659929999998],[-52.5,68.72658380000001],[-52.5,68.72310499999998],[-52.5,68.72310049999999],[-52.5,68.7223783],[-52.5,68.7213342],[-52.5,68.72133339999999],[-52.5,68.71932170000002],[-52.5,68.71893740000002],[-52.5,68.71856939999998],[-52.5,68.71761229999998],[-52.5,68.71754170000003],[-52.5,68.71656819999998],[-52.5,68.71501339999998],[-52.5,68.7138751],[-52.5,68.71236720000002],[-52.5,68.7112836],[-52.5,68.71127919999998],[-52.5,68.70832230000002],[-52.5,68.70832109999998],[-52.5,68.70702740000002],[-52.5,68.70702649999998],[-52.5,68.7051682],[-52.5,68.70515519999998],[-52.5,68.70464770000001],[-52.5,68.70459419999997],[-52.5,68.70355699999999],[-52.5,68.70355519999998],[-52.5,68.70337740000002],[-52.5,68.7033667],[-52.5,68.70303469999999],[-52.5,68.70084809999997],[-52.5,68.6987416],[-52.5,68.6963404],[-52.5,68.68827090000002],[-52.5,68.68806899999998],[-52.5,68.6867183],[-52.5,68.6860383],[-52.5,68.68515609999997],[-52.5,68.68385790000002],[-52.5,68.6793146],[-52.5,68.67520730000001],[-52.5,68.6738861],[-52.5,68.67225509999997],[-52.5,68.66805679999999],[-52.5,68.6663699],[-52.5,68.66566360000002],[-52.5,68.66458920000002],[-52.5,68.66265149999998],[-52.5,68.66153500000001],[-52.5,68.65881250000001],[-52.5,68.6563357],[-52.5,68.6544915],[-52.5,68.65267490000002],[-52.5,68.6503194],[-52.5,68.64796999999999],[-52.5,68.64227590000002],[-52.5,68.64086880000002],[-52.5,68.64057380000003],[-52.5,68.63820959999998],[-52.5,68.63423230000001],[-52.5,68.6259473],[-52.5,68.625789],[-52.5,68.62537739999999],[-52.5,68.59177219999998],[-52.5,68.59153270000002],[-52.5,68.59123499999998],[-52.5,68.5905654],[-52.5,68.59055039999998],[-52.5,68.5860887],[-52.5,68.58062260000003],[-52.5,68.58020210000001],[-52.5,68.57970820000003],[-52.5,68.57785180000002],[-52.5,68.57627930000001],[-52.5,68.57575150000002],[-52.5,68.57519200000002],[-52.5,68.57019589999999],[-52.5,68.56860999999998],[-52.5,68.56601799999999],[-52.5,68.56554299999999],[-52.5,68.56309249999998],[-52.5,68.56268490000002],[-52.5,68.56140429999999],[-52.5,68.5593207],[-52.5,68.55668109999999],[-52.5,68.55587320000001],[-52.5,68.55442369999997],[-52.5,68.55341010000001],[-52.5,68.5524342],[-52.5,68.55126089999999],[-52.5,68.54992670000001],[-52.5,68.54877240000002],[-52.5,68.54787199999998],[-52.5,68.54594100000003],[-52.5,68.5394081],[-52.5,68.53865660000002],[-52.5,68.5381329],[-52.5,68.53675859999998],[-52.5,68.53508679999999],[-52.5,68.53328290000002],[-52.5,68.53225700000002],[-52.5,68.53223680000002],[-52.5,68.53153550000002],[-52.5,68.52866269999998],[-52.5,68.52744480000001],[-52.5,68.52675909999999],[-52.5,68.5252193],[-52.5,68.5247086],[-52.5,68.52290549999998],[-52.5,68.5220415],[-52.5,68.52053360000002],[-52.5,68.51879789999998],[-52.5,68.5177701],[-52.5,68.51588459999999],[-52.5,68.51535969999998],[-52.5,68.5139896],[-52.5,68.51210400000002],[-52.5,68.5104652],[-52.5,68.50774999999999],[-52.5,68.50584370000001],[-52.5,68.50096400000001],[-52.5,68.5],[-52.48175259999999,68.5]]]]},"properties":{"datasetName":"101DK004BYDQE","edition":1,"update":0,"status":3}},{"type":"Feature","geometry":{"type":"MultiPolygon","coordinates":[[[[-52.245833300000015,64.5],[-52.21364440000002,64.5],[-52.21032389999999,64.5],[-52.20956749999999,64.5],[-52.208841500000005,64.5],[-52.206882699999994,64.5],[-52.20507450000002,64.5],[-52.20470399999999,64.5],[-52.2039499,64.5],[-52.20371130000001,64.5],[-52.2032231,64.5],[-52.18435340000002,64.5],[-52.181616099999985,64.5],[-52.15823660000001,64.5],[-52.15442139999999,64.5],[-52.154239200000006,64.5],[-52.153136700000005,64.5],[-52.150354900000025,64.5],[-52.148087799999985,64.5],[-52.147216300000025,64.5],[-52.14373840000002,64.5],[-52.133679900000004,64.5],[-52.13112610000002,64.5],[-52.1306184,64.5],[-52.13018249999999,64.5],[-52.12978659999999,64.5],[-52.11332299999998,64.5],[-52.11127349999998,64.5],[-52.10961739999999,64.5],[-52.10825940000001,64.5],[-52.1081198,64.5],[-52.1071877,64.5],[-52.0783333,64.5],[-52.06891469999999,64.5],[-52.05626890000002,64.5],[-52.046773599999995,64.5],[-52.044455500000026,64.5],[-52.0388203,64.5],[-52.03613180000002,64.5],[-52.01578239999998,64.5],[-52.00828689999997,64.5],[-52.0,64.5],[-52.0,64.50961910000001],[-52.0,64.51039359999999],[-52.0,64.51341609999997],[-52.0,64.51452849999998],[-52.0,64.51627689999998],[-52.0,64.51692939999998],[-52.0,64.52118009999998],[-52.0,64.52491350000003],[-52.0,64.52600530000001],[-52.0,64.53403659999998],[-52.0,64.5368019],[-52.0,64.53997809999998],[-52.0,64.54534059999997],[-52.0,64.54723940000002],[-52.0,64.54753690000001],[-52.0,64.54788769999999],[-52.0,64.548227],[-52.0,64.56893050000002],[-52.0,64.5745053],[-52.0,64.57504189999997],[-52.0,64.57640190000001],[-52.0,64.5849288],[-52.0,64.58553710000001],[-52.0,64.58669220000002],[-52.0,64.5877395],[-52.0,64.58876509999999],[-52.0,64.58993609999999],[-52.0,64.59100869999997],[-52.0,64.5915],[-52.0,64.59383209999999],[-52.0,64.59590530000003],[-52.0,64.5972433],[-52.0,64.6063198],[-52.0,64.6129272],[-52.0,64.61553270000002],[-52.0,64.61739740000002],[-52.0,64.61943450000001],[-52.0,64.61960649999997],[-52.0,64.62077640000001],[-52.0,64.62167219999998],[-52.0,64.62458570000001],[-52.0,64.62571589999999],[-52.0,64.62667809999999],[-52.0,64.62772280000002],[-52.0,64.62857480000002],[-52.0,64.629842],[-52.0,64.63261189999997],[-52.0,64.63314459999998],[-52.0,64.63369039999998],[-52.0,64.6342148],[-52.0,64.634503],[-52.0,64.63469329999998],[-52.0,64.63837699999999],[-52.0,64.6386387],[-52.0,64.64102439999999],[-52.0,64.64149479999998],[-52.0,64.6439327],[-52.0,64.64441340000002],[-52.0,64.64449389999999],[-52.0,64.64568400000002],[-52.0,64.64956840000002],[-52.0,64.6540238],[-52.0,64.65478009999998],[-52.0,64.65571560000001],[-52.0,64.65669630000002],[-52.0,64.65727989999999],[-52.0,64.65785410000001],[-52.0,64.65855420000003],[-52.0,64.65995800000002],[-52.0,64.6601746],[-52.0,64.66306259999999],[-52.0,64.66411390000002],[-52.0,64.66507680000001],[-52.0,64.6662695],[-52.0,64.66671910000002],[-52.0,64.66833659999998],[-52.0,64.67013300000002],[-52.0,64.67481709999998],[-52.0,64.67546479999999],[-52.0,64.68175289999999],[-52.0,64.68250510000001],[-52.0,64.6829176],[-52.0,64.68842009999997],[-52.0,64.69103159999997],[-52.0,64.69165190000001],[-52.0,64.69386739999999],[-52.0,64.69639719999998],[-52.0,64.70129120000001],[-52.0,64.70315269999998],[-52.0,64.70588020000002],[-52.0,64.70804299999998],[-52.0,64.70926079999998],[-52.0,64.71148390000002],[-52.0,64.71478680000001],[-52.0,64.71760819999997],[-52.0,64.71826600000003],[-52.0,64.71903809999998],[-52.0,64.71967419999999],[-52.0,64.72122869999998],[-52.0,64.72197469999998],[-52.0,64.7236509],[-52.0,64.72457179999998],[-52.0,64.72550910000001],[-52.0,64.72586960000001],[-52.0,64.7335177],[-52.0,64.74816090000002],[-52.0,64.74888859999999],[-52.0,64.75084450000003],[-52.0,64.75152020000002],[-52.0,64.75280240000001],[-52.0,64.75283689999998],[-52.0,64.75517769999999],[-52.0,64.75577929999997],[-52.0,64.75885290000002],[-52.0,64.76136450000001],[-52.0,64.76160040000002],[-52.0,64.76201630000003],[-52.0,64.76348330000002],[-52.0,64.77359689999997],[-52.0,64.77397259999998],[-52.0,64.77511370000002],[-52.0,64.7759815],[-52.0,64.7765784],[-52.0,64.77687739999999],[-52.0,64.78362720000001],[-52.0,64.78382970000001],[-52.0,64.78392819999999],[-52.0,64.78437120000001],[-52.0,64.78600970000002],[-52.0,64.78662910000003],[-52.0,64.7873462],[-52.0,64.79009020000001],[-52.0,64.7916194],[-52.0,64.79233920000001],[-52.0,64.79266109999998],[-52.0,64.79489960000001],[-52.0,64.79516899999999],[-52.0,64.79530440000002],[-52.0,64.79923930000001],[-52.0,64.80119050000002],[-52.0,64.8068212],[-52.0,64.8088128],[-52.0,64.80952669999999],[-52.0,64.8106922],[-52.0,64.81226140000001],[-52.0,64.81229689999998],[-52.0,64.8124947],[-52.0,64.81324130000002],[-52.0,64.8134657],[-52.0,64.813984],[-52.0,64.81514390000001],[-52.0,64.81570319999997],[-52.0,64.8210479],[-52.0,64.82209440000003],[-52.0,64.82316150000003],[-52.0,64.82512809999997],[-52.0,64.8277483],[-52.0,64.85000789999998],[-52.0,65.0],[-52.32299999999998,65.0],[-52.40833329999998,65.0],[-52.5,65.0],[-52.5,64.5],[-52.245833300000015,64.5]]]]},"properties":{"datasetName":"101DK004BIDQE","edition":1,"update":0,"status":1}},{"type":"Feature","geometry":{"type":"MultiPolygon","coordinates":[[[[-53.5,70.5],[-53.5,71.0],[-54.0,71.0],[-54.0,70.5],[-53.5,70.5]]]]},"properties":{"datasetName":"101DK004CGDKE","edition":1,"update":0,"status":4}},{"type":"Feature","geometry":{"type":"MultiPolygon","coordinates":[[[[-52.0,71.0],[-52.0,71.5],[-52.5,71.5],[-52.5,71.0],[-52.0,71.0]]]]},"properties":{"datasetName":"101DK004CIDQE","edition":1,"update":0,"status":4}},{"type":"Feature","geometry":{"type":"MultiPolygon","coordinates":[[[[11.5,54.0],[11.5,54.47018200000002],[11.5,54.5],[11.437934700000028,54.5],[11.0,54.5],[11.0,54.0],[11.5,54.0]]]]},"properties":{"datasetName":"101DK0040145E","edition":1,"update":0,"status":3}},{"type":"Feature","geometry":{"type":"MultiPolygon","coordinates":[[[[11.5,56.5],[11.5,57.0],[11.0,57.0],[11.0,56.5],[11.5,56.5]]]]},"properties":{"datasetName":"101DK0041145E","edition":1,"update":0,"status":3}},{"type":"Feature","geometry":{"type":"MultiPolygon","coordinates":[[[[-51.5,68.5],[-51.5,68.5692608],[-51.5,69.0],[-52.0,69.0],[-52.0,68.5],[-51.5,68.5]]]]},"properties":{"datasetName":"101DK004BYDSE","edition":1,"update":0,"status":4}},{"type":"Feature","geometry":{"type":"MultiPolygon","coordinates":[[[[-51.48658449999999,70.5],[-51.48638979999998,70.5],[-51.37755420000002,70.5],[-51.36629799999997,70.5],[-51.3042547,70.5],[-51.22531129999999,70.5],[-51.17993250000001,70.5],[-51.03643469999997,70.5],[-51.00131160000001,70.5],[-51.0,70.5],[-51.0,70.50060430000002],[-51.0,70.5293102],[-51.0,70.59940660000001],[-51.0,70.6014323],[-51.0,70.6215469],[-51.0,70.6712],[-51.0,70.76213130000002],[-51.0,70.7800805],[-51.0,70.78164240000001],[-51.0,70.782555],[-51.0,70.78451999999999],[-51.0,70.78616699999998],[-51.0,70.7884785],[-51.0,70.78972069999998],[-51.0,70.85145169999998],[-51.0,70.8666],[-51.0,70.97836669999998],[-51.0,71.0],[-51.39440000000002,71.0],[-51.5,71.0],[-51.5,70.92700000000002],[-51.5,70.90019640000003],[-51.5,70.89484060000001],[-51.5,70.8891165],[-51.5,70.8881321],[-51.5,70.8881313],[-51.5,70.8856781],[-51.5,70.87443660000002],[-51.5,70.8689751],[-51.5,70.86702550000001],[-51.5,70.86294120000002],[-51.5,70.86293710000001],[-51.5,70.84894279999997],[-51.5,70.82320149999998],[-51.5,70.82318859999998],[-51.5,70.8083719],[-51.5,70.80699429999999],[-51.5,70.80579080000001],[-51.5,70.802641],[-51.5,70.79913249999998],[-51.5,70.67241439999998],[-51.5,70.6529845],[-51.5,70.56626119999999],[-51.5,70.52961390000002],[-51.5,70.512676],[-51.5,70.5],[-51.48658449999999,70.5]]]]},"properties":{"datasetName":"101DK004CGDUE","edition":1,"update":0,"status":1}},{"type":"Feature","geometry":{"type":"MultiPolygon","coordinates":[[[[-45.9956277,60.5],[-45.99234339999998,60.5],[-45.92857140000001,60.5],[-45.900719400000014,60.5],[-45.89284700000002,60.5],[-45.892595700000015,60.5],[-45.87545499999999,60.5],[-45.857142899999985,60.5],[-45.8356086,60.5],[-45.81802440000001,60.5],[-45.75134159999999,60.5],[-45.734848399999976,60.5],[-45.714285700000005,60.5],[-45.642857100000015,60.5],[-45.62582409999999,60.5],[-45.54078340000001,60.5],[-45.5376043,60.5],[-45.53599650000001,60.5],[-45.53424419999999,60.5],[-45.53149000000002,60.5],[-45.528021799999976,60.5],[-45.50299580000001,60.5],[-45.5,60.5],[-45.5,60.501752099999976],[-45.5,60.50554349999999],[-45.5,60.51588370000002],[-45.5,60.522007299999984],[-45.5,60.525141399999995],[-45.5,60.53813109999999],[-45.5,60.5590224],[-45.5,60.56737620000001],[-45.5,60.57080669999999],[-45.5,60.5726396],[-45.5,60.573004000000026],[-45.5,60.5745],[-45.5,60.712786600000015],[-45.5,60.82993379999999],[-45.5,60.83509040000001],[-45.5,60.83646620000002],[-45.5,60.83713749999998],[-45.5,60.83863869999999],[-45.5,60.84112060000001],[-45.5,60.842729599999984],[-45.5,60.858286899999996],[-45.5,60.861196800000016],[-45.5,60.862879599999985],[-45.5,60.86377679999998],[-45.5,60.8640049],[-45.5,60.86480089999998],[-45.5,60.97783939999999],[-45.5,60.9791889],[-45.5,60.97946569999999],[-45.5,60.981185400000015],[-45.5,60.98474859999999],[-45.5,60.99088649999999],[-45.5,60.993218300000024],[-45.5,60.995382000000006],[-45.5,61.0],[-45.50504990000002,61.0],[-45.52025259999999,61.0],[-45.6158461,61.0],[-45.6175068,61.0],[-45.61868240000001,61.0],[-45.6202045,61.0],[-45.6212802,61.0],[-45.62319639999998,61.0],[-45.94433329999998,61.0],[-45.94488439999998,61.0],[-45.94545210000001,61.0],[-45.9464021,61.0],[-45.947414700000024,61.0],[-45.94797649999998,61.0],[-45.948597800000016,61.0],[-45.94929860000002,61.0],[-45.94989629999998,61.0],[-45.95036349999998,61.0],[-45.950828100000024,61.0],[-45.95129020000002,61.0],[-45.95174969999999,61.0],[-45.95223979999997,61.0],[-45.9526616,61.0],[-45.953960300000006,61.0],[-45.95533690000002,61.0],[-45.956202700000006,61.0],[-45.95678950000001,61.0],[-45.957987100000025,61.0],[-45.958963400000016,61.0],[-45.960319700000014,61.0],[-45.96146040000002,61.0],[-45.96237810000002,61.0],[-45.963149699999974,61.0],[-45.96392780000002,61.0],[-45.964694699999995,61.0],[-45.9657105,61.0],[-45.96698420000001,61.0],[-45.968023200000005,61.0],[-45.96904669999998,61.0],[-45.970625900000016,61.0],[-45.9722936,61.0],[-45.9723242,61.0],[-45.97398079999999,61.0],[-45.9763423,61.0],[-45.978735400000005,61.0],[-45.98026659999999,61.0],[-45.9816634,61.0],[-45.98253399999999,61.0],[-45.98356030000002,61.0],[-45.98435439999997,61.0],[-45.98469499999999,61.0],[-45.985156399999994,61.0],[-45.9851572,61.0],[-46.0,61.0],[-46.0,60.994836599999985],[-46.0,60.99459200000001],[-46.0,60.99441189999999],[-46.0,60.994142599999975],[-46.0,60.993877399999974],[-46.0,60.99363890000001],[-46.0,60.9933997],[-46.0,60.99318549999998],[-46.0,60.99294609999998],[-46.0,60.992378099999996],[-46.0,60.9918619],[-46.0,60.99142649999999],[-46.0,60.99109379999999],[-46.0,60.99078209999999],[-46.0,60.990356899999995],[-46.0,60.98968289999999],[-46.0,60.98888049999999],[-46.0,60.988763800000015],[-46.0,60.988699],[-46.0,60.98842130000003],[-46.0,60.98825629999999],[-46.0,60.98797999999999],[-46.0,60.98763730000002],[-46.0,60.987276099999974],[-46.0,60.98692460000001],[-46.0,60.98654349999998],[-46.0,60.98617389999998],[-46.0,60.98581760000002],[-46.0,60.98535079999999],[-46.0,60.98486609999998],[-46.0,60.98036109999998],[-46.0,60.98028310000001],[-46.0,60.9798955],[-46.0,60.97938119999998],[-46.0,60.97888599999999],[-46.0,60.97673379999998],[-46.0,60.975969299999974],[-46.0,60.97585809999998],[-46.0,60.97413519999998],[-46.0,60.97293860000002],[-46.0,60.97204740000001],[-46.0,60.969717100000025],[-46.0,60.968938700000024],[-46.0,60.9679701],[-46.0,60.967105300000014],[-46.0,60.96644600000002],[-46.0,60.96628759999999],[-46.0,60.96569549999998],[-46.0,60.965095700000006],[-46.0,60.964398700000004],[-46.0,60.963592199999994],[-46.0,60.96291980000001],[-46.0,60.962367900000004],[-46.0,60.9618466],[-46.0,60.961181599999975],[-46.0,60.9605105],[-46.0,60.95974480000001],[-46.0,60.95856259999999],[-46.0,60.956639300000006],[-46.0,60.95628549999998],[-46.0,60.95588759999998],[-46.0,60.95461849999998],[-46.0,60.9536023],[-46.0,60.95264450000002],[-46.0,60.9522968],[-46.0,60.95137890000001],[-46.0,60.95018299999998],[-46.0,60.948398399999974],[-46.0,60.94825270000001],[-46.0,60.947813],[-46.0,60.94663489999999],[-46.0,60.945601099999976],[-46.0,60.94487600000002],[-46.0,60.944354299999986],[-46.0,60.94402760000003],[-46.0,60.94369560000001],[-46.0,60.942508499999974],[-46.0,60.94148610000002],[-46.0,60.9407544],[-46.0,60.94038119999999],[-46.0,60.94001220000001],[-46.0,60.939514599999995],[-46.0,60.93910970000002],[-46.0,60.93860319999999],[-46.0,60.9383052],[-46.0,60.937858300000016],[-46.0,60.937475199999994],[-46.0,60.93696590000002],[-46.0,60.9359948],[-46.0,60.93450710000002],[-46.0,60.934039299999995],[-46.0,60.9335059],[-46.0,60.93264529999999],[-46.0,60.93062279999998],[-46.0,60.929625199999975],[-46.0,60.929006300000026],[-46.0,60.92846259999999],[-46.0,60.927944500000024],[-46.0,60.9276246],[-46.0,60.927487600000006],[-46.0,60.92699060000001],[-46.0,60.92685940000001],[-46.0,60.9266427],[-46.0,60.926215300000024],[-46.0,60.9256135],[-46.0,60.92496990000001],[-46.0,60.92413099999999],[-46.0,60.92273990000001],[-46.0,60.921898399999975],[-46.0,60.921029499999975],[-46.0,60.9200472],[-46.0,60.91932880000002],[-46.0,60.91859119999998],[-46.0,60.91792909999998],[-46.0,60.91780779999999],[-46.0,60.91717349999999],[-46.0,60.9167248],[-46.0,60.91631460000002],[-46.0,60.916068199999984],[-46.0,60.915819899999974],[-46.0,60.91562649999997],[-46.0,60.9154269],[-46.0,60.91518930000001],[-46.0,60.91494080000001],[-46.0,60.9147256],[-46.0,60.9145082],[-46.0,60.91432839999999],[-46.0,60.91410430000002],[-46.0,60.913747899999976],[-46.0,60.91336530000001],[-46.0,60.913056900000015],[-46.0,60.912706800000024],[-46.0,60.91238290000001],[-46.0,60.912105800000006],[-46.0,60.91182930000002],[-46.0,60.911460499999976],[-46.0,60.91106330000002],[-46.0,60.91050469999999],[-46.0,60.909925799999996],[-46.0,60.90817870000001],[-46.0,60.90654669999998],[-46.0,60.905834200000015],[-46.0,60.9051159],[-46.0,60.90443060000001],[-46.0,60.904171599999984],[-46.0,60.90393610000001],[-46.0,60.90374320000001],[-46.0,60.90344540000001],[-46.0,60.90063950000001],[-46.0,60.89850819999998],[-46.0,60.89714559999999],[-46.0,60.89621349999999],[-46.0,60.88841200000002],[-46.0,60.88762350000002],[-46.0,60.886859800000025],[-46.0,60.88652730000001],[-46.0,60.886157500000024],[-46.0,60.88599829999998],[-46.0,60.88571000000002],[-46.0,60.88550980000002],[-46.0,60.884849900000006],[-46.0,60.884425599999986],[-46.0,60.88411880000001],[-46.0,60.88379170000002],[-46.0,60.88345829999997],[-46.0,60.883155199999976],[-46.0,60.8826545],[-46.0,60.88238639999997],[-46.0,60.8815285],[-46.0,60.88059579999998],[-46.0,60.88007520000002],[-46.0,60.879495899999995],[-46.0,60.87923970000003],[-46.0,60.87919520000003],[-46.0,60.879017999999974],[-46.0,60.878545900000006],[-46.0,60.878369599999985],[-46.0,60.87809800000002],[-46.0,60.877734299999986],[-46.0,60.877357200000006],[-46.0,60.876723500000026],[-46.0,60.8760795],[-46.0,60.8753567],[-46.0,60.87478820000001],[-46.0,60.866591099999994],[-46.0,60.86537550000003],[-46.0,60.82808369999998],[-46.0,60.827581399999985],[-46.0,60.827200800000014],[-46.0,60.8266246],[-46.0,60.8260406],[-46.0,60.82534190000001],[-46.0,60.82478099999997],[-46.0,60.822751900000014],[-46.0,60.82205379999999],[-46.0,60.82132419999999],[-46.0,60.820624599999974],[-46.0,60.81984749999998],[-46.0,60.81919670000002],[-46.0,60.818613700000014],[-46.0,60.817437600000005],[-46.0,60.81607530000002],[-46.0,60.815621799999974],[-46.0,60.815486299999975],[-46.0,60.813794599999994],[-46.0,60.81280129999999],[-46.0,60.81188259999999],[-46.0,60.8112615],[-46.0,60.81076839999997],[-46.0,60.81009560000001],[-46.0,60.80933049999999],[-46.0,60.807626400000004],[-46.0,60.806668],[-46.0,60.80564399999997],[-46.0,60.8049163],[-46.0,60.80393609999999],[-46.0,60.801262699999995],[-46.0,60.800758599999995],[-46.0,60.80023640000002],[-46.0,60.799004500000024],[-46.0,60.798110699999995],[-46.0,60.797081100000014],[-46.0,60.79592839999998],[-46.0,60.7959194],[-46.0,60.795599700000025],[-46.0,60.79533329999998],[-46.0,60.79500539999998],[-46.0,60.79385259999998],[-46.0,60.791612499999985],[-46.0,60.788495599999976],[-46.0,60.78720870000001],[-46.0,60.786331200000006],[-46.0,60.78249720000002],[-46.0,60.781404699999996],[-46.0,60.78029950000001],[-46.0,60.778601700000024],[-46.0,60.777646300000015],[-46.0,60.7726667],[-46.0,60.7724791],[-46.0,60.7713809],[-46.0,60.771090800000025],[-46.0,60.770557800000006],[-46.0,60.7645028],[-46.0,60.76224819999999],[-46.0,60.76209799999998],[-46.0,60.761525199999994],[-46.0,60.75753329999998],[-46.0,60.75344260000003],[-46.0,60.7517957],[-46.0,60.749431300000026],[-46.0,60.74880380000002],[-46.0,60.74777610000001],[-46.0,60.7381843],[-46.0,60.73098110000001],[-46.0,60.72292779999998],[-46.0,60.71891790000001],[-46.0,60.71784650000001],[-46.0,60.717379300000005],[-46.0,60.715689499999996],[-46.0,60.713279399999976],[-46.0,60.70890079999998],[-46.0,60.70477269999998],[-46.0,60.70035250000001],[-46.0,60.6969866],[-46.0,60.69634639999998],[-46.0,60.69562389999999],[-46.0,60.69311110000001],[-46.0,60.69246829999997],[-46.0,60.69184200000001],[-46.0,60.69181149999997],[-46.0,60.69135540000002],[-46.0,60.690916000000016],[-46.0,60.69017600000001],[-46.0,60.6892512],[-46.0,60.68616479999997],[-46.0,60.684373100000016],[-46.0,60.683368099999996],[-46.0,60.68273679999999],[-46.0,60.6819648],[-46.0,60.67457889999997],[-46.0,60.674375],[-46.0,60.67149949999998],[-46.0,60.6660612],[-46.0,60.664443000000006],[-46.0,60.66081300000002],[-46.0,60.660425799999985],[-46.0,60.657701299999985],[-46.0,60.654985099999976],[-46.0,60.65416670000002],[-46.0,60.65332269999999],[-46.0,60.653269799999975],[-46.0,60.65276319999998],[-46.0,60.64879769999999],[-46.0,60.64736979999998],[-46.0,60.64589219999999],[-46.0,60.64536029999999],[-46.0,60.644587],[-46.0,60.642051200000026],[-46.0,60.640946299999996],[-46.0,60.63811909999998],[-46.0,60.63658429999998],[-46.0,60.63531879999999],[-46.0,60.63411989999997],[-46.0,60.63357300000001],[-46.0,60.63123539999998],[-46.0,60.629029100000025],[-46.0,60.628749400000004],[-46.0,60.627389600000015],[-46.0,60.626203499999974],[-46.0,60.62524189999999],[-46.0,60.62433390000001],[-46.0,60.62303059999999],[-46.0,60.61811590000002],[-46.0,60.61688190000001],[-46.0,60.61552119999999],[-46.0,60.61372890000001],[-46.0,60.61294370000002],[-46.0,60.61256420000001],[-46.0,60.61237060000002],[-46.0,60.610134500000015],[-46.0,60.60857549999997],[-46.0,60.60478330000001],[-46.0,60.60373770000001],[-46.0,60.601928999999984],[-46.0,60.592568400000005],[-46.0,60.590679799999975],[-46.0,60.58725179999999],[-46.0,60.58613109999999],[-46.0,60.585963400000026],[-46.0,60.582301599999994],[-46.0,60.57705010000001],[-46.0,60.57528500000001],[-46.0,60.5719277],[-46.0,60.57048759999998],[-46.0,60.56830660000003],[-46.0,60.5667057],[-46.0,60.5641516],[-46.0,60.56332930000002],[-46.0,60.5623329],[-46.0,60.561894300000006],[-46.0,60.56027080000001],[-46.0,60.55966219999999],[-46.0,60.55825119999997],[-46.0,60.55708520000002],[-46.0,60.55701850000003],[-46.0,60.556739100000016],[-46.0,60.5553913],[-46.0,60.554896299999996],[-46.0,60.554835000000026],[-46.0,60.552699099999984],[-46.0,60.54824609999997],[-46.0,60.54766699999999],[-46.0,60.5465385],[-46.0,60.546335],[-46.0,60.5436593],[-46.0,60.54295080000003],[-46.0,60.540090599999985],[-46.0,60.53953519999999],[-46.0,60.539392899999996],[-46.0,60.53910509999997],[-46.0,60.53448070000002],[-46.0,60.53267490000002],[-46.0,60.53212830000001],[-46.0,60.52033449999999],[-46.0,60.5191944],[-46.0,60.516811700000005],[-46.0,60.515936099999976],[-46.0,60.51475149999999],[-46.0,60.50953190000001],[-46.0,60.507549299999994],[-46.0,60.5047601],[-46.0,60.504333299999985],[-46.0,60.5],[-45.9956277,60.5]]]]},"properties":{"datasetName":"101DK004ASEQE","edition":1,"update":0,"status":4}},{"type":"Feature","geometry":{"type":"MultiPolygon","coordinates":[[[[10.0,55.0],[10.0,55.5],[9.5,55.5],[9.5,55.0],[10.0,55.0]]]]},"properties":{"datasetName":"101DK0040539E","edition":1,"update":0,"status":3}},{"type":"Feature","geometry":{"type":"MultiPolygon","coordinates":[[[[12.0,54.0],[12.0,54.38185199999998],[12.0,54.5],[11.5,54.5],[11.5,54.47018200000002],[11.5,54.0],[12.0,54.0]]]]},"properties":{"datasetName":"101DK0040147E","edition":1,"update":0,"status":3}},{"type":"Feature","geometry":{"type":"MultiPolygon","coordinates":[[[[12.0,56.5],[12.0,56.69682260000002],[12.0,57.0],[11.760617200000013,57.0],[11.5,57.0],[11.5,56.5],[12.0,56.5]]]]},"properties":{"datasetName":"101DK0041147E","edition":1,"update":0,"status":1}},{"type":"Feature","geometry":{"type":"MultiPolygon","coordinates":[[[[-50.657216800000015,70.5],[-50.651043800000025,70.5],[-50.64769000000001,70.5],[-50.5309992,70.5],[-50.5,70.5],[-50.5,70.7315721],[-50.5,70.73691880000001],[-50.5,71.0],[-50.91034930000001,71.0],[-51.0,71.0],[-51.0,70.97836669999998],[-51.0,70.8666],[-51.0,70.85145890000001],[-51.0,70.85145169999998],[-51.0,70.78972069999998],[-51.0,70.7884785],[-51.0,70.78616699999998],[-51.0,70.78451999999999],[-51.0,70.782555],[-51.0,70.78164240000001],[-51.0,70.78013179999999],[-51.0,70.76213130000002],[-51.0,70.6712],[-51.0,70.6215469],[-51.0,70.6014323],[-51.0,70.59940660000001],[-51.0,70.5293102],[-51.0,70.5],[-50.657216800000015,70.5]]]]},"properties":{"datasetName":"101DK004CGDWE","edition":1,"update":0,"status":4}},{"type":"Feature","geometry":{"type":"MultiPolygon","coordinates":[[[[10.5,56.5],[10.5,57.0],[10.0,57.0],[10.0,56.5],[10.5,56.5]]]]},"properties":{"datasetName":"101DK0041141E","edition":1,"update":0,"status":1}},{"type":"Feature","geometry":{"type":"MultiPolygon","coordinates":[[[[-52.37650000000002,64.0],[-52.34765110000001,64.0],[-52.345800800000006,64.0],[-52.3362133,64.0],[-52.33193890000001,64.0],[-52.322986800000024,64.0],[-52.3057685,64.0],[-52.30576350000001,64.0],[-52.29491280000002,64.0],[-52.28351780000003,64.0],[-52.27916829999998,64.0],[-52.27211920000002,64.0],[-52.26803109999997,64.0],[-52.257212700000025,64.0],[-52.24965689999999,64.0],[-52.24632329999997,64.0],[-52.244535299999995,64.0],[-52.239473299999986,64.0],[-52.22705050000002,64.0],[-52.203722700000014,64.0],[-52.19294559999997,64.0],[-52.19224220000001,64.0],[-52.19213130000003,64.0],[-52.19040380000001,64.0],[-52.141004899999984,64.0],[-52.14011140000002,64.0],[-52.13568220000002,64.0],[-52.135087399999975,64.0],[-52.11040439999999,64.0],[-52.10787850000003,64.0],[-52.097844699999996,64.0],[-52.09551950000002,64.0],[-52.063836200000026,64.0],[-52.05857200000003,64.0],[-52.0414935,64.0],[-52.034733800000026,64.0],[-52.03172000000001,64.0],[-52.026411199999984,64.0],[-52.02377940000002,64.0],[-52.02301360000001,64.0],[-52.01991270000002,64.0],[-52.019105000000025,64.0],[-52.012683200000026,64.0],[-52.00555209999999,64.0],[-52.00140060000001,64.0],[-52.0,64.0],[-52.0,64.0020108],[-52.0,64.0062931],[-52.0,64.00920079999997],[-52.0,64.00971449999997],[-52.0,64.01048109999999],[-52.0,64.01077550000002],[-52.0,64.0211084],[-52.0,64.02194930000002],[-52.0,64.02343339999999],[-52.0,64.02494100000001],[-52.0,64.02662049999998],[-52.0,64.0276293],[-52.0,64.03160009999999],[-52.0,64.03314239999997],[-52.0,64.0333708],[-52.0,64.03521970000003],[-52.0,64.03646509999999],[-52.0,64.03755000000001],[-52.0,64.03900809999999],[-52.0,64.04908949999998],[-52.0,64.052615],[-52.0,64.06272519999999],[-52.0,64.06441519999998],[-52.0,64.07083999999998],[-52.0,64.07231239999999],[-52.0,64.07861689999999],[-52.0,64.0791868],[-52.0,64.07961540000002],[-52.0,64.08238260000002],[-52.0,64.0828821],[-52.0,64.08387320000003],[-52.0,64.08422869999998],[-52.0,64.0868668],[-52.0,64.08776180000001],[-52.0,64.08951660000002],[-52.0,64.0922041],[-52.0,64.09751269999998],[-52.0,64.10091269999998],[-52.0,64.1030811],[-52.0,64.10561360000003],[-52.0,64.10645579999999],[-52.0,64.10850649999998],[-52.0,64.1092382],[-52.0,64.11150629999997],[-52.0,64.11302230000001],[-52.0,64.11424840000001],[-52.0,64.11756279999997],[-52.0,64.12918910000002],[-52.0,64.12991190000002],[-52.0,64.13039509999999],[-52.0,64.13150050000002],[-52.0,64.13165729999997],[-52.0,64.13562639999998],[-52.0,64.14174609999998],[-52.0,64.14397930000001],[-52.0,64.14473450000003],[-52.0,64.148076],[-52.0,64.15274160000001],[-52.0,64.1552016],[-52.0,64.1585561],[-52.0,64.15881830000001],[-52.0,64.16583689999999],[-52.0,64.1704585],[-52.0,64.17581200000001],[-52.0,64.17659079999999],[-52.0,64.17698009999998],[-52.0,64.17791590000002],[-52.0,64.1796769],[-52.0,64.18085960000002],[-52.0,64.18142440000003],[-52.0,64.18261000000001],[-52.0,64.18320110000002],[-52.0,64.1854768],[-52.0,64.185787],[-52.0,64.1863629],[-52.0,64.18718940000002],[-52.0,64.18755140000002],[-52.0,64.18846730000001],[-52.0,64.19813629999999],[-52.0,64.19852229999998],[-52.0,64.20150000000001],[-52.0,64.5],[-52.0783333,64.5],[-52.1071877,64.5],[-52.1081198,64.5],[-52.10825940000001,64.5],[-52.10961739999999,64.5],[-52.11127349999998,64.5],[-52.11332299999998,64.5],[-52.12978659999999,64.5],[-52.13018249999999,64.5],[-52.1306184,64.5],[-52.13112610000002,64.5],[-52.133679900000004,64.5],[-52.14373840000002,64.5],[-52.14721309999999,64.5],[-52.14884619999998,64.5],[-52.150136799999984,64.5],[-52.153136700000005,64.5],[-52.154239200000006,64.5],[-52.15442139999999,64.5],[-52.15823660000001,64.5],[-52.181616099999985,64.5],[-52.18435340000002,64.5],[-52.2032231,64.5],[-52.20371130000001,64.5],[-52.2039499,64.5],[-52.20470399999999,64.5],[-52.20507450000002,64.5],[-52.206882699999994,64.5],[-52.208841500000005,64.5],[-52.20956749999999,64.5],[-52.21032389999999,64.5],[-52.21364440000002,64.5],[-52.245833300000015,64.5],[-52.5,64.5],[-52.5,64.0],[-52.37650000000002,64.0]]]]},"properties":{"datasetName":"101DK004BGDQE","edition":1,"update":0,"status":1}},{"type":"Feature","geometry":{"type":"MultiPolygon","coordinates":[[[[-52.25,70.5],[-52.0,70.5],[-52.0,70.54363790000002],[-52.0,70.54562240000001],[-52.0,70.5488775],[-52.0,70.6812941],[-52.0,70.68130129999997],[-52.0,70.686148],[-52.0,70.78276440000002],[-52.0,70.78286750000001],[-52.0,70.8095803],[-52.0,70.81086720000002],[-52.0,70.81217090000001],[-52.0,70.8122813],[-52.0,70.813084],[-52.0,70.81336629999998],[-52.0,70.83195310000002],[-52.0,70.86036460000003],[-52.0,70.86192460000001],[-52.0,70.86288180000003],[-52.0,70.86349999999999],[-52.0,70.86350099999999],[-52.0,70.86737640000001],[-52.0,70.97452929999997],[-52.0,70.97514100000001],[-52.0,70.99265810000003],[-52.0,70.99267709999998],[-52.0,71.0],[-52.03621989999999,71.0],[-52.07139110000003,71.0],[-52.10944519999998,71.0],[-52.114537799999994,71.0],[-52.11600170000003,71.0],[-52.16708219999998,71.0],[-52.185669099999984,71.0],[-52.196442400000024,71.0],[-52.203361599999994,71.0],[-52.20687290000001,71.0],[-52.2100092,71.0],[-52.2161883,71.0],[-52.2321465,71.0],[-52.238653,71.0],[-52.25,71.0],[-52.300240099999996,71.0],[-52.3171691,71.0],[-52.31986790000002,71.0],[-52.32732520000002,71.0],[-52.3307494,71.0],[-52.34268270000001,71.0],[-52.344896000000006,71.0],[-52.38417079999999,71.0],[-52.42796449999997,71.0],[-52.4703902,71.0],[-52.49328250000002,71.0],[-52.5,71.0],[-52.5,70.99469099999999],[-52.5,70.99265350000002],[-52.5,70.98883239999998],[-52.5,70.98296679999999],[-52.5,70.9755336],[-52.5,70.97066740000002],[-52.5,70.96920890000001],[-52.5,70.96382290000003],[-52.5,70.9596755],[-52.5,70.952358],[-52.5,70.95068959999998],[-52.5,70.84115750000001],[-52.5,70.8389545],[-52.5,70.83163009999998],[-52.5,70.786948],[-52.5,70.77678750000001],[-52.5,70.74423560000002],[-52.5,70.73993610000002],[-52.5,70.73725940000003],[-52.5,70.72788639999999],[-52.5,70.72734259999999],[-52.5,70.71453939999998],[-52.5,70.70942539999999],[-52.5,70.70426450000002],[-52.5,70.69516379999999],[-52.5,70.5],[-52.25,70.5]]]]},"properties":{"datasetName":"101DK004CGDQE","edition":1,"update":0,"status":3}},{"type":"Feature","geometry":{"type":"MultiPolygon","coordinates":[[[[-53.49828100000002,67.5],[-53.496926299999984,67.5],[-53.49554710000001,67.5],[-53.49399629999999,67.5],[-53.49258200000003,67.5],[-53.49084269999997,67.5],[-53.48713600000002,67.5],[-53.48369109999999,67.5],[-53.473461799999995,67.5],[-53.4708349,67.5],[-53.467613700000015,67.5],[-53.46501430000001,67.5],[-53.462232400000005,67.5],[-53.46161380000001,67.5],[-53.46086300000002,67.5],[-53.4599192,67.5],[-53.4595468,67.5],[-53.458615099999975,67.5],[-53.457977400000004,67.5],[-53.45716779999998,67.5],[-53.45612799999998,67.5],[-53.45454649999999,67.5],[-53.45221299999997,67.5],[-53.44900180000002,67.5],[-53.44607050000002,67.5],[-53.43904629999997,67.5],[-53.42792220000001,67.5],[-53.41476319999998,67.5],[-53.405081499999994,67.5],[-53.39947590000003,67.5],[-53.39541809999997,67.5],[-53.390398800000014,67.5],[-53.3852675,67.5],[-53.379663100000016,67.5],[-53.3746266,67.5],[-53.368030499999975,67.5],[-53.3664579,67.5],[-53.364636399999995,67.5],[-53.362991799999975,67.5],[-53.36179320000002,67.5],[-53.359952899999996,67.5],[-53.35755119999999,67.5],[-53.3540198,67.5],[-53.351669300000026,67.5],[-53.34996130000002,67.5],[-53.34831079999998,67.5],[-53.347493799999995,67.5],[-53.34626109999999,67.5],[-53.3451948,67.5],[-53.343873099999996,67.5],[-53.34241450000002,67.5],[-53.338974500000006,67.5],[-53.3366173,67.5],[-53.3354645,67.5],[-53.334273499999995,67.5],[-53.33226159999998,67.5],[-53.330550500000015,67.5],[-53.32843869999999,67.5],[-53.323348099999976,67.5],[-53.318798300000026,67.5],[-53.31371360000003,67.5],[-53.3095189,67.5],[-53.305329400000005,67.5],[-53.30107349999997,67.5],[-53.298861199999976,67.5],[-53.29669130000002,67.5],[-53.2545035,67.5],[-53.25358829999999,67.5],[-53.25,67.5],[-53.2484369,67.5],[-53.24402739999999,67.5],[-53.237478899999985,67.5],[-53.234981300000015,67.5],[-53.2313547,67.5],[-53.22720020000003,67.5],[-53.219724600000006,67.5],[-53.2157775,67.5],[-53.21116219999999,67.5],[-53.206584299999975,67.5],[-53.19502010000002,67.5],[-53.19128119999999,67.5],[-53.18939899999998,67.5],[-53.187764800000025,67.5],[-53.18667190000002,67.5],[-53.1855774,67.5],[-53.18440579999998,67.5],[-53.18383540000002,67.5],[-53.18287409999999,67.5],[-53.18173899999999,67.5],[-53.18041959999999,67.5],[-53.18030809999999,67.5],[-53.1784303,67.5],[-53.17671309999997,67.5],[-53.175289299999974,67.5],[-53.174085400000024,67.5],[-53.17271820000002,67.5],[-53.16655800000001,67.5],[-53.16583880000002,67.5],[-53.15728960000001,67.5],[-53.13865079999999,67.5],[-53.13333239999997,67.5],[-53.12682819999998,67.5],[-53.12197759999998,67.5],[-53.1189445,67.5],[-53.11856879999999,67.5],[-53.114522799999975,67.5],[-53.11225619999999,67.5],[-53.11067109999999,67.5],[-53.109273599999995,67.5],[-53.10783459999999,67.5],[-53.10544970000001,67.5],[-53.10317980000002,67.5],[-53.100435000000004,67.5],[-53.09762360000002,67.5],[-53.09443679999998,67.5],[-53.08806550000003,67.5],[-53.08362360000001,67.5],[-53.07986870000002,67.5],[-53.076406399999996,67.5],[-53.0691516,67.5],[-53.06726279999998,67.5],[-53.06571530000002,67.5],[-53.06063999999998,67.5],[-53.05844990000003,67.5],[-53.04852970000002,67.5],[-53.04716669999999,67.5],[-53.0449122,67.5],[-53.04422310000001,67.5],[-53.042338700000016,67.5],[-53.0395527,67.5],[-53.03914809999998,67.5],[-53.03881919999998,67.5],[-53.037957000000006,67.5],[-53.018145000000004,67.5],[-53.01578119999999,67.5],[-53.013636099999985,67.5],[-53.01103310000002,67.5],[-53.00713630000001,67.5],[-53.00313679999999,67.5],[-53.0,67.5],[-53.0,67.50020710000001],[-53.0,67.5004437],[-53.0,67.5007359],[-53.0,67.50111650000002],[-53.0,67.50185570000002],[-53.0,67.50479100000001],[-53.0,67.5065773],[-53.0,67.5081844],[-53.0,67.50903679999999],[-53.0,67.50960880000002],[-53.0,67.51014220000002],[-53.0,67.5106025],[-53.0,67.51093789999999],[-53.0,67.51126640000001],[-53.0,67.51181000000003],[-53.0,67.51259529999999],[-53.0,67.51470640000002],[-53.0,67.5152635],[-53.0,67.51592249999999],[-53.0,67.51648990000001],[-53.0,67.51706130000002],[-53.0,67.51791689999999],[-53.0,67.51860260000001],[-53.0,67.51946750000002],[-53.0,67.52003860000002],[-53.0,67.52080810000001],[-53.0,67.52277450000003],[-53.0,67.52332100000001],[-53.0,67.5241155],[-53.0,67.52549149999999],[-53.0,67.52612629999999],[-53.0,67.5279554],[-53.0,67.52918360000001],[-53.0,67.529877],[-53.0,67.53055970000003],[-53.0,67.5321748],[-53.0,67.53445799999997],[-53.0,67.5358999],[-53.0,67.53862459999999],[-53.0,67.53946079999997],[-53.0,67.54084210000002],[-53.0,67.54208679999999],[-53.0,67.54338519999999],[-53.0,67.5449486],[-53.0,67.54632229999999],[-53.0,67.54745159999999],[-53.0,67.5482078],[-53.0,67.54868570000002],[-53.0,67.54911399999997],[-53.0,67.54946050000001],[-53.0,67.549867],[-53.0,67.55046520000002],[-53.0,67.55144100000001],[-53.0,67.55241840000002],[-53.0,67.55366939999999],[-53.0,67.55598739999999],[-53.0,67.55707699999999],[-53.0,67.55777],[-53.0,67.56309049999999],[-53.0,67.56848280000003],[-53.0,67.56986990000001],[-53.0,67.57156859999998],[-53.0,67.5734635],[-53.0,67.57487359999999],[-53.0,67.57548329999997],[-53.0,67.5760871],[-53.0,67.57651750000002],[-53.0,67.5770751],[-53.0,67.5848441],[-53.0,67.58637549999997],[-53.0,67.58686360000002],[-53.0,67.587131],[-53.0,67.5872728],[-53.0,67.5874801],[-53.0,67.58772920000001],[-53.0,67.58803690000002],[-53.0,67.58865650000001],[-53.0,67.58918219999998],[-53.0,67.58962730000002],[-53.0,67.58992940000002],[-53.0,67.59017849999998],[-53.0,67.59040770000001],[-53.0,67.59068339999999],[-53.0,67.5909613],[-53.0,67.59126839999999],[-53.0,67.59171329999998],[-53.0,67.59253210000003],[-53.0,67.59459450000003],[-53.0,67.59837219999997],[-53.0,67.59954160000001],[-53.0,67.59974840000001],[-53.0,67.60017110000001],[-53.0,67.60032159999997],[-53.0,67.60198839999998],[-53.0,67.60813730000001],[-53.0,67.61349580000001],[-53.0,67.614596],[-53.0,67.61606260000002],[-53.0,67.61606269999999],[-53.0,67.61662489999998],[-53.0,67.61770080000002],[-53.0,67.61920079999999],[-53.0,67.62029810000001],[-53.0,67.62166889999997],[-53.0,67.62247150000002],[-53.0,67.62452359999997],[-53.0,67.6257215],[-53.0,67.6264976],[-53.0,67.62703149999999],[-53.0,67.62761929999999],[-53.0,67.62813549999998],[-53.0,67.6291903],[-53.0,67.6300172],[-53.0,67.6306654],[-53.0,67.63110230000001],[-53.0,67.63158199999998],[-53.0,67.6322389],[-53.0,67.63527340000002],[-53.0,67.63577509999999],[-53.0,67.6361245],[-53.0,67.63640379999998],[-53.0,67.63816830000002],[-53.0,67.63849909999999],[-53.0,67.63876269999997],[-53.0,67.63909289999998],[-53.0,67.6394464],[-53.0,67.6410568],[-53.0,67.6414891],[-53.0,67.64193340000003],[-53.0,67.6428075],[-53.0,67.64432169999998],[-53.0,67.64493379999999],[-53.0,67.64589469999999],[-53.0,67.64610779999998],[-53.0,67.64632469999998],[-53.0,67.64661960000001],[-53.0,67.64699919999998],[-53.0,67.64719600000001],[-53.0,67.64741099999998],[-53.0,67.65356480000003],[-53.0,67.65370289999998],[-53.0,67.65401129999998],[-53.0,67.65472460000001],[-53.0,67.65497690000001],[-53.0,67.65517310000001],[-53.0,67.66358960000002],[-53.0,67.66521469999998],[-53.0,67.6674463],[-53.0,67.66905009999999],[-53.0,67.6695307],[-53.0,67.66985779999999],[-53.0,67.67016280000001],[-53.0,67.67060359999999],[-53.0,67.6712149],[-53.0,67.67314549999998],[-53.0,67.67411049999998],[-53.0,67.67591650000003],[-53.0,67.67640560000001],[-53.0,67.67684079999998],[-53.0,67.67908519999997],[-53.0,67.67974700000002],[-53.0,67.68030490000001],[-53.0,67.68127870000001],[-53.0,67.68210540000001],[-53.0,67.68293260000002],[-53.0,67.68519070000002],[-53.0,67.6910388],[-53.0,67.69128649999999],[-53.0,67.69388279999998],[-53.0,67.69403369999998],[-53.0,67.69731130000002],[-53.0,67.69892420000002],[-53.0,67.7007964],[-53.0,67.70266299999997],[-53.0,67.70419570000001],[-53.0,67.7050031],[-53.0,67.7058098],[-53.0,67.70714240000001],[-53.0,67.70869440000001],[-53.0,67.71491709999998],[-53.0,67.71702119999998],[-53.0,67.71703639999998],[-53.0,67.71750809999998],[-53.0,67.71804509999998],[-53.0,67.71858220000001],[-53.0,67.71908560000003],[-53.0,67.71909849999997],[-53.0,67.71911920000002],[-53.0,67.7196563],[-53.0,67.7201933],[-53.0,67.720214],[-53.0,67.72024019999998],[-53.0,67.72073039999998],[-53.0,67.72126750000001],[-53.0,67.72180450000002],[-53.0,67.7223416],[-53.0,67.7228786],[-53.0,67.72341569999998],[-53.0,67.72395269999998],[-53.0,67.72448980000001],[-53.0,67.72502689999999],[-53.0,67.7255639],[-53.0,67.72610100000003],[-53.0,67.72663799999998],[-53.0,67.72717510000001],[-53.0,67.72771210000002],[-53.0,67.7282492],[-53.0,67.72878630000002],[-53.0,67.72932329999998],[-53.0,67.7298604],[-53.0,67.73039740000002],[-53.0,67.73093449999999],[-53.0,67.7314715],[-53.0,67.73200859999997],[-53.0,67.7325457],[-53.0,67.73308270000001],[-53.0,67.73361979999999],[-53.0,67.7341568],[-53.0,67.73469390000002],[-53.0,67.73523089999998],[-53.0,67.73576800000001],[-53.0,67.73630509999998],[-53.0,67.73684209999999],[-53.0,67.73737920000002],[-53.0,67.73791619999997],[-53.0,67.7384533],[-53.0,67.73899030000001],[-53.0,67.73952739999999],[-53.0,67.74006450000002],[-53.0,67.74060150000003],[-53.0,67.7411386],[-53.0,67.74167560000001],[-53.0,67.74221269999998],[-53.0,67.74274969999999],[-53.0,67.74328680000002],[-53.0,67.7438239],[-53.0,67.7443609],[-53.0,67.74489799999998],[-53.0,67.74543499999999],[-53.0,67.74597210000002],[-53.0,67.74650910000003],[-53.0,67.7470462],[-53.0,67.74758320000001],[-53.0,67.74812029999998],[-53.0,67.74865740000001],[-53.0,67.74891539999999],[-53.0,67.74892290000003],[-53.0,67.74919440000002],[-53.0,67.7497315],[-53.0,67.7502685],[-53.0,67.75060159999998],[-53.0,67.75060630000002],[-53.0,67.75080559999998],[-53.0,67.75134259999999],[-53.0,67.75175239999999],[-53.0,67.75175969999998],[-53.0,67.75187970000002],[-53.0,67.75204400000001],[-53.0,67.75204409999998],[-53.0,67.75428629999999],[-53.0,67.7550286],[-53.0,67.7564501],[-53.0,67.75812000000002],[-53.0,67.76033180000002],[-53.0,67.76279670000002],[-53.0,67.7662747],[-53.0,67.7679703],[-53.0,67.76851870000002],[-53.0,67.78059159999998],[-53.0,67.78141959999999],[-53.0,67.78488060000001],[-53.0,67.7853197],[-53.0,67.78840300000002],[-53.0,67.789151],[-53.0,67.7896958],[-53.0,67.79036359999998],[-53.0,67.79068230000001],[-53.0,67.79109039999997],[-53.0,67.7914126],[-53.0,67.7920138],[-53.0,67.79345590000003],[-53.0,67.79511550000001],[-53.0,67.7957505],[-53.0,67.79649920000003],[-53.0,67.79724800000002],[-53.0,67.79837600000002],[-53.0,67.79907109999999],[-53.0,67.7995252],[-53.0,67.80001629999998],[-53.0,67.80093440000002],[-53.0,67.8036515],[-53.0,67.80524889999998],[-53.0,67.80572139999998],[-53.0,67.80611379999999],[-53.0,67.80727430000002],[-53.0,67.8104358],[-53.0,67.81121589999998],[-53.0,67.81272259999997],[-53.0,67.81323520000001],[-53.0,67.813895],[-53.0,67.81497259999998],[-53.0,67.81568579999998],[-53.0,67.81682819999997],[-53.0,67.8173888],[-53.0,67.81803079999997],[-53.0,67.82052299999998],[-53.0,67.8205256],[-53.0,67.8209041],[-53.0,67.8212858],[-53.0,67.82160399999998],[-53.0,67.82174090000001],[-53.0,67.82201759999998],[-53.0,67.82272339999997],[-53.0,67.82390939999999],[-53.0,67.82554499999998],[-53.0,67.82691089999997],[-53.0,67.82753980000001],[-53.0,67.8293175],[-53.0,67.83053239999998],[-53.0,67.8311617],[-53.0,67.83758019999999],[-53.0,67.8379349],[-53.0,67.84240199999999],[-53.0,67.84312],[-53.0,67.84355979999998],[-53.0,67.84428220000001],[-53.0,67.8447256],[-53.0,67.84550059999998],[-53.0,67.84672130000001],[-53.0,67.84698170000001],[-53.0,67.8472337],[-53.0,67.84806120000002],[-53.0,67.84956290000002],[-53.0,67.85037319999998],[-53.0,67.85195140000002],[-53.0,67.8528445],[-53.0,67.85366859999999],[-53.0,67.855189],[-53.0,67.85669819999998],[-53.0,67.85862279999998],[-53.0,67.860931],[-53.0,67.86289140000002],[-53.0,67.86394339999998],[-53.0,67.86534990000001],[-53.0,67.86721340000003],[-53.0,67.86939130000002],[-53.0,67.87005069999998],[-53.0,67.87067730000001],[-53.0,67.87120670000002],[-53.0,67.87228859999999],[-53.0,67.87433299999998],[-53.0,67.87464130000001],[-53.0,67.87831069999999],[-53.0,67.88094569999998],[-53.0,67.88109960000003],[-53.0,67.88247890000002],[-53.0,67.88254169999999],[-53.0,67.88322099999999],[-53.0,67.88392900000002],[-53.0,67.88429869999999],[-53.0,67.88563160000001],[-53.0,67.88610770000003],[-53.0,67.88657549999999],[-53.0,67.88991440000001],[-53.0,67.8910237],[-53.0,67.89256549999999],[-53.0,67.89304779999998],[-53.0,67.89336639999999],[-53.0,67.89378690000001],[-53.0,67.89454610000001],[-53.0,67.89584980000001],[-53.0,67.89813040000001],[-53.0,67.8985902],[-53.0,67.90007750000001],[-53.0,67.901837],[-53.0,67.90420210000002],[-53.0,67.90654719999998],[-53.0,67.90766810000002],[-53.0,67.90840509999998],[-53.0,67.9086221],[-53.0,67.91055219999998],[-53.0,67.91082979999999],[-53.0,67.91249699999997],[-53.0,67.91353809999998],[-53.0,67.9158117],[-53.0,67.91648140000001],[-53.0,67.91822669999999],[-53.0,67.92090339999999],[-53.0,67.9219114],[-53.0,67.92302539999997],[-53.0,67.92361],[-53.0,67.92361010000002],[-53.0,67.9239197],[-53.0,67.92596750000001],[-53.0,67.9269109],[-53.0,67.92724199999998],[-53.0,67.92756509999998],[-53.0,67.92779710000002],[-53.0,67.92804949999999],[-53.0,67.92880839999998],[-53.0,67.92947950000001],[-53.0,67.93067969999998],[-53.0,67.93117710000001],[-53.0,67.93158629999999],[-53.0,67.9338419],[-53.0,67.93442590000001],[-53.0,67.9347553],[-53.0,67.93538569999998],[-53.0,67.93686439999999],[-53.0,67.93879170000002],[-53.0,67.93951879999997],[-53.0,67.94099410000001],[-53.0,67.9430815],[-53.0,67.9437107],[-53.0,67.94696699999997],[-53.0,67.94763599999999],[-53.0,67.95179180000002],[-53.0,67.95187700000002],[-53.0,67.9553085],[-53.0,67.95802809999998],[-53.0,67.95906930000001],[-53.0,67.95973090000001],[-53.0,67.96118990000002],[-53.0,67.96172580000001],[-53.0,67.96252199999998],[-53.0,67.9638205],[-53.0,67.96519430000001],[-53.0,67.96613070000001],[-53.0,67.96658230000003],[-53.0,67.96836610000003],[-53.0,67.96898440000001],[-53.0,67.96966270000001],[-53.0,67.97029140000001],[-53.0,67.971112],[-53.0,67.97229859999999],[-53.0,67.97702720000001],[-53.0,67.97750029999997],[-53.0,67.97807180000001],[-53.0,67.97921179999997],[-53.0,67.97979049999998],[-53.0,67.97980610000002],[-53.0,67.98239109999997],[-53.0,67.9825126],[-53.0,67.98301900000001],[-53.0,67.98402529999998],[-53.0,67.98477789999998],[-53.0,67.98501279999999],[-53.0,67.98568239999997],[-53.0,67.98621939999998],[-53.0,67.98749780000003],[-53.0,67.99186049999997],[-53.0,67.9944577],[-53.0,67.99846710000003],[-53.0,68.0],[-53.00624640000001,68.0],[-53.010659499999974,68.0],[-53.02840709999998,68.0],[-53.03666759999999,68.0],[-53.04548060000002,68.0],[-53.05071650000002,68.0],[-53.05231300000003,68.0],[-53.05397620000002,68.0],[-53.0559576,68.0],[-53.058844299999976,68.0],[-53.06461949999999,68.0],[-53.0674654,68.0],[-53.07612999999998,68.0],[-53.07824649999998,68.0],[-53.08131880000002,68.0],[-53.08763690000001,68.0],[-53.09268400000002,68.0],[-53.10233169999998,68.0],[-53.104074500000024,68.0],[-53.110571400000026,68.0],[-53.12153119999999,68.0],[-53.12300160000001,68.0],[-53.13003359999999,68.0],[-53.13152960000002,68.0],[-53.136686199999986,68.0],[-53.138231700000006,68.0],[-53.13951900000001,68.0],[-53.1421651,68.0],[-53.14748270000001,68.0],[-53.15315750000002,68.0],[-53.15900290000002,68.0],[-53.16262790000002,68.0],[-53.168240500000024,68.0],[-53.17399230000001,68.0],[-53.1756039,68.0],[-53.17791820000002,68.0],[-53.188014399999986,68.0],[-53.19252089999998,68.0],[-53.20666010000002,68.0],[-53.229163099999994,68.0],[-53.23437430000001,68.0],[-53.23850440000001,68.0],[-53.244505100000026,68.0],[-53.2473129,68.0],[-53.25,68.0],[-53.25516590000001,68.0],[-53.25756569999999,68.0],[-53.2591893,68.0],[-53.26130010000003,68.0],[-53.26774790000002,68.0],[-53.26782909999997,68.0],[-53.2685965,68.0],[-53.268680500000016,68.0],[-53.27343569999999,68.0],[-53.27637299999998,68.0],[-53.276374299999986,68.0],[-53.28099559999998,68.0],[-53.28100060000003,68.0],[-53.28154669999998,68.0],[-53.28155140000001,68.0],[-53.281809099999975,68.0],[-53.28219519999999,68.0],[-53.282595800000024,68.0],[-53.28260510000001,68.0],[-53.28390009999998,68.0],[-53.28394429999997,68.0],[-53.2897375,68.0],[-53.2897509,68.0],[-53.2927904,68.0],[-53.292824199999984,68.0],[-53.29404169999998,68.0],[-53.297015499999986,68.0],[-53.29884579999998,68.0],[-53.30018740000003,68.0],[-53.30082650000003,68.0],[-53.30136809999999,68.0],[-53.30864559999998,68.0],[-53.31472280000003,68.0],[-53.320567700000026,68.0],[-53.32312689999998,68.0],[-53.32466099999999,68.0],[-53.32506619999998,68.0],[-53.327675399999976,68.0],[-53.3382838,68.0],[-53.34010319999999,68.0],[-53.341387699999984,68.0],[-53.362160200000005,68.0],[-53.36611019999998,68.0],[-53.371855400000015,68.0],[-53.380500100000006,68.0],[-53.3887661,68.0],[-53.38941849999998,68.0],[-53.39151099999998,68.0],[-53.400420999999994,68.0],[-53.433674499999995,68.0],[-53.43940199999997,68.0],[-53.454828599999985,68.0],[-53.45822900000002,68.0],[-53.459772799999996,68.0],[-53.46672539999997,68.0],[-53.47404390000003,68.0],[-53.475626499999976,68.0],[-53.4813097,68.0],[-53.488587199999984,68.0],[-53.48899269999998,68.0],[-53.5,68.0],[-53.5,67.995654],[-53.5,67.96955480000003],[-53.5,67.96880709999999],[-53.5,67.9677284],[-53.5,67.96699560000002],[-53.5,67.96547670000001],[-53.5,67.95778810000002],[-53.5,67.95614849999998],[-53.5,67.95560189999998],[-53.5,67.95540970000002],[-53.5,67.9551667],[-53.5,67.95398110000002],[-53.5,67.95357209999997],[-53.5,67.95242630000001],[-53.5,67.95115429999998],[-53.5,67.95025709999999],[-53.5,67.94983509999997],[-53.5,67.9478383],[-53.5,67.94737170000002],[-53.5,67.94534290000001],[-53.5,67.94508150000001],[-53.5,67.94432139999998],[-53.5,67.94353269999999],[-53.5,67.93967479999998],[-53.5,67.92932409999997],[-53.5,67.92690579999999],[-53.5,67.9236292],[-53.5,67.92214000000001],[-53.5,67.9179656],[-53.5,67.91503160000002],[-53.5,67.90987100000001],[-53.5,67.9089702],[-53.5,67.90606969999999],[-53.5,67.90543500000001],[-53.5,67.90410309999999],[-53.5,67.9035925],[-53.5,67.90313959999997],[-53.5,67.89912399999997],[-53.5,67.8987884],[-53.5,67.89765829999999],[-53.5,67.8967558],[-53.5,67.89575980000001],[-53.5,67.89244000000002],[-53.5,67.8911268],[-53.5,67.87439030000002],[-53.5,67.874236],[-53.5,67.86944570000003],[-53.5,67.86943880000001],[-53.5,67.8674044],[-53.5,67.8673503],[-53.5,67.85907379999998],[-53.5,67.85821859999999],[-53.5,67.83741900000001],[-53.5,67.83218720000002],[-53.5,67.82658659999998],[-53.5,67.824183],[-53.5,67.8234736],[-53.5,67.82231339999998],[-53.5,67.81962040000002],[-53.5,67.81732820000002],[-53.5,67.81511510000001],[-53.5,67.8132627],[-53.5,67.8109384],[-53.5,67.80803259999999],[-53.5,67.80497480000002],[-53.5,67.80167469999998],[-53.5,67.80140499999999],[-53.5,67.8011492],[-53.5,67.80070560000001],[-53.5,67.80026750000002],[-53.5,67.79962160000002],[-53.5,67.79815239999999],[-53.5,67.79729129999998],[-53.5,67.79681],[-53.5,67.79598729999998],[-53.5,67.7955437],[-53.5,67.79433239999997],[-53.5,67.79366759999999],[-53.5,67.792192],[-53.5,67.791245],[-53.5,67.79063919999999],[-53.5,67.79017420000002],[-53.5,67.78977040000001],[-53.5,67.78925199999998],[-53.5,67.78798560000001],[-53.5,67.78353379999999],[-53.5,67.7822693],[-53.5,67.78127210000002],[-53.5,67.78032409999997],[-53.5,67.7789952],[-53.5,67.77757930000001],[-53.5,67.77723170000002],[-53.5,67.77606050000003],[-53.5,67.77537710000001],[-53.5,67.7719012],[-53.5,67.77084350000001],[-53.5,67.76801740000002],[-53.5,67.76795229999999],[-53.5,67.76369269999998],[-53.5,67.7634157],[-53.5,67.76085389999997],[-53.5,67.7574836],[-53.5,67.75553059999999],[-53.5,67.75515389999998],[-53.5,67.75443330000002],[-53.5,67.7539825],[-53.5,67.7523301],[-53.5,67.75099540000002],[-53.5,67.75004489999998],[-53.5,67.75],[-53.5,67.74725990000002],[-53.5,67.74648669999999],[-53.5,67.7458603],[-53.5,67.7442939],[-53.5,67.74357600000002],[-53.5,67.73982769999998],[-53.5,67.7380556],[-53.5,67.73755290000003],[-53.5,67.73733019999997],[-53.5,67.73670049999998],[-53.5,67.73625220000002],[-53.5,67.7343257],[-53.5,67.73290109999999],[-53.5,67.7323035],[-53.5,67.73098870000001],[-53.5,67.72763470000001],[-53.5,67.7262541],[-53.5,67.72546599999998],[-53.5,67.72424339999998],[-53.5,67.72356300000001],[-53.5,67.72270270000001],[-53.5,67.72205009999999],[-53.5,67.7212687],[-53.5,67.71966529999997],[-53.5,67.71777100000003],[-53.5,67.71416950000003],[-53.5,67.71213920000002],[-53.5,67.71154660000002],[-53.5,67.71123399999999],[-53.5,67.71080130000001],[-53.5,67.70985940000003],[-53.5,67.70683550000001],[-53.5,67.70419120000003],[-53.5,67.70379860000003],[-53.5,67.70329049999998],[-53.5,67.70177230000002],[-53.5,67.69830510000003],[-53.5,67.69743089999997],[-53.5,67.69663659999998],[-53.5,67.69545820000002],[-53.5,67.69265130000002],[-53.5,67.6920819],[-53.5,67.68891819999999],[-53.5,67.68732540000002],[-53.5,67.68633540000002],[-53.5,67.68525060000002],[-53.5,67.68428460000001],[-53.5,67.68344250000001],[-53.5,67.68192479999999],[-53.5,67.6798258],[-53.5,67.67880680000002],[-53.5,67.67546520000002],[-53.5,67.67408610000001],[-53.5,67.67328220000002],[-53.5,67.67274750000001],[-53.5,67.67204650000002],[-53.5,67.6707705],[-53.5,67.66977680000002],[-53.5,67.66888929999999],[-53.5,67.66837779999997],[-53.5,67.66775619999999],[-53.5,67.6668704],[-53.5,67.66239389999998],[-53.5,67.66137520000001],[-53.5,67.66044190000002],[-53.5,67.6567111],[-53.5,67.65513420000002],[-53.5,67.6532699],[-53.5,67.65247449999998],[-53.5,67.65139210000001],[-53.5,67.65105979999998],[-53.5,67.6497812],[-53.5,67.64747340000002],[-53.5,67.6467629],[-53.5,67.64486440000002],[-53.5,67.62209519999999],[-53.5,67.62122199999999],[-53.5,67.61955649999999],[-53.5,67.61781059999998],[-53.5,67.61730899999998],[-53.5,67.61684029999998],[-53.5,67.6155329],[-53.5,67.61519399999997],[-53.5,67.61371659999998],[-53.5,67.61184179999998],[-53.5,67.60859649999998],[-53.5,67.6077932],[-53.5,67.6070517],[-53.5,67.60645679999999],[-53.5,67.60585220000002],[-53.5,67.60349730000002],[-53.5,67.60294850000002],[-53.5,67.60248589999998],[-53.5,67.60225709999997],[-53.5,67.60193520000001],[-53.5,67.59435969999998],[-53.5,67.59310349999998],[-53.5,67.59133969999999],[-53.5,67.59060140000003],[-53.5,67.5894457],[-53.5,67.5882853],[-53.5,67.58747629999999],[-53.5,67.58663589999998],[-53.5,67.58441219999997],[-53.5,67.58190539999998],[-53.5,67.58065110000001],[-53.5,67.58021810000002],[-53.5,67.57929080000002],[-53.5,67.57811509999999],[-53.5,67.57734579999999],[-53.5,67.57504949999998],[-53.5,67.57406859999998],[-53.5,67.56842189999998],[-53.5,67.56787800000001],[-53.5,67.56713389999999],[-53.5,67.56639389999998],[-53.5,67.56451659999999],[-53.5,67.56405319999999],[-53.5,67.56398250000001],[-53.5,67.5613884],[-53.5,67.56068049999999],[-53.5,67.55984389999998],[-53.5,67.55932810000002],[-53.5,67.55808159999998],[-53.5,67.55341229999999],[-53.5,67.55150659999998],[-53.5,67.5509889],[-53.5,67.55080579999998],[-53.5,67.55049889999998],[-53.5,67.5501961],[-53.5,67.54978829999999],[-53.5,67.5491839],[-53.5,67.54670779999998],[-53.5,67.54637839999998],[-53.5,67.54601939999998],[-53.5,67.54447900000002],[-53.5,67.5440802],[-53.5,67.54291990000002],[-53.5,67.5421862],[-53.5,67.54168800000002],[-53.5,67.54097030000003],[-53.5,67.5399612],[-53.5,67.53819720000001],[-53.5,67.53475129999998],[-53.5,67.5302777],[-53.5,67.5275188],[-53.5,67.52660609999998],[-53.5,67.5256281],[-53.5,67.52506519999997],[-53.5,67.52183200000002],[-53.5,67.52065010000001],[-53.5,67.5176849],[-53.5,67.5150496],[-53.5,67.50228470000002],[-53.5,67.50121360000003],[-53.5,67.500204],[-53.5,67.5],[-53.49828100000002,67.5]]]]},"properties":{"datasetName":"101DK004BUDME","edition":1,"update":0,"status":1}},{"type":"Feature","geometry":{"type":"MultiPolygon","coordinates":[[[[10.658169999999984,57.5],[11.0,57.5],[11.0,58.0],[10.5,58.0],[10.5,57.51166999999998],[10.5,57.507119999999986],[10.5,57.5],[10.658169999999984,57.5]]]]},"properties":{"datasetName":"101DK0041543E","edition":2,"update":0,"status":4}},{"type":"Feature","geometry":{"type":"MultiPolygon","coordinates":[[[[-51.5,71.0],[-51.5,71.5],[-52.0,71.5],[-52.0,71.0],[-51.5,71.0]]]]},"properties":{"datasetName":"101DK004CIDSE","edition":2,"update":0,"status":2}},{"type":"Feature","geometry":{"type":"MultiPolygon","coordinates":[[[[12.217540999999983,54.5],[12.5,54.5],[12.5,54.701546500000006],[12.5,55.0],[12.0,55.0],[12.0,54.5],[12.217540999999983,54.5]]]]},"properties":{"datasetName":"101DK0040349E","edition":3,"update":0,"status":2}},{"type":"Feature","geometry":{"type":"MultiPolygon","coordinates":[[[[13.5,54.5],[13.5,55.0],[13.137342199999978,55.0],[13.0,55.0],[13.0,54.8881518],[13.0,54.5],[13.5,54.5]]]]},"properties":{"datasetName":"101DK0040353E","edition":2,"update":0,"status":2}},{"type":"Feature","geometry":{"type":"MultiPolygon","coordinates":[[[[-51.4996362,69.0],[-51.48555920000001,69.0],[-51.48412189999999,69.0],[-51.47836000000001,69.0],[-51.471566300000006,69.0],[-51.457964000000004,69.0],[-51.43542919999999,69.0],[-51.43226679999998,69.0],[-51.42083680000002,69.0],[-51.37571200000002,69.0],[-51.355946500000016,69.0],[-51.32629079999998,69.0],[-51.2934932,69.0],[-51.285794099999976,69.0],[-51.257475699999986,69.0],[-51.25469349999997,69.0],[-51.232578699999976,69.0],[-51.167029300000024,69.0],[-51.16615580000001,69.0],[-51.13311049999999,69.0],[-51.12898089999999,69.0],[-51.111191399999996,69.0],[-51.110492299999976,69.0],[-51.10875629999998,69.0],[-51.0673046,69.0],[-51.06621319999999,69.0],[-51.06565740000002,69.0],[-51.06517439999999,69.0],[-51.06463830000001,69.0],[-51.06339839999998,69.0],[-51.058873199999994,69.0],[-51.057729600000016,69.0],[-51.05399419999998,69.0],[-51.049780999999996,69.0],[-51.047169,69.0],[-51.045594300000005,69.0],[-51.04500610000002,69.0],[-51.04427020000003,69.0],[-51.04064899999997,69.0],[-51.03191930000003,69.0],[-51.02972060000002,69.0],[-51.008106199999986,69.0],[-51.006390099999976,69.0],[-51.005584,69.0],[-51.0045356,69.0],[-51.00326260000003,69.0],[-51.00179489999999,69.0],[-51.0,69.0],[-51.0,69.00069009999999],[-51.0,69.00148999999999],[-51.0,69.00335419999999],[-51.0,69.00746270000002],[-51.0,69.00928859999999],[-51.0,69.01032459999999],[-51.0,69.01281319999998],[-51.0,69.01318420000001],[-51.0,69.01516199999998],[-51.0,69.01538160000001],[-51.0,69.01721789999999],[-51.0,69.01866089999999],[-51.0,69.02570659999998],[-51.0,69.02660939999998],[-51.0,69.02797679999998],[-51.0,69.02929469999998],[-51.0,69.0306764],[-51.0,69.03231690000001],[-51.0,69.03234559999999],[-51.0,69.0414328],[-51.0,69.04177779999998],[-51.0,69.04221369999999],[-51.0,69.04306730000002],[-51.0,69.04413110000002],[-51.0,69.04479709999998],[-51.0,69.04508329999999],[-51.0,69.04591049999999],[-51.0,69.04761589999998],[-51.0,69.04885339999998],[-51.0,69.04964710000002],[-51.0,69.05073299999998],[-51.0,69.05194649999999],[-51.0,69.05664610000002],[-51.0,69.05741330000001],[-51.0,69.05863449999998],[-51.0,69.0594208],[-51.0,69.06180060000003],[-51.0,69.06200469999999],[-51.0,69.06242989999998],[-51.0,69.06323029999999],[-51.0,69.0665219],[-51.0,69.06721620000002],[-51.0,69.06738619999999],[-51.0,69.07155510000001],[-51.0,69.07318839999999],[-51.0,69.0747978],[-51.0,69.07503000000003],[-51.0,69.07953149999997],[-51.0,69.08062589999997],[-51.0,69.08670599999999],[-51.0,69.08796410000002],[-51.0,69.08873310000001],[-51.0,69.08965139999998],[-51.0,69.09059409999998],[-51.0,69.09119500000003],[-51.0,69.0916153],[-51.0,69.09209570000002],[-51.0,69.09274670000002],[-51.0,69.09330549999999],[-51.0,69.09390000000002],[-51.0,69.09429929999999],[-51.0,69.09718459999999],[-51.0,69.0985703],[-51.0,69.0998204],[-51.0,69.10021160000002],[-51.0,69.10046879999999],[-51.0,69.10164700000001],[-51.0,69.1019966],[-51.0,69.10245129999998],[-51.0,69.1033076],[-51.0,69.1034876],[-51.0,69.10590300000001],[-51.0,69.10690019999998],[-51.0,69.10722220000002],[-51.0,69.10748480000001],[-51.0,69.10780640000002],[-51.0,69.10963529999998],[-51.0,69.1129343],[-51.0,69.11345669999997],[-51.0,69.11383189999998],[-51.0,69.11410569999998],[-51.0,69.11449820000001],[-51.0,69.11533530000003],[-51.0,69.12054610000001],[-51.0,69.12100700000002],[-51.0,69.1216111],[-51.0,69.12383299999999],[-51.0,69.12474350000002],[-51.0,69.12525399999998],[-51.0,69.12599849999998],[-51.0,69.12640240000002],[-51.0,69.12681620000001],[-51.0,69.17280799999997],[-51.0,69.17324309999998],[-51.0,69.17373350000003],[-51.0,69.17550619999997],[-51.0,69.17655730000001],[-51.0,69.17694540000002],[-51.0,69.17838499999999],[-51.0,69.17955169999999],[-51.0,69.18045599999999],[-51.0,69.1815944],[-51.0,69.1825131],[-51.0,69.18392649999998],[-51.0,69.18521770000001],[-51.0,69.18554970000002],[-51.0,69.18596250000002],[-51.0,69.18677589999999],[-51.0,69.190045],[-51.0,69.19230900000002],[-51.0,69.19254690000002],[-51.0,69.19341630000002],[-51.0,69.19527599999998],[-51.0,69.19697029999998],[-51.0,69.19827400000003],[-51.0,69.1990978],[-51.0,69.19985380000003],[-51.0,69.20064710000003],[-51.0,69.20075780000002],[-51.0,69.2011124],[-51.0,69.20158090000001],[-51.0,69.20332560000003],[-51.0,69.20391339999998],[-51.0,69.20395409999998],[-51.0,69.2043759],[-51.0,69.20477890000001],[-51.0,69.20524289999997],[-51.0,69.20567729999999],[-51.0,69.20614119999999],[-51.0,69.20773689999999],[-51.0,69.2086026],[-51.0,69.21117930000003],[-51.0,69.21123829999999],[-51.0,69.21236240000002],[-51.0,69.22247850000002],[-51.0,69.2238974],[-51.0,69.22576620000001],[-51.0,69.22616679999999],[-51.0,69.2274961],[-51.0,69.2283175],[-51.0,69.23000400000001],[-51.0,69.2302077],[-51.0,69.23069140000001],[-51.0,69.23073340000002],[-51.0,69.23113000000001],[-51.0,69.2315428],[-51.0,69.23212030000002],[-51.0,69.2327272],[-51.0,69.23312049999998],[-51.0,69.23709150000002],[-51.0,69.2371905],[-51.0,69.2395401],[-51.0,69.2400237],[-51.0,69.24175939999998],[-51.0,69.2421296],[-51.0,69.24271399999998],[-51.0,69.2458982],[-51.0,69.2466675],[-51.0,69.24737529999999],[-51.0,69.2486879],[-51.0,69.2495695],[-51.0,69.25],[-51.0,69.25061950000003],[-51.0,69.25255449999997],[-51.0,69.2554326],[-51.0,69.256035],[-51.0,69.25672150000003],[-51.0,69.2621906],[-51.0,69.26548109999999],[-51.0,69.2663981],[-51.0,69.26767869999998],[-51.0,69.26826670000003],[-51.0,69.26904050000002],[-51.0,69.27042610000001],[-51.0,69.27043559999998],[-51.0,69.28800139999998],[-51.0,69.29042850000002],[-51.0,69.29077590000003],[-51.0,69.29337470000002],[-51.0,69.294351],[-51.0,69.2946556],[-51.0,69.29475710000003],[-51.0,69.29488020000002],[-51.0,69.3025533],[-51.0,69.30336169999998],[-51.0,69.30466960000001],[-51.0,69.30613090000003],[-51.0,69.31152700000001],[-51.0,69.31691619999998],[-51.0,69.31831010000002],[-51.0,69.31884930000001],[-51.0,69.326187],[-51.0,69.32815169999998],[-51.0,69.32890859999998],[-51.0,69.3296651],[-51.0,69.33169779999997],[-51.0,69.33392559999999],[-51.0,69.33789359999997],[-51.0,69.3393433],[-51.0,69.339492],[-51.0,69.33992549999999],[-51.0,69.34053410000001],[-51.0,69.34055130000002],[-51.0,69.34114679999999],[-51.0,69.34128129999999],[-51.0,69.3426043],[-51.0,69.34429490000002],[-51.0,69.34677850000003],[-51.0,69.34688569999997],[-51.0,69.34707079999998],[-51.0,69.34808700000002],[-51.0,69.34840910000003],[-51.0,69.34984429999997],[-51.0,69.3525004],[-51.0,69.35378700000001],[-51.0,69.35597289999998],[-51.0,69.35641850000002],[-51.0,69.35671769999999],[-51.0,69.35710360000002],[-51.0,69.35983950000002],[-51.0,69.3623849],[-51.0,69.3631565],[-51.0,69.3643075],[-51.0,69.36944319999998],[-51.0,69.38407710000001],[-51.0,69.38505140000001],[-51.0,69.4052638],[-51.0,69.41688629999999],[-51.0,69.43574100000001],[-51.0,69.4485641],[-51.0,69.4601065],[-51.0,69.46391970000002],[-51.0,69.46701669999999],[-51.0,69.46844809999999],[-51.0,69.47702520000001],[-51.0,69.4925106],[-51.0,69.49315539999998],[-51.0,69.49810459999998],[-51.0,69.5],[-51.009754999999984,69.5],[-51.016882099999975,69.5],[-51.02502390000001,69.5],[-51.02845830000001,69.5],[-51.04351780000002,69.5],[-51.05618670000001,69.5],[-51.062983299999985,69.5],[-51.125381000000004,69.5],[-51.12736510000002,69.5],[-51.138136799999984,69.5],[-51.19223340000002,69.5],[-51.196166300000016,69.5],[-51.25379179999999,69.5],[-51.27960380000002,69.5],[-51.30091379999999,69.5],[-51.32168339999998,69.5],[-51.35181160000002,69.5],[-51.39593450000001,69.5],[-51.5,69.5],[-51.5,69.4999833],[-51.5,69.43303350000002],[-51.5,69.38217789999999],[-51.5,69.34132890000001],[-51.5,69.32910620000001],[-51.5,69.30376560000002],[-51.5,69.2885604],[-51.5,69.26431760000003],[-51.5,69.258986],[-51.5,69.25036019999999],[-51.5,69.24901310000001],[-51.5,69.23738429999997],[-51.5,69.1974626],[-51.5,69.1815019],[-51.5,69.16140469999999],[-51.5,69.14229499999999],[-51.5,69.14054349999998],[-51.5,69.13674839999999],[-51.5,69.1240138],[-51.5,69.11006300000003],[-51.5,69.10317370000001],[-51.5,69.09869320000001],[-51.5,69.09058049999999],[-51.5,69.0775246],[-51.5,69.07557589999999],[-51.5,69.04814599999997],[-51.5,69.0274973],[-51.5,69.02333679999998],[-51.5,69.01377079999997],[-51.5,69.0],[-51.4996362,69.0]]]]},"properties":{"datasetName":"101DK004CADUE","edition":4,"update":0,"status":1}},{"type":"Feature","geometry":{"type":"MultiPolygon","coordinates":[[[[9.0,56.0],[9.0,56.45833329999999],[9.0,56.5],[8.5,56.5],[8.5,56.45833329999999],[8.5,56.0],[9.0,56.0]]]]},"properties":{"datasetName":"101DK0040935E","edition":2,"update":0,"status":1}},{"type":"Feature","geometry":{"type":"MultiPolygon","coordinates":[[[[9.5,54.5],[9.5,54.84232459999998],[9.5,55.0],[9.399999999999977,55.0],[9.0,55.0],[9.0,54.5],[9.5,54.5]]]]},"properties":{"datasetName":"101DK0040337E","edition":3,"update":0,"status":4}},{"type":"Feature","geometry":{"type":"MultiPolygon","coordinates":[[[[10.0,54.5],[10.0,54.79065659999998],[10.0,54.79077000000001],[10.0,54.7959601],[10.0,54.804689800000006],[10.0,54.806005500000026],[10.0,54.80759039999998],[10.0,54.8104204],[10.0,54.819709699999976],[10.0,54.82019559999998],[10.0,54.84055009999997],[10.0,54.84119020000003],[10.0,54.8424],[10.0,54.84791990000002],[10.0,54.856640200000015],[10.0,54.858889799999986],[10.0,54.86033029999999],[10.0,54.90276990000001],[10.0,54.9036797],[10.0,54.96977959999998],[10.0,54.97735979999999],[10.0,54.98163979999998],[10.0,54.98354039999998],[10.0,54.98548979999998],[10.0,54.98743999999999],[10.0,54.988866099999996],[10.0,54.98894039999999],[10.0,54.99460959999999],[10.0,55.0],[9.5,55.0],[9.5,54.84232459999998],[9.5,54.5],[10.0,54.5]]]]},"properties":{"datasetName":"101DK0040339E","edition":2,"update":0,"status":1}},{"type":"Feature","geometry":{"type":"MultiPolygon","coordinates":[[[[-50.49937249999999,69.0],[-50.4987979,69.0],[-50.498379399999976,69.0],[-50.498015099999975,69.0],[-50.49768089999998,69.0],[-50.49736869999998,69.0],[-50.49701299999998,69.0],[-50.4966192,69.0],[-50.4961136,69.0],[-50.4951178,69.0],[-50.483921599999974,69.0],[-50.48027309999998,69.0],[-50.476318100000015,69.0],[-50.47424819999998,69.0],[-50.470948799999974,69.0],[-50.46667389999999,69.0],[-50.46576479999999,69.0],[-50.465591200000006,69.0],[-50.464590699999974,69.0],[-50.462830699999984,69.0],[-50.45468740000001,69.0],[-50.443876699999976,69.0],[-50.4429533,69.0],[-50.44140169999997,69.0],[-50.43932539999997,69.0],[-50.43747539999998,69.0],[-50.43508209999999,69.0],[-50.432023500000014,69.0],[-50.43024639999999,69.0],[-50.42697249999998,69.0],[-50.4238024,69.0],[-50.42221239999998,69.0],[-50.42008679999998,69.0],[-50.41762510000001,69.0],[-50.41403709999997,69.0],[-50.41079180000003,69.0],[-50.406351900000004,69.0],[-50.402456700000016,69.0],[-50.400231899999994,69.0],[-50.36973360000002,69.0],[-50.369519000000025,69.0],[-50.3687941,69.0],[-50.36783109999999,69.0],[-50.361937599999976,69.0],[-50.35850399999998,69.0],[-50.356955500000026,69.0],[-50.35584979999999,69.0],[-50.35420240000002,69.0],[-50.349406699999975,69.0],[-50.343931999999995,69.0],[-50.34054579999997,69.0],[-50.33703200000002,69.0],[-50.3219239,69.0],[-50.31427200000002,69.0],[-50.3006719,69.0],[-50.29441009999999,69.0],[-50.28303579999999,69.0],[-50.27837349999999,69.0],[-50.27494469999999,69.0],[-50.27123829999999,69.0],[-50.267364199999975,69.0],[-50.26400860000001,69.0],[-50.260823200000004,69.0],[-50.22085370000002,69.0],[-50.217991900000015,69.0],[-50.2164727,69.0],[-50.215414099999975,69.0],[-50.21463970000002,69.0],[-50.20778280000002,69.0],[-50.20305330000002,69.0],[-50.1794276,69.0],[-50.17268560000002,69.0],[-50.1661307,69.0],[-50.15711249999998,69.0],[-50.154824700000006,69.0],[-50.0881536,69.0],[-50.085751000000016,69.0],[-50.08095930000002,69.0],[-50.077009799999985,69.0],[-50.06778559999998,69.0],[-50.06389380000002,69.0],[-50.05759260000002,69.0],[-50.05361959999999,69.0],[-50.051578199999994,69.0],[-50.0496038,69.0],[-50.04781009999999,69.0],[-50.046254999999974,69.0],[-50.04488850000001,69.0],[-50.04364850000002,69.0],[-50.04240470000002,69.0],[-50.04039549999999,69.0],[-50.025682200000006,69.0],[-50.02376149999998,69.0],[-50.015583400000025,69.0],[-50.0090768,69.0],[-50.00580120000001,69.0],[-50.0,69.0],[-50.0,69.00452250000001],[-50.0,69.00664180000001],[-50.0,69.01116200000001],[-50.0,69.01223900000002],[-50.0,69.0133568],[-50.0,69.0155914],[-50.0,69.01663880000001],[-50.0,69.01962880000002],[-50.0,69.02122100000003],[-50.0,69.02171570000002],[-50.0,69.0243941],[-50.0,69.02573919999998],[-50.0,69.02693349999998],[-50.0,69.02911799999998],[-50.0,69.03058140000002],[-50.0,69.03188119999999],[-50.0,69.03269949999998],[-50.0,69.0335968],[-50.0,69.03686390000001],[-50.0,69.03899990000002],[-50.0,69.04205960000002],[-50.0,69.04676999999998],[-50.0,69.04868950000002],[-50.0,69.04965870000001],[-50.0,69.05052699999999],[-50.0,69.05722250000002],[-50.0,69.0581525],[-50.0,69.05942010000001],[-50.0,69.06007720000002],[-50.0,69.06052],[-50.0,69.0610542],[-50.0,69.06196929999999],[-50.0,69.06322060000002],[-50.0,69.06398130000002],[-50.0,69.0654318],[-50.0,69.0672487],[-50.0,69.07328380000001],[-50.0,69.07466540000001],[-50.0,69.0799422],[-50.0,69.08248800000001],[-50.0,69.08381059999999],[-50.0,69.08429469999999],[-50.0,69.0853952],[-50.0,69.0875385],[-50.0,69.08843680000001],[-50.0,69.09180320000002],[-50.0,69.09320250000002],[-50.0,69.0957919],[-50.0,69.09710030000002],[-50.0,69.098569],[-50.0,69.09946500000001],[-50.0,69.15666599999997],[-50.0,69.21147960000002],[-50.0,69.2160609],[-50.0,69.21625770000003],[-50.0,69.2163117],[-50.0,69.21676710000003],[-50.0,69.2174248],[-50.0,69.2180045],[-50.0,69.2187247],[-50.0,69.22007719999999],[-50.0,69.22096749999997],[-50.0,69.2219619],[-50.0,69.22369370000001],[-50.0,69.22569909999999],[-50.0,69.22626880000001],[-50.0,69.23042079999999],[-50.0,69.23120039999998],[-50.0,69.23174840000001],[-50.0,69.23287069999998],[-50.0,69.23439969999998],[-50.0,69.24199240000002],[-50.0,69.2424777],[-50.0,69.2434015],[-50.0,69.24626239999998],[-50.0,69.24867289999997],[-50.0,69.25],[-50.0,69.2548198],[-50.0,69.259544],[-50.0,69.2611149],[-50.0,69.2622667],[-50.0,69.26465459999997],[-50.0,69.26549419999998],[-50.0,69.26609430000002],[-50.0,69.26717459999998],[-50.0,69.27849420000001],[-50.0,69.27890250000002],[-50.0,69.27999929999999],[-50.0,69.28275480000002],[-50.0,69.28569549999997],[-50.0,69.28612279999999],[-50.0,69.28757259999998],[-50.0,69.2892589],[-50.0,69.29328609999999],[-50.0,69.2942155],[-50.0,69.29506459999999],[-50.0,69.2957002],[-50.0,69.29718709999997],[-50.0,69.29905989999997],[-50.0,69.3022851],[-50.0,69.30246369999998],[-50.0,69.30692670000002],[-50.0,69.3104735],[-50.0,69.31395830000002],[-50.0,69.31858369999998],[-50.0,69.33360529999999],[-50.0,69.33802150000002],[-50.0,69.35479029999999],[-50.0,69.37330689999999],[-50.0,69.3829887],[-50.0,69.3907519],[-50.0,69.3949819],[-50.0,69.40417509999997],[-50.0,69.40629990000002],[-50.0,69.42842510000003],[-50.0,69.46772299999998],[-50.0,69.4736072],[-50.0,69.47408080000002],[-50.0,69.48198869999999],[-50.0,69.49663779999997],[-50.0,69.49861950000002],[-50.0,69.5],[-50.00088390000002,69.5],[-50.022645599999976,69.5],[-50.04450539999999,69.5],[-50.056946900000014,69.5],[-50.06569109999998,69.5],[-50.080975799999976,69.5],[-50.09032000000002,69.5],[-50.09302050000002,69.5],[-50.101502400000015,69.5],[-50.11033550000002,69.5],[-50.113911599999994,69.5],[-50.12051109999999,69.5],[-50.13195300000001,69.5],[-50.13323109999999,69.5],[-50.13411669999999,69.5],[-50.135422500000004,69.5],[-50.137529700000016,69.5],[-50.175818100000015,69.5],[-50.1767021,69.5],[-50.178518800000006,69.5],[-50.18034019999999,69.5],[-50.18220500000001,69.5],[-50.18464119999999,69.5],[-50.19721329999999,69.5],[-50.19988990000002,69.5],[-50.215486999999996,69.5],[-50.21718379999999,69.5],[-50.2284123,69.5],[-50.22947620000002,69.5],[-50.2301463,69.5],[-50.2308362,69.5],[-50.231708000000026,69.5],[-50.2328541,69.5],[-50.23450589999999,69.5],[-50.23809010000002,69.5],[-50.24758430000003,69.5],[-50.25,69.5],[-50.25063369999998,69.5],[-50.25265760000002,69.5],[-50.254319599999974,69.5],[-50.255727999999976,69.5],[-50.25748470000002,69.5],[-50.259646599999996,69.5],[-50.26375439999998,69.5],[-50.26931459999997,69.5],[-50.27724180000001,69.5],[-50.27820730000002,69.5],[-50.2791115,69.5],[-50.28217910000001,69.5],[-50.29004570000001,69.5],[-50.300498600000026,69.5],[-50.304031399999985,69.5],[-50.30602379999999,69.5],[-50.30742679999997,69.5],[-50.40290399999998,69.5],[-50.40947160000002,69.5],[-50.411566900000025,69.5],[-50.413335399999994,69.5],[-50.415749300000016,69.5],[-50.417326100000025,69.5],[-50.419054500000016,69.5],[-50.429454599999985,69.5],[-50.433373500000016,69.5],[-50.44727710000001,69.5],[-50.45507309999999,69.5],[-50.45853340000002,69.5],[-50.461273000000006,69.5],[-50.46225759999999,69.5],[-50.462966800000004,69.5],[-50.46333659999999,69.5],[-50.5,69.5],[-50.5,69.4901663],[-50.5,69.48983240000001],[-50.5,69.48965120000003],[-50.5,69.48943200000002],[-50.5,69.48913620000002],[-50.5,69.4889296],[-50.5,69.48874840000002],[-50.5,69.48857509999999],[-50.5,69.48841449999998],[-50.5,69.4882594],[-50.5,69.48809829999999],[-50.5,69.48790539999999],[-50.5,69.48769119999997],[-50.5,69.4874969],[-50.5,69.48730799999998],[-50.5,69.48711100000003],[-50.5,69.48683670000003],[-50.5,69.4864753],[-50.5,69.48639559999998],[-50.5,69.48610989999997],[-50.5,69.485413],[-50.5,69.4848925],[-50.5,69.48446480000001],[-50.5,69.48391959999998],[-50.5,69.48303579999998],[-50.5,69.48263200000002],[-50.5,69.48214869999998],[-50.5,69.48165660000001],[-50.5,69.4813929],[-50.5,69.48112750000001],[-50.5,69.48085809999998],[-50.5,69.480613],[-50.5,69.48037420000003],[-50.5,69.48014410000002],[-50.5,69.47994],[-50.5,69.47970980000002],[-50.5,69.4791391],[-50.5,69.4782252],[-50.5,69.4744437],[-50.5,69.4738461],[-50.5,69.47346160000001],[-50.5,69.47265920000001],[-50.5,69.47182859999998],[-50.5,69.47127510000001],[-50.5,69.47078879999998],[-50.5,69.47050289999999],[-50.5,69.4702135],[-50.5,69.46977959999998],[-50.5,69.469112],[-50.5,69.4664874],[-50.5,69.46590459999999],[-50.5,69.46485969999998],[-50.5,69.46445560000001],[-50.5,69.46399739999998],[-50.5,69.4635374],[-50.5,69.46311050000003],[-50.5,69.4601606],[-50.5,69.46000040000001],[-50.5,69.45804659999999],[-50.5,69.45509950000002],[-50.5,69.45416230000001],[-50.5,69.4528004],[-50.5,69.4524644],[-50.5,69.45195660000002],[-50.5,69.45146690000001],[-50.5,69.4510517],[-50.5,69.45057700000001],[-50.5,69.44968469999998],[-50.5,69.44967810000003],[-50.5,69.44526660000002],[-50.5,69.44525490000001],[-50.5,69.44367770000002],[-50.5,69.443309],[-50.5,69.44281610000002],[-50.5,69.44217470000001],[-50.5,69.44157660000002],[-50.5,69.440852],[-50.5,69.44042860000002],[-50.5,69.4380597],[-50.5,69.43728809999999],[-50.5,69.43635610000001],[-50.5,69.4352912],[-50.5,69.43256250000002],[-50.5,69.43156149999999],[-50.5,69.43125629999997],[-50.5,69.43102320000003],[-50.5,69.43074330000002],[-50.5,69.43020990000002],[-50.5,69.42957230000002],[-50.5,69.42895600000003],[-50.5,69.4286199],[-50.5,69.42833760000002],[-50.5,69.42802390000003],[-50.5,69.42762379999999],[-50.5,69.4271076],[-50.5,69.4231287],[-50.5,69.42254889999998],[-50.5,69.42218459999998],[-50.5,69.4218118],[-50.5,69.42041569999998],[-50.5,69.41781889999999],[-50.5,69.4166462],[-50.5,69.41597669999999],[-50.5,69.41542659999999],[-50.5,69.41504259999999],[-50.5,69.41464250000001],[-50.5,69.41408840000003],[-50.5,69.41331680000002],[-50.5,69.41184249999998],[-50.5,69.41058179999999],[-50.5,69.4074938],[-50.5,69.3962798],[-50.5,69.39593550000001],[-50.5,69.39535510000002],[-50.5,69.3938546],[-50.5,69.39172300000001],[-50.5,69.3912962],[-50.5,69.36837980000001],[-50.5,69.36693739999998],[-50.5,69.36625149999998],[-50.5,69.36579690000002],[-50.5,69.36452700000001],[-50.5,69.36364780000002],[-50.5,69.36079080000002],[-50.5,69.3593985],[-50.5,69.35756759999998],[-50.5,69.35711270000002],[-50.5,69.35571329999999],[-50.5,69.35355950000002],[-50.5,69.3497294],[-50.5,69.34267949999997],[-50.5,69.34014459999997],[-50.5,69.33854179999997],[-50.5,69.3379157],[-50.5,69.33682549999997],[-50.5,69.33622050000002],[-50.5,69.3337487],[-50.5,69.33344039999997],[-50.5,69.33310390000003],[-50.5,69.33241340000001],[-50.5,69.33215230000002],[-50.5,69.3318784],[-50.5,69.33156300000002],[-50.5,69.33129489999999],[-50.5,69.22907930000002],[-50.5,69.15756270000003],[-50.5,69.1295174],[-50.5,69.10963770000001],[-50.5,69.10564160000001],[-50.5,69.101494],[-50.5,69.09887300000003],[-50.5,69.09744139999998],[-50.5,69.09214220000001],[-50.5,69.09020129999999],[-50.5,69.08271339999999],[-50.5,69.08204940000002],[-50.5,69.07303130000003],[-50.5,69.07249990000003],[-50.5,69.07046910000003],[-50.5,69.06955599999998],[-50.5,69.05996340000002],[-50.5,69.05782640000001],[-50.5,69.02671529999998],[-50.5,69.00631550000003],[-50.5,69.00630080000002],[-50.5,69.00346560000003],[-50.5,69.00145750000001],[-50.5,69.0],[-50.49937249999999,69.0]]]]},"properties":{"datasetName":"101DK004CADYE","edition":2,"update":0,"status":4}},{"type":"Feature","geometry":{"type":"MultiPolygon","coordinates":[[[[9.375,56.5],[9.5,56.5],[9.5,56.75],[9.5,57.0],[9.0,57.0],[9.0,56.5],[9.375,56.5]]]]},"properties":{"datasetName":"101DK0041137E","edition":2,"update":0,"status":1}},{"type":"Feature","geometry":{"type":"MultiPolygon","coordinates":[[[[11.5,55.5],[11.5,56.0],[11.0,56.0],[11.0,55.5],[11.5,55.5]]]]},"properties":{"datasetName":"101DK0040745E","edition":2,"update":0,"status":3}},{"type":"Feature","geometry":{"type":"MultiPolygon","coordinates":[[[[10.699999999999989,55.5],[11.0,55.5],[11.0,56.0],[10.699999999999989,56.0],[10.5,56.0],[10.5,55.5],[10.699999999999989,55.5]]]]},"properties":{"datasetName":"101DK0040743E","edition":2,"update":0,"status":3}},{"type":"Feature","geometry":{"type":"MultiPolygon","coordinates":[[[[11.5,55.0],[11.5,55.25],[11.5,55.3883333],[11.5,55.5],[11.0,55.5],[11.0,55.0],[11.5,55.0]]]]},"properties":{"datasetName":"101DK0040545E","edition":2,"update":0,"status":4}},{"type":"Feature","geometry":{"type":"MultiPolygon","coordinates":[[[[11.5,56.0],[11.5,56.5],[11.0,56.5],[11.0,56.0],[11.5,56.0]]]]},"properties":{"datasetName":"101DK0040945E","edition":3,"update":0,"status":1}}],"bbox":[13.0,54.0,13.5,73.0]}