{"type":"FeatureCollection","features":[{"type":"Feature","geometry":{"type":"MultiPolygon","coordinates":[[[[-53.499923799999976,67.0],[-53.496497499999975,67.0],[-53.476045,67.0],[-53.47363259999997,67.0],[-53.47062310000001,67.0],[-53.470080499999995,67.0],[-53.46734329999998,67.0],[-53.46689839999999,67.0],[-53.45555869999998,67.0],[-53.44748340000001,67.0],[-53.44538970000002,67.0],[-53.44259920000002,67.0],[-53.432236699999976,67.0],[-53.416224,67.0],[-53.356500100000005,67.0],[-53.0,67.0],[-53.0,67.5],[-53.5,67.5],[-53.5,67.08999949999998],[-53.5,67.08957830000003],[-53.5,67.08880499999998],[-53.5,67.08819469999997],[-53.5,67.08745850000003],[-53.5,67.08675310000001],[-53.5,67.0860558],[-53.5,67.08534989999998],[-53.5,67.08461849999998],[-53.5,67.083887],[-53.5,67.08294690000002],[-53.5,67.0817131],[-53.5,67.080398],[-53.5,67.07952],[-53.5,67.0780795],[-53.5,67.07486599999999],[-53.5,67.07184940000002],[-53.5,67.06974229999997],[-53.5,67.06860419999998],[-53.5,67.06777729999999],[-53.5,67.06588970000001],[-53.5,67.06504239999998],[-53.5,67.06336870000001],[-53.5,67.0622166],[-53.5,67.06099080000001],[-53.5,67.05980729999999],[-53.5,67.05791520000002],[-53.5,67.0566508],[-53.5,67.05581949999998],[-53.5,67.05517470000001],[-53.5,67.05453729999999],[-53.5,67.05370570000002],[-53.5,67.05006400000002],[-53.5,67.046628],[-53.5,67.04542850000001],[-53.5,67.04408480000001],[-53.5,67.04242449999998],[-53.5,67.0408468],[-53.5,67.03892080000003],[-53.5,67.03705120000001],[-53.5,67.0354673],[-53.5,67.03349509999998],[-53.5,67.032013],[-53.5,67.03143820000003],[-53.5,67.03021360000002],[-53.5,67.02946200000002],[-53.5,67.02676150000002],[-53.5,67.02561429999997],[-53.5,67.0243552],[-53.5,67.0196603],[-53.5,67.0177617],[-53.5,67.01696959999998],[-53.5,67.01367040000002],[-53.5,67.01236390000003],[-53.5,67.01090870000002],[-53.5,67.01010289999999],[-53.5,67.00931580000002],[-53.5,67.0],[-53.499923799999976,67.0]]]]},"properties":{"datasetName":"101DK004BSDME","edition":1,"update":0,"status":3}},{"type":"Feature","geometry":{"type":"MultiPolygon","coordinates":[[[[-54.5,71.0],[-54.5,71.5],[-55.0,71.5],[-55.0,71.0],[-54.5,71.0]]]]},"properties":{"datasetName":"101DK004CIDGE","edition":1,"update":0,"status":3}},{"type":"Feature","geometry":{"type":"MultiPolygon","coordinates":[[[[8.141666699999973,56.5],[8.5,56.5],[8.5,56.96582999999998],[8.5,57.0],[8.0,57.0],[8.0,56.5],[8.141666699999973,56.5]]]]},"properties":{"datasetName":"101DK0041133E","edition":1,"update":0,"status":4}},{"type":"Feature","geometry":{"type":"MultiPolygon","coordinates":[[[[-53.4996615,68.5],[-53.499323000000004,68.5],[-53.49898439999998,68.5],[-53.498645899999985,68.5],[-53.49830739999999,68.5],[-53.49796889999999,68.5],[-53.497630300000026,68.5],[-53.49729180000003,68.5],[-53.49695329999997,68.5],[-53.496614799999975,68.5],[-53.49627620000001,68.5],[-53.49593770000001,68.5],[-53.495599200000015,68.5],[-53.49526070000002,68.5],[-53.4949221,68.5],[-53.4945836,68.5],[-53.4942451,68.5],[-53.4939066,68.5],[-53.49356799999998,68.5],[-53.493229499999984,68.5],[-53.492890999999986,68.5],[-53.49255249999999,68.5],[-53.49221399999999,68.5],[-53.491875400000026,68.5],[-53.49153690000003,68.5],[-53.49119839999997,68.5],[-53.490859899999975,68.5],[-53.49052130000001,68.5],[-53.490182800000014,68.5],[-53.489844300000016,68.5],[-53.48950580000002,68.5],[-53.4891672,68.5],[-53.4888287,68.5],[-53.4884902,68.5],[-53.4881517,68.5],[-53.48781309999998,68.5],[-53.487474599999985,68.5],[-53.48713609999999,68.5],[-53.48679759999999,68.5],[-53.486459000000025,68.5],[-53.48612050000003,68.5],[-53.48578199999997,68.5],[-53.485443499999974,68.5],[-53.48510490000001,68.5],[-53.48476640000001,68.5],[-53.484427900000014,68.5],[-53.484089400000016,68.5],[-53.48375090000002,68.5],[-53.4834123,68.5],[-53.4830738,68.5],[-53.4827353,68.5],[-53.482396800000004,68.5],[-53.48205819999998,68.5],[-53.481719699999985,68.5],[-53.48138119999999,68.5],[-53.48104269999999,68.5],[-53.480704100000025,68.5],[-53.48036560000003,68.5],[-53.48002709999997,68.5],[-53.479688599999974,68.5],[-53.47935000000001,68.5],[-53.47901150000001,68.5],[-53.478673000000015,68.5],[-53.47833450000002,68.5],[-53.477995899999996,68.5],[-53.4776574,68.5],[-53.4773189,68.5],[-53.4769804,68.5],[-53.47664179999998,68.5],[-53.476303299999984,68.5],[-53.475964799999986,68.5],[-53.47562629999999,68.5],[-53.47528779999999,68.5],[-53.474949200000026,68.5],[-53.47461070000003,68.5],[-53.47427219999997,68.5],[-53.473933699999975,68.5],[-53.47359510000001,68.5],[-53.47325660000001,68.5],[-53.472918100000015,68.5],[-53.47257960000002,68.5],[-53.472241,68.5],[-53.4719025,68.5],[-53.471564,68.5],[-53.4712255,68.5],[-53.47088689999998,68.5],[-53.470548399999984,68.5],[-53.470209899999986,68.5],[-53.46987139999999,68.5],[-53.469532800000025,68.5],[-53.46919430000003,68.5],[-53.46885579999997,68.5],[-53.468517299999974,68.5],[-53.46817870000001,68.5],[-53.46784020000001,68.5],[-53.467501700000014,68.5],[-53.467163200000016,68.5],[-53.466824599999995,68.5],[-53.4664861,68.5],[-53.4661476,68.5],[-53.4658091,68.5],[-53.4654706,68.5],[-53.46513199999998,68.5],[-53.464793499999985,68.5],[-53.46445499999999,68.5],[-53.46411649999999,68.5],[-53.463777900000025,68.5],[-53.46343940000003,68.5],[-53.46310089999997,68.5],[-53.46287139999998,68.5],[-53.462762399999974,68.5],[-53.46242380000001,68.5],[-53.462145899999996,68.5],[-53.45355000000001,68.5],[-53.45273420000001,68.5],[-53.452606600000024,68.5],[-53.452268100000026,68.5],[-53.45192960000003,68.5],[-53.45159109999997,68.5],[-53.45125250000001,68.5],[-53.45091400000001,68.5],[-53.450575500000014,68.5],[-53.450237000000016,68.5],[-53.449898399999995,68.5],[-53.4495599,68.5],[-53.4492214,68.5],[-53.4488829,68.5],[-53.4485444,68.5],[-53.44820579999998,68.5],[-53.447867299999984,68.5],[-53.447528799999986,68.5],[-53.44719029999999,68.5],[-53.446851700000025,68.5],[-53.44651320000003,68.5],[-53.44617469999997,68.5],[-53.445836199999974,68.5],[-53.44549760000001,68.5],[-53.44515910000001,68.5],[-53.444820600000014,68.5],[-53.444482100000016,68.5],[-53.444143499999996,68.5],[-53.443805,68.5],[-53.4434665,68.5],[-53.443128,68.5],[-53.44278939999998,68.5],[-53.44245089999998,68.5],[-53.442112399999985,68.5],[-53.44177389999999,68.5],[-53.44143530000002,68.5],[-53.441096800000025,68.5],[-53.44075830000003,68.5],[-53.44041979999997,68.5],[-53.440081299999974,68.5],[-53.43974270000001,68.5],[-53.43940420000001,68.5],[-53.439065700000015,68.5],[-53.43872720000002,68.5],[-53.438388599999996,68.5],[-53.4380501,68.5],[-53.4377116,68.5],[-53.4373731,68.5],[-53.43703449999998,68.5],[-53.43669599999998,68.5],[-53.436357499999986,68.5],[-53.43601899999999,68.5],[-53.435680400000024,68.5],[-53.435341900000026,68.5],[-53.43500340000003,68.5],[-53.43466489999997,68.5],[-53.43432630000001,68.5],[-53.43398780000001,68.5],[-53.43364930000001,68.5],[-53.433310800000015,68.5],[-53.432972199999995,68.5],[-53.4326337,68.5],[-53.4322952,68.5],[-53.4319567,68.5],[-53.43161809999998,68.5],[-53.43127959999998,68.5],[-53.430941099999984,68.5],[-53.430602599999986,68.5],[-53.43026409999999,68.5],[-53.429925500000024,68.5],[-53.429587000000026,68.5],[-53.42946669999998,68.5],[-53.42924850000003,68.5],[-53.42902190000001,68.5],[-53.42545560000002,68.5],[-53.42539110000001,68.5],[-53.425186199999985,68.5],[-53.42484769999999,68.5],[-53.42450910000002,68.5],[-53.424170600000025,68.5],[-53.42383210000003,68.5],[-53.42349359999997,68.5],[-53.42315500000001,68.5],[-53.42281650000001,68.5],[-53.42247800000001,68.5],[-53.422139500000014,68.5],[-53.421801000000016,68.5],[-53.421462399999996,68.5],[-53.4211239,68.5],[-53.4207854,68.5],[-53.4204469,68.5],[-53.42010829999998,68.5],[-53.41976979999998,68.5],[-53.419431299999985,68.5],[-53.41909279999999,68.5],[-53.41875420000002,68.5],[-53.418415700000025,68.5],[-53.41807720000003,68.5],[-53.41773869999997,68.5],[-53.41740010000001,68.5],[-53.41706160000001,68.5],[-53.41672310000001,68.5],[-53.416384600000015,68.5],[-53.416045999999994,68.5],[-53.415707499999996,68.5],[-53.41540040000001,68.5],[-53.414724999999976,68.5],[-53.40563900000001,68.5],[-53.40555180000001,68.5],[-53.405213300000014,68.5],[-53.404874800000016,68.5],[-53.404663400000004,68.5],[-53.4010227,68.5],[-53.40081249999997,68.5],[-53.40047390000001,68.5],[-53.40013540000001,68.5],[-53.39979690000001,68.5],[-53.399458400000015,68.5],[-53.399119799999994,68.5],[-53.398781299999996,68.5],[-53.3984428,68.5],[-53.3981043,68.5],[-53.39776569999998,68.5],[-53.39742719999998,68.5],[-53.39710000000002,68.5],[-53.39708869999998,68.5],[-53.396750199999985,68.5],[-53.39641169999999,68.5],[-53.396073100000024,68.5],[-53.395734600000026,68.5],[-53.39539610000003,68.5],[-53.39505759999997,68.5],[-53.39471900000001,68.5],[-53.39438050000001,68.5],[-53.39404200000001,68.5],[-53.393703500000015,68.5],[-53.393364899999995,68.5],[-53.3930264,68.5],[-53.3926879,68.5],[-53.3923494,68.5],[-53.39201079999998,68.5],[-53.3919573,68.5],[-53.38963030000002,68.5],[-53.389227300000016,68.5],[-53.386807999999974,68.5],[-53.3826469,68.5],[-53.382532200000014,68.5],[-53.382193599999994,68.5],[-53.381855099999996,68.5],[-53.38183989999999,68.5],[-53.3815166,68.5],[-53.38122729999998,68.5],[-53.3811781,68.5],[-53.38083949999998,68.5],[-53.38050099999998,68.5],[-53.38016249999998,68.5],[-53.379823999999985,68.5],[-53.37948540000002,68.5],[-53.37932599999999,68.5],[-53.37914690000002,68.5],[-53.378808400000025,68.5],[-53.37846990000003,68.5],[-53.37813139999997,68.5],[-53.37779280000001,68.5],[-53.37745430000001,68.5],[-53.37711580000001,68.5],[-53.376777300000015,68.5],[-53.376438699999994,68.5],[-53.376100199999996,68.5],[-53.3757617,68.5],[-53.3754232,68.5],[-53.37508459999998,68.5],[-53.37474609999998,68.5],[-53.374407599999984,68.5],[-53.374069099999986,68.5],[-53.37373050000002,68.5],[-53.373392000000024,68.5],[-53.373053500000026,68.5],[-53.37271500000003,68.5],[-53.37257460000001,68.5],[-53.37237640000001,68.5],[-53.37203790000001,68.5],[-53.37169940000001,68.5],[-53.37136090000001,68.5],[-53.371142599999985,68.5],[-53.37102229999999,68.5],[-53.370683799999995,68.5],[-53.3703453,68.5],[-53.3700068,68.5],[-53.3696683,68.5],[-53.36932969999998,68.5],[-53.36899119999998,68.5],[-53.368652699999984,68.5],[-53.368314199999986,68.5],[-53.36797560000002,68.5],[-53.367637100000024,68.5],[-53.36729860000003,68.5],[-53.367053999999996,68.5],[-53.36696009999997,68.5],[-53.36662150000001,68.5],[-53.36628300000001,68.5],[-53.36594450000001,68.5],[-53.365606000000014,68.5],[-53.36526739999999,68.5],[-53.364928899999995,68.5],[-53.3645904,68.5],[-53.3642519,68.5],[-53.36391329999998,68.5],[-53.36357479999998,68.5],[-53.36323629999998,68.5],[-53.362897799999985,68.5],[-53.36255920000002,68.5],[-53.36222070000002,68.5],[-53.361882200000025,68.5],[-53.36154370000003,68.5],[-53.36120519999997,68.5],[-53.36086660000001,68.5],[-53.36052810000001,68.5],[-53.36018960000001,68.5],[-53.359851100000014,68.5],[-53.359512499999994,68.5],[-53.359173999999996,68.5],[-53.3588355,68.5],[-53.358497,68.5],[-53.358292000000006,68.5],[-53.35815839999998,68.5],[-53.35781989999998,68.5],[-53.35748139999998,68.5],[-53.357142899999985,68.5],[-53.35680430000002,68.5],[-53.356465800000024,68.5],[-53.356127300000026,68.5],[-53.35578880000003,68.5],[-53.35545020000001,68.5],[-53.35511170000001,68.5],[-53.35477320000001,68.5],[-53.35443470000001,68.5],[-53.35409609999999,68.5],[-53.353757599999994,68.5],[-53.353419099999996,68.5],[-53.3530806,68.5],[-53.35274199999998,68.5],[-53.35240349999998,68.5],[-53.35206499999998,68.5],[-53.351726499999984,68.5],[-53.351387999999986,68.5],[-53.35104940000002,68.5],[-53.350710900000024,68.5],[-53.350372400000026,68.5],[-53.35003390000003,68.5],[-53.34969530000001,68.5],[-53.34935680000001,68.5],[-53.34901830000001,68.5],[-53.34867980000001,68.5],[-53.34834119999999,68.5],[-53.348002699999995,68.5],[-53.3476642,68.5],[-53.3473257,68.5],[-53.34698709999998,68.5],[-53.34664859999998,68.5],[-53.34631009999998,68.5],[-53.345971599999984,68.5],[-53.34563300000002,68.5],[-53.34529450000002,68.5],[-53.344956000000025,68.5],[-53.34461750000003,68.5],[-53.344278900000006,68.5],[-53.34394040000001,68.5],[-53.34360190000001,68.5],[-53.34326340000001,68.5],[-53.342924900000014,68.5],[-53.342586299999994,68.5],[-53.342247799999996,68.5],[-53.3419093,68.5],[-53.3415708,68.5],[-53.34123219999998,68.5],[-53.34089369999998,68.5],[-53.34055519999998,68.5],[-53.340216699999985,68.5],[-53.33987810000002,68.5],[-53.33953960000002,68.5],[-53.339201100000025,68.5],[-53.33886260000003,68.5],[-53.33852400000001,68.5],[-53.33818550000001,68.5],[-53.33784700000001,68.5],[-53.33750850000001,68.5],[-53.33716989999999,68.5],[-53.336831399999994,68.5],[-53.336492899999996,68.5],[-53.3361544,68.5],[-53.33581579999998,68.5],[-53.33547729999998,68.5],[-53.33513879999998,68.5],[-53.33480029999998,68.5],[-53.334461799999985,68.5],[-53.33412320000002,68.5],[-53.333784700000024,68.5],[-53.333446200000026,68.5],[-53.33310770000003,68.5],[-53.33276910000001,68.5],[-53.33243060000001,68.5],[-53.33209210000001,68.5],[-53.33175360000001,68.5],[-53.33141499999999,68.5],[-53.331076499999995,68.5],[-53.330738,68.5],[-53.3307322,68.5],[-53.3303995,68.5],[-53.33006089999998,68.5],[-53.32972239999998,68.5],[-53.32965089999999,68.5],[-53.32938389999998,68.5],[-53.329045399999984,68.5],[-53.32870680000002,68.5],[-53.32836830000002,68.5],[-53.328029800000024,68.5],[-53.327691300000026,68.5],[-53.327352700000006,68.5],[-53.32701420000001,68.5],[-53.32667570000001,68.5],[-53.32633720000001,68.5],[-53.325998700000014,68.5],[-53.32566009999999,68.5],[-53.325321599999995,68.5],[-53.3249831,68.5],[-53.3246446,68.5],[-53.32430599999998,68.5],[-53.32396749999998,68.5],[-53.32382899999999,68.5],[-53.32362899999998,68.5],[-53.323290499999985,68.5],[-53.32295190000002,68.5],[-53.32261340000002,68.5],[-53.322274900000025,68.5],[-53.32193640000003,68.5],[-53.321597800000006,68.5],[-53.32125930000001,68.5],[-53.32092080000001,68.5],[-53.32058230000001,68.5],[-53.32024369999999,68.5],[-53.319905199999994,68.5],[-53.319566699999996,68.5],[-53.3192282,68.5],[-53.31888959999998,68.5],[-53.31855109999998,68.5],[-53.31821259999998,68.5],[-53.31787409999998,68.5],[-53.317535599999985,68.5],[-53.31747990000002,68.5],[-53.31719700000002,68.5],[-53.31685850000002,68.5],[-53.316520000000025,68.5],[-53.31618150000003,68.5],[-53.31584290000001,68.5],[-53.31550440000001,68.5],[-53.31516590000001,68.5],[-53.31482740000001,68.5],[-53.31448879999999,68.5],[-53.314150299999994,68.5],[-53.313811799999996,68.5],[-53.3134733,68.5],[-53.31313469999998,68.5],[-53.31279619999998,68.5],[-53.31245769999998,68.5],[-53.312119199999984,68.5],[-53.31178060000002,68.5],[-53.31144210000002,68.5],[-53.311103600000024,68.5],[-53.310765100000026,68.5],[-53.310426500000005,68.5],[-53.31008800000001,68.5],[-53.30974950000001,68.5],[-53.30941100000001,68.5],[-53.30907239999999,68.5],[-53.30873389999999,68.5],[-53.308395399999995,68.5],[-53.3080569,68.5],[-53.3077184,68.5],[-53.30737979999998,68.5],[-53.30704129999998,68.5],[-53.30670279999998,68.5],[-53.306364299999984,68.5],[-53.30602570000002,68.5],[-53.30568720000002,68.5],[-53.305348700000025,68.5],[-53.30501020000003,68.5],[-53.304671600000006,68.5],[-53.30433310000001,68.5],[-53.30399460000001,68.5],[-53.30365610000001,68.5],[-53.30331749999999,68.5],[-53.30297899999999,68.5],[-53.302640499999995,68.5],[-53.302302,68.5],[-53.30196339999998,68.5],[-53.301903700000025,68.5],[-53.30162489999998,68.5],[-53.30128639999998,68.5],[-53.30094789999998,68.5],[-53.30060930000002,68.5],[-53.30027080000002,68.5],[-53.29993230000002,68.5],[-53.299593800000025,68.5],[-53.29925530000003,68.5],[-53.29891670000001,68.5],[-53.29857820000001,68.5],[-53.29823970000001,68.5],[-53.29790120000001,68.5],[-53.29756259999999,68.5],[-53.297224099999994,68.5],[-53.296885599999996,68.5],[-53.2965471,68.5],[-53.29620849999998,68.5],[-53.29586999999998,68.5],[-53.295626700000014,68.5],[-53.29553149999998,68.5],[-53.29519299999998,68.5],[-53.29485440000002,68.5],[-53.29451590000002,68.5],[-53.294177400000024,68.5],[-53.293838900000026,68.5],[-53.293500300000005,68.5],[-53.29316180000001,68.5],[-53.29282330000001,68.5],[-53.29248480000001,68.5],[-53.29214619999999,68.5],[-53.29180769999999,68.5],[-53.291469199999995,68.5],[-53.2911307,68.5],[-53.2907922,68.5],[-53.29045359999998,68.5],[-53.29011509999998,68.5],[-53.28977659999998,68.5],[-53.289438099999984,68.5],[-53.28909950000002,68.5],[-53.28876100000002,68.5],[-53.288422500000024,68.5],[-53.288084000000026,68.5],[-53.287745400000006,68.5],[-53.28740690000001,68.5],[-53.28706840000001,68.5],[-53.28672990000001,68.5],[-53.28639129999999,68.5],[-53.28605279999999,68.5],[-53.285714299999995,68.5],[-53.2853758,68.5],[-53.28503719999998,68.5],[-53.28469869999998,68.5],[-53.28436019999998,68.5],[-53.28402169999998,68.5],[-53.28368310000002,68.5],[-53.28334460000002,68.5],[-53.28300610000002,68.5],[-53.282667600000025,68.5],[-53.28232910000003,68.5],[-53.281990500000006,68.5],[-53.28165200000001,68.5],[-53.28131350000001,68.5],[-53.28097500000001,68.5],[-53.28063639999999,68.5],[-53.280297899999994,68.5],[-53.279959399999996,68.5],[-53.2796209,68.5],[-53.27928229999998,68.5],[-53.27894379999998,68.5],[-53.27860529999998,68.5],[-53.27826679999998,68.5],[-53.27792820000002,68.5],[-53.27758970000002,68.5],[-53.27725120000002,68.5],[-53.276912700000025,68.5],[-53.276574100000005,68.5],[-53.27623560000001,68.5],[-53.27589710000001,68.5],[-53.27555860000001,68.5],[-53.27521999999999,68.5],[-53.27488149999999,68.5],[-53.274542999999994,68.5],[-53.274204499999996,68.5],[-53.273865899999976,68.5],[-53.27352739999998,68.5],[-53.27318889999998,68.5],[-53.27285039999998,68.5],[-53.272511899999984,68.5],[-53.27217330000002,68.5],[-53.27183480000002,68.5],[-53.271496300000024,68.5],[-53.271157800000026,68.5],[-53.270819200000005,68.5],[-53.27048070000001,68.5],[-53.27014220000001,68.5],[-53.26980370000001,68.5],[-53.269603200000006,68.5],[-53.26946509999999,68.5],[-53.26912659999999,68.5],[-53.268788099999995,68.5],[-53.2684496,68.5],[-53.268110999999976,68.5],[-53.26777249999998,68.5],[-53.26743399999998,68.5],[-53.26724230000002,68.5],[-53.26709549999998,68.5],[-53.26675690000002,68.5],[-53.26641840000002,68.5],[-53.26607990000002,68.5],[-53.265741400000024,68.5],[-53.265402800000004,68.5],[-53.265064300000006,68.5],[-53.26472580000001,68.5],[-53.26438730000001,68.5],[-53.26404880000001,68.5],[-53.26371019999999,68.5],[-53.26337169999999,68.5],[-53.263033199999995,68.5],[-53.2626947,68.5],[-53.26235609999998,68.5],[-53.26201759999998,68.5],[-53.26167909999998,68.5],[-53.26134059999998,68.5],[-53.26100200000002,68.5],[-53.26066350000002,68.5],[-53.26032500000002,68.5],[-53.259986500000025,68.5],[-53.259647900000004,68.5],[-53.25930940000001,68.5],[-53.25897090000001,68.5],[-53.25863240000001,68.5],[-53.25829379999999,68.5],[-53.25795529999999,68.5],[-53.257616799999994,68.5],[-53.257278299999996,68.5],[-53.256939699999975,68.5],[-53.25660119999998,68.5],[-53.25626269999998,68.5],[-53.25592419999998,68.5],[-53.25558569999998,68.5],[-53.25524710000002,68.5],[-53.25491119999998,68.5],[-53.25490860000002,68.5],[-53.254570100000024,68.5],[-53.254231600000026,68.5],[-53.253893000000005,68.5],[-53.25355450000001,68.5],[-53.25321600000001,68.5],[-53.25287750000001,68.5],[-53.25274810000002,68.5],[-53.25254210000003,68.5],[-53.25253889999999,68.5],[-53.25220039999999,68.5],[-53.25208420000001,68.5],[-53.251861899999994,68.5],[-53.251523399999996,68.5],[-53.251184799999976,68.5],[-53.25117519999998,68.5],[-53.25100950000001,68.5],[-53.25030199999998,68.5],[-53.25016929999998,68.5],[-53.24983070000002,68.5],[-53.24977860000001,68.5],[-53.24679579999997,68.5],[-53.24678399999999,68.5],[-53.21512869999998,68.5],[-53.21496280000002,68.5],[-53.2146242,68.5],[-53.214285700000005,68.5],[-53.21394720000001,68.5],[-53.21360870000001,68.5],[-53.21327009999999,68.5],[-53.213182200000006,68.5],[-53.21293159999999,68.5],[-53.21259309999999,68.5],[-53.212254599999994,68.5],[-53.211916099999996,68.5],[-53.211577499999976,68.5],[-53.21123899999998,68.5],[-53.21090049999998,68.5],[-53.21056199999998,68.5],[-53.21022340000002,68.5],[-53.20988490000002,68.5],[-53.20954640000002,68.5],[-53.209207900000024,68.5],[-53.2088693,68.5],[-53.208640600000024,68.5],[-53.208530800000005,68.5],[-53.20819230000001,68.5],[-53.20785380000001,68.5],[-53.20751519999999,68.5],[-53.20717669999999,68.5],[-53.20683819999999,68.5],[-53.206499699999995,68.5],[-53.206161099999974,68.5],[-53.205822599999976,68.5],[-53.20548409999998,68.5],[-53.20514559999998,68.5],[-53.20480700000002,68.5],[-53.20446850000002,68.5],[-53.20413000000002,68.5],[-53.20379150000002,68.5],[-53.203453000000025,68.5],[-53.203114400000004,68.5],[-53.202775900000006,68.5],[-53.20243740000001,68.5],[-53.20209890000001,68.5],[-53.20176029999999,68.5],[-53.20142179999999,68.5],[-53.20108329999999,68.5],[-53.200744799999995,68.5],[-53.200406199999975,68.5],[-53.200393399999996,68.5],[-53.20006769999998,68.5],[-53.19972919999998,68.5],[-53.19939069999998,68.5],[-53.19905210000002,68.5],[-53.19871360000002,68.5],[-53.19837510000002,68.5],[-53.19803660000002,68.5],[-53.197698,68.5],[-53.197359500000005,68.5],[-53.19702100000001,68.5],[-53.19668250000001,68.5],[-53.19634389999999,68.5],[-53.19600539999999,68.5],[-53.19566689999999,68.5],[-53.195328399999994,68.5],[-53.19498979999997,68.5],[-53.194651299999975,68.5],[-53.19431279999998,68.5],[-53.19424650000002,68.5],[-53.19397429999998,68.5],[-53.19363579999998,68.5],[-53.19329720000002,68.5],[-53.19295870000002,68.5],[-53.19262020000002,68.5],[-53.192281700000024,68.5],[-53.1919431,68.5],[-53.191604600000005,68.5],[-53.19126610000001,68.5],[-53.19092760000001,68.5],[-53.19058899999999,68.5],[-53.19025049999999,68.5],[-53.18991199999999,68.5],[-53.189573499999995,68.5],[-53.189234899999974,68.5],[-53.188896399999976,68.5],[-53.18855789999998,68.5],[-53.18821939999998,68.5],[-53.187880800000016,68.5],[-53.18754230000002,68.5],[-53.18720380000002,68.5],[-53.18686530000002,68.5],[-53.1865267,68.5],[-53.186188200000004,68.5],[-53.185849700000006,68.5],[-53.18551120000001,68.5],[-53.18517270000001,68.5],[-53.18483409999999,68.5],[-53.18449559999999,68.5],[-53.18415709999999,68.5],[-53.183818599999995,68.5],[-53.183479999999975,68.5],[-53.18314149999998,68.5],[-53.18280299999998,68.5],[-53.18246449999998,68.5],[-53.1822727,68.5],[-53.156557299999974,68.5],[-53.02593009999998,68.5],[-53.02486349999998,68.5],[-53.02360399999998,68.5],[-53.022626600000024,68.5],[-53.01955779999997,68.5],[-53.01136810000003,68.5],[-53.00056230000001,68.5],[-53.0,68.5],[-53.0,68.50130000000001],[-53.0,68.50138399999997],[-53.0,68.52382940000001],[-53.0,68.52424710000003],[-53.0,68.52550400000001],[-53.0,68.52572780000003],[-53.0,68.5258],[-53.0,68.52584389999998],[-53.0,68.52685079999998],[-53.0,68.52708189999998],[-53.0,68.52717999999999],[-53.0,68.5272172],[-53.0,68.5294346],[-53.0,68.53259969999999],[-53.0,68.5359259],[-53.0,68.5383458],[-53.0,68.5400783],[-53.0,68.54110120000001],[-53.0,68.54320760000002],[-53.0,68.54677850000002],[-53.0,68.54973910000001],[-53.0,68.55005779999999],[-53.0,68.57671859999999],[-53.0,68.58630740000001],[-53.0,68.58675349999999],[-53.0,68.58957650000002],[-53.0,68.590217],[-53.0,68.5903859],[-53.0,68.5906],[-53.0,68.59072270000001],[-53.0,68.59108680000003],[-53.0,68.59140150000002],[-53.0,68.59174000000002],[-53.0,68.59207850000001],[-53.0,68.59230000000002],[-53.0,68.59241709999998],[-53.0,68.59255710000002],[-53.0,68.59375970000002],[-53.0,68.59582799999998],[-53.0,68.59710360000003],[-53.0,68.59728339999998],[-53.0,68.59967119999999],[-53.0,68.60183110000003],[-53.0,68.6025985],[-53.0,68.6042445],[-53.0,68.60645549999998],[-53.0,68.60776179999999],[-53.0,68.60949870000002],[-53.0,68.61056409999998],[-53.0,68.61118699999997],[-53.0,68.61369509999997],[-53.0,68.61532670000003],[-53.0,68.61624369999998],[-53.0,68.6209356],[-53.0,68.6213525],[-53.0,68.62250469999998],[-53.0,68.62735679999997],[-53.0,68.62863290000001],[-53.0,68.62965659999998],[-53.0,68.63240689999998],[-53.0,68.63398849999999],[-53.0,68.63464119999998],[-53.0,68.63571080000003],[-53.0,68.63684749999999],[-53.0,68.6378537],[-53.0,68.6389954],[-53.0,68.64050630000003],[-53.0,68.64163819999999],[-53.0,68.64184160000002],[-53.0,68.64187429999998],[-53.0,68.64218010000002],[-53.0,68.64251860000002],[-53.0,68.64285710000001],[-53.0,68.64319569999998],[-53.0,68.64353419999998],[-53.0,68.64374450000003],[-53.0,68.6462138],[-53.0,68.6462424],[-53.0,68.646274],[-53.0,68.64656209999998],[-53.0,68.6465809],[-53.0,68.64675319999998],[-53.0,68.64675410000001],[-53.0,68.6469194],[-53.0,68.64725800000002],[-53.0,68.64759650000002],[-53.0,68.6477863],[-53.0,68.64778639999997],[-53.0,68.64793500000002],[-53.0,68.64827350000002],[-53.0,68.64861209999998],[-53.0,68.64895059999998],[-53.0,68.64928909999998],[-53.0,68.64962759999997],[-53.0,68.6499662],[-53.0,68.65021840000003],[-53.0,68.65022069999998],[-53.0,68.65030469999999],[-53.0,68.65064319999999],[-53.0,68.65098169999999],[-53.0,68.65132019999999],[-53.0,68.65135800000002],[-53.0,68.6516588],[-53.0,68.65190669999998],[-53.0,68.65190769999998],[-53.0,68.6519973],[-53.0,68.6521186],[-53.0,68.6521189],[-53.0,68.65218190000002],[-53.0,68.65219359999998],[-53.0,68.65220479999999],[-53.0,68.6523358],[-53.0,68.6524546],[-53.0,68.65283169999998],[-53.0,68.655956],[-53.0,68.6577201],[-53.0,68.6583761],[-53.0,68.65838289999999],[-53.0,68.6585116],[-53.0,68.65866490000002],[-53.0,68.65876780000002],[-53.0,68.65910630000002],[-53.0,68.65911499999999],[-53.0,68.65944480000002],[-53.0,68.65966759999998],[-53.0,68.65969419999999],[-53.0,68.65978330000002],[-53.0,68.66012189999998],[-53.0,68.66046039999998],[-53.0,68.66052280000002],[-53.0,68.66069920000001],[-53.0,68.66079889999997],[-53.0,68.66113739999997],[-53.0,68.66118039999998],[-53.0,68.66118610000001],[-53.0,68.661476],[-53.0,68.66181449999999],[-53.0,68.66215299999999],[-53.0,68.66249149999999],[-53.0,68.66283010000001],[-53.0,68.6630877],[-53.0,68.66309189999998],[-53.0,68.6631686],[-53.0,68.6635071],[-53.0,68.6638456],[-53.0,68.66418420000002],[-53.0,68.66452270000002],[-53.0,68.66486120000002],[-53.0,68.66512890000001],[-53.0,68.66513149999997],[-53.0,68.66519970000002],[-53.0,68.6653245],[-53.0,68.66533429999998],[-53.0,68.66537019999998],[-53.0,68.66545539999998],[-53.0,68.66547789999998],[-53.0,68.66553829999998],[-53.0,68.66564],[-53.0,68.66793539999998],[-53.0,68.67093119999998],[-53.0,68.6719],[-53.0,68.67211209999999],[-53.0,68.67230869999997],[-53.0,68.6726473],[-53.0,68.67298579999999],[-53.0,68.67332429999999],[-53.0,68.67366279999999],[-53.0,68.67400140000001],[-53.0,68.6743399],[-53.0,68.6746784],[-53.0,68.6750169],[-53.0,68.67535550000002],[-53.0,68.67569400000002],[-53.0,68.67603250000002],[-53.0,68.67631160000002],[-53.0,68.67639659999998],[-53.0,68.6788755],[-53.0,68.67892699999999],[-53.0,68.67907919999999],[-53.0,68.67941769999999],[-53.0,68.67975630000001],[-53.0,68.6800948],[-53.0,68.68040000000002],[-53.0,68.6804333],[-53.0,68.68045059999997],[-53.0,68.68157810000002],[-53.0,68.68175209999998],[-53.0,68.68178740000002],[-53.0,68.6818864],[-53.0,68.68212590000002],[-53.0,68.68229500000001],[-53.0,68.68246449999998],[-53.0,68.68247550000001],[-53.0,68.68252330000001],[-53.0,68.6825809],[-53.0,68.68259369999998],[-53.0,68.6827293],[-53.0,68.68273019999998],[-53.0,68.68280299999998],[-53.0,68.68314149999998],[-53.0,68.68323520000001],[-53.0,68.6832536],[-53.0,68.68347999999997],[-53.0,68.683694],[-53.0,68.68369460000002],[-53.0,68.6838186],[-53.0,68.6841571],[-53.0,68.68449559999999],[-53.0,68.68483409999999],[-53.0,68.68517270000001],[-53.0,68.68551120000001],[-53.0,68.68555850000001],[-53.0,68.68555880000002],[-53.0,68.6858497],[-53.0,68.6861882],[-53.0,68.6865267],[-53.0,68.68680869999997],[-53.0,68.68681379999998],[-53.0,68.68686530000002],[-53.0,68.68720380000002],[-53.0,68.68728529999998],[-53.0,68.68728570000002],[-53.0,68.68754230000002],[-53.0,68.687748],[-53.0,68.68774930000001],[-53.0,68.68788080000002],[-53.0,68.68821939999998],[-53.0,68.68855789999998],[-53.0,68.68889639999998],[-53.0,68.68923489999997],[-53.0,68.68950840000002],[-53.0,68.68950919999997],[-53.0,68.6895735],[-53.0,68.68991199999999],[-53.0,68.69025049999999],[-53.0,68.69031280000002],[-53.0,68.69031339999998],[-53.0,68.69058899999999],[-53.0,68.69092760000001],[-53.0,68.6912661],[-53.0,68.6916046],[-53.0,68.6919431],[-53.0,68.69228170000002],[-53.0,68.69262020000002],[-53.0,68.69295870000002],[-53.0,68.69329720000002],[-53.0,68.69363579999998],[-53.0,68.69397429999998],[-53.0,68.69431279999998],[-53.0,68.69465129999998],[-53.0,68.69498979999997],[-53.0,68.6953284],[-53.0,68.69566689999999],[-53.0,68.69600539999999],[-53.0,68.69634389999999],[-53.0,68.69668250000001],[-53.0,68.69689699999998],[-53.0,68.69691599999999],[-53.0,68.697021],[-53.0,68.6973595],[-53.0,68.697698],[-53.0,68.69803660000002],[-53.0,68.69837510000002],[-53.0,68.69871360000002],[-53.0,68.69905210000002],[-53.0,68.69939069999998],[-53.0,68.69972919999998],[-53.0,68.70006769999998],[-53.0,68.70040619999997],[-53.0,68.7007448],[-53.0,68.7010833],[-53.0,68.7013475],[-53.0,68.70142179999999],[-53.0,68.70144859999999],[-53.0,68.70145930000001],[-53.0,68.70163250000002],[-53.0,68.70163989999998],[-53.0,68.70175310000002],[-53.0,68.70176029999999],[-53.0,68.70182319999998],[-53.0,68.70205440000001],[-53.0,68.70209890000001],[-53.0,68.70243740000001],[-53.0,68.7027759],[-53.0,68.7031144],[-53.0,68.70340770000001],[-53.0,68.70399070000002],[-53.0,68.70413000000002],[-53.0,68.7042169],[-53.0,68.70425740000002],[-53.0,68.7042937],[-53.0,68.7044153],[-53.0,68.70443940000001],[-53.0,68.70446850000002],[-53.0,68.70450419999997],[-53.0,68.7045046],[-53.0,68.70480700000002],[-53.0,68.70493929999998],[-53.0,68.70494009999999],[-53.0,68.70514559999998],[-53.0,68.70548409999998],[-53.0,68.70582259999998],[-53.0,68.70616109999997],[-53.0,68.7064997],[-53.0,68.70673019999998],[-53.0,68.70683819999999],[-53.0,68.70717669999999],[-53.0,68.70751519999999],[-53.0,68.70785380000001],[-53.0,68.70819230000001],[-53.0,68.7085308],[-53.0,68.70871119999998],[-53.0,68.70871690000001],[-53.0,68.7088693],[-53.0,68.70910079999999],[-53.0,68.70910140000001],[-53.0,68.70920790000002],[-53.0,68.70928939999999],[-53.0,68.70930879999997],[-53.0,68.70954619999998],[-53.0,68.7096161],[-53.0,68.71080749999999],[-53.0,68.71332919999998],[-53.0,68.71429460000002],[-53.0,68.71447560000001],[-53.0,68.7146242],[-53.0,68.71496280000002],[-53.0,68.71530130000002],[-53.0,68.71563980000002],[-53.0,68.71597830000002],[-53.0,68.71631689999998],[-53.0,68.71665539999998],[-53.0,68.71699389999998],[-53.0,68.71733239999998],[-53.0,68.717671],[-53.0,68.7180095],[-53.0,68.71834799999999],[-53.0,68.71868649999999],[-53.0,68.71902510000001],[-53.0,68.71936360000001],[-53.0,68.7197021],[-53.0,68.7200406],[-53.0,68.72037920000002],[-53.0,68.72071770000002],[-53.0,68.72105620000002],[-53.0,68.72131109999998],[-53.0,68.72139470000002],[-53.0,68.72139859999999],[-53.0,68.72317500000003],[-53.0,68.72360700000002],[-53.0,68.7237644],[-53.0,68.72410289999999],[-53.0,68.72444139999999],[-53.0,68.72449319999998],[-53.0,68.72478000000001],[-53.0,68.72491150000002],[-53.0,68.72511850000001],[-53.0,68.72542149999998],[-53.0,68.7254274],[-53.0,68.725457],[-53.0,68.7257955],[-53.0,68.72613410000002],[-53.0,68.72647260000002],[-53.0,68.72681110000002],[-53.0,68.72714960000002],[-53.0,68.72748819999998],[-53.0,68.72782669999998],[-53.0,68.72816519999998],[-53.0,68.72850369999998],[-53.0,68.7288423],[-53.0,68.7290567],[-53.0,68.7291808],[-53.0,68.72951929999999],[-53.0,68.72985779999999],[-53.0,68.73019629999999],[-53.0,68.7304297],[-53.0,68.73052030000002],[-53.0,68.73053490000001],[-53.0,68.73087340000001],[-53.0,68.7312119],[-53.0,68.7315504],[-53.0,68.73188900000002],[-53.0,68.73222750000002],[-53.0,68.73256600000002],[-53.0,68.73290450000002],[-53.0,68.73324309999998],[-53.0,68.73358159999998],[-53.0,68.7336325],[-53.0,68.7337718],[-53.0,68.73392009999998],[-53.0,68.73425859999998],[-53.0,68.7345972],[-53.0,68.7349357],[-53.0,68.73527419999999],[-53.0,68.73545309999997],[-53.0,68.73545619999999],[-53.0,68.73561269999999],[-53.0,68.73595130000001],[-53.0,68.73628980000001],[-53.0,68.73640260000002],[-53.0,68.73642919999998],[-53.0,68.7366283],[-53.0,68.7369668],[-53.0,68.73730540000003],[-53.0,68.73753140000002],[-53.0,68.73753979999998],[-53.0,68.73764390000002],[-53.0,68.73798240000002],[-53.0,68.73832090000002],[-53.0,68.7384644],[-53.0,68.73846800000001],[-53.0,68.73865940000002],[-53.0,68.73899799999998],[-53.0,68.73933649999998],[-53.0,68.73967499999998],[-53.0,68.74001349999998],[-53.0,68.7403521],[-53.0,68.7406052],[-53.0,68.74066670000002],[-53.0,68.7406906],[-53.0,68.74102909999999],[-53.0,68.74136759999999],[-53.0,68.74143570000001],[-53.0,68.74145709999999],[-53.0,68.74170620000001],[-53.0,68.74204470000001],[-53.0,68.7423832],[-53.0,68.7427217],[-53.0,68.74306030000002],[-53.0,68.74339880000002],[-53.0,68.74373730000002],[-53.0,68.74407580000002],[-53.0,68.74441439999998],[-53.0,68.7444544],[-53.0,68.74449870000001],[-53.0,68.74475289999998],[-53.0,68.74509139999998],[-53.0,68.74542989999998],[-53.0,68.7456836],[-53.0,68.74572469999998],[-53.0,68.7457685],[-53.0,68.746107],[-53.0,68.7464455],[-53.0,68.74660610000001],[-53.0,68.74678399999999],[-53.0,68.7468599],[-53.0,68.74712260000001],[-53.0,68.74746110000001],[-53.0,68.74779960000001],[-53.0,68.7481381],[-53.0,68.7484766],[-53.0,68.74859980000002],[-53.0,68.7486788],[-53.0,68.74873350000001],[-53.0,68.74881520000002],[-53.0,68.7489673],[-53.0,68.74897549999997],[-53.0,68.74915370000002],[-53.0,68.74925480000002],[-53.0,68.75],[-53.0,68.75006180000003],[-53.0,68.75348400000001],[-53.0,68.75487750000002],[-53.0,68.75490860000002],[-53.0,68.75524710000002],[-53.0,68.75558569999998],[-53.0,68.75578810000002],[-53.0,68.75592419999998],[-53.0,68.75620199999997],[-53.0,68.75626269999998],[-53.0,68.75660119999998],[-53.0,68.75675760000001],[-53.0,68.7567879],[-53.0,68.75693969999998],[-53.0,68.7572783],[-53.0,68.7576168],[-53.0,68.75795529999999],[-53.0,68.75829379999999],[-53.0,68.75863240000001],[-53.0,68.75897090000001],[-53.0,68.7593094],[-53.0,68.7596479],[-53.0,68.75998650000002],[-53.0,68.76032500000002],[-53.0,68.76066350000002],[-53.0,68.76100200000002],[-53.0,68.76134059999998],[-53.0,68.76167909999998],[-53.0,68.76201759999998],[-53.0,68.76235609999998],[-53.0,68.7626947],[-53.0,68.7630332],[-53.0,68.7633717],[-53.0,68.76371019999999],[-53.0,68.76404880000001],[-53.0,68.76438730000001],[-53.0,68.76472580000001],[-53.0,68.7650643],[-53.0,68.76525040000001],[-53.0,68.76527829999998],[-53.0,68.7654028],[-53.0,68.76574140000002],[-53.0,68.76607990000002],[-53.0,68.76641840000002],[-53.0,68.76675690000002],[-53.0,68.76709549999998],[-53.0,68.76717839999998],[-53.0,68.7671795],[-53.0,68.76743399999998],[-53.0,68.76766930000002],[-53.0,68.76767039999999],[-53.0,68.76777249999998],[-53.0,68.76811099999998],[-53.0,68.7684496],[-53.0,68.7687881],[-53.0,68.76899120000002],[-53.0,68.7690045],[-53.0,68.76912659999999],[-53.0,68.76938419999999],[-53.0,68.7693855],[-53.0,68.76946509999999],[-53.0,68.76980370000001],[-53.0,68.77014220000001],[-53.0,68.77048070000001],[-53.0,68.7705896],[-53.0,68.77060569999998],[-53.0,68.7708192],[-53.0,68.77115780000003],[-53.0,68.77149630000002],[-53.0,68.77183480000002],[-53.0,68.77217330000002],[-53.0,68.77251189999998],[-53.0,68.77285039999998],[-53.0,68.77318889999998],[-53.0,68.77352739999998],[-53.0,68.77386589999998],[-53.0,68.7742045],[-53.0,68.774543],[-53.0,68.77488149999999],[-53.0,68.77521999999999],[-53.0,68.77555860000001],[-53.0,68.77589710000001],[-53.0,68.7762356],[-53.0,68.7765741],[-53.0,68.77691270000003],[-53.0,68.77725120000002],[-53.0,68.77758970000002],[-53.0,68.77792820000002],[-53.0,68.77826679999998],[-53.0,68.77860529999998],[-53.0,68.7786203],[-53.0,68.77894379999998],[-53.0,68.77906680000001],[-53.0,68.77928229999998],[-53.0,68.7796209],[-53.0,68.7799594],[-53.0,68.7802979],[-53.0,68.78063639999999],[-53.0,68.78097500000001],[-53.0,68.78131350000001],[-53.0,68.78165200000001],[-53.0,68.7819905],[-53.0,68.78232910000003],[-53.0,68.78266760000002],[-53.0,68.78300610000002],[-53.0,68.78334460000002],[-53.0,68.78368310000002],[-53.0,68.78402169999998],[-53.0,68.78436019999998],[-53.0,68.78469869999998],[-53.0,68.78503719999998],[-53.0,68.7853758],[-53.0,68.7857143],[-53.0,68.7860528],[-53.0,68.78639129999999],[-53.0,68.78660389999999],[-53.0,68.78660459999998],[-53.0,68.78672990000001],[-53.0,68.78706840000001],[-53.0,68.78740690000001],[-53.0,68.78740859999999],[-53.0,68.7874094],[-53.0,68.7877454],[-53.0,68.78808400000003],[-53.0,68.78842250000002],[-53.0,68.78876100000002],[-53.0,68.78909950000002],[-53.0,68.78930250000002],[-53.0,68.78943809999998],[-53.0,68.78959780000002],[-53.0,68.7896073],[-53.0,68.78977659999998],[-53.0,68.78985790000002],[-53.0,68.7898596],[-53.0,68.79011509999998],[-53.0,68.79045359999998],[-53.0,68.7907922],[-53.0,68.7911307],[-53.0,68.7914692],[-53.0,68.79180769999999],[-53.0,68.79214619999999],[-53.0,68.79248480000001],[-53.0,68.79282330000001],[-53.0,68.79316180000001],[-53.0,68.7935003],[-53.0,68.79383890000003],[-53.0,68.79417740000002],[-53.0,68.79451590000002],[-53.0,68.79485440000002],[-53.0,68.79519299999998],[-53.0,68.79553149999998],[-53.0,68.79586999999998],[-53.0,68.79620849999998],[-53.0,68.7965471],[-53.0,68.7968856],[-53.0,68.7972241],[-53.0,68.79756259999999],[-53.0,68.7978498],[-53.0,68.79785149999998],[-53.0,68.79790120000001],[-53.0,68.79823970000001],[-53.0,68.79857820000001],[-53.0,68.7989167],[-53.0,68.79925070000002],[-53.0,68.79925530000003],[-53.0,68.79925739999999],[-53.0,68.79959380000003],[-53.0,68.79993230000002],[-53.0,68.80027080000002],[-53.0,68.80060930000002],[-53.0,68.80094789999998],[-53.0,68.80128639999998],[-53.0,68.80162489999998],[-53.0,68.80196339999998],[-53.0,68.802302],[-53.0,68.8026405],[-53.0,68.802979],[-53.0,68.80304810000001],[-53.0,68.80305049999998],[-53.0,68.80331749999999],[-53.0,68.80365610000001],[-53.0,68.8039867],[-53.0,68.80399460000001],[-53.0,68.80401849999998],[-53.0,68.80433310000001],[-53.0,68.8046716],[-53.0,68.80501020000003],[-53.0,68.80534870000002],[-53.0,68.80568720000002],[-53.0,68.80602570000002],[-53.0,68.80636429999998],[-53.0,68.80670279999998],[-53.0,68.80704129999998],[-53.0,68.80737979999998],[-53.0,68.8077184],[-53.0,68.8080569],[-53.0,68.8083954],[-53.0,68.8087339],[-53.0,68.80907239999999],[-53.0,68.80941100000001],[-53.0,68.80974950000001],[-53.0,68.81008800000001],[-53.0,68.8104265],[-53.0,68.81076510000003],[-53.0,68.81110360000002],[-53.0,68.81144210000002],[-53.0,68.81178060000002],[-53.0,68.81211919999998],[-53.0,68.81245769999998],[-53.0,68.81279619999998],[-53.0,68.81313469999998],[-53.0,68.8134733],[-53.0,68.8138118],[-53.0,68.8141503],[-53.0,68.81448879999999],[-53.0,68.81482740000001],[-53.0,68.81516590000001],[-53.0,68.81550440000001],[-53.0,68.8158429],[-53.0,68.81618150000003],[-53.0,68.81652000000003],[-53.0,68.81685850000002],[-53.0,68.81719700000002],[-53.0,68.81753559999999],[-53.0,68.81787409999998],[-53.0,68.81821259999998],[-53.0,68.81855109999998],[-53.0,68.81888959999998],[-53.0,68.8192282],[-53.0,68.8195667],[-53.0,68.8199052],[-53.0,68.82024369999999],[-53.0,68.82058230000001],[-53.0,68.82092080000001],[-53.0,68.82125930000001],[-53.0,68.8215978],[-53.0,68.82193640000003],[-53.0,68.82227490000002],[-53.0,68.82261340000002],[-53.0,68.82295190000002],[-53.0,68.82329049999998],[-53.0,68.82362899999998],[-53.0,68.82396749999998],[-53.0,68.82430599999998],[-53.0,68.8246446],[-53.0,68.8249831],[-53.0,68.8253216],[-53.0,68.8256601],[-53.0,68.82599870000001],[-53.0,68.82633720000001],[-53.0,68.82667570000001],[-53.0,68.82701420000001],[-53.0,68.8273527],[-53.0,68.82769130000003],[-53.0,68.82802980000002],[-53.0,68.82836830000002],[-53.0,68.82870680000002],[-53.0,68.82904539999998],[-53.0,68.82938389999998],[-53.0,68.82972239999998],[-53.0,68.83006089999998],[-53.0,68.8303995],[-53.0,68.830738],[-53.0,68.8310765],[-53.0,68.83141499999999],[-53.0,68.83175360000001],[-53.0,68.83209210000001],[-53.0,68.83243060000001],[-53.0,68.83276910000001],[-53.0,68.83310770000003],[-53.0,68.83344620000003],[-53.0,68.83378470000002],[-53.0,68.83412320000002],[-53.0,68.83446179999999],[-53.0,68.83480029999998],[-53.0,68.83513879999998],[-53.0,68.83547729999998],[-53.0,68.83581579999998],[-53.0,68.83597789999999],[-53.0,68.8361544],[-53.0,68.8364929],[-53.0,68.8368314],[-53.0,68.83716989999999],[-53.0,68.83750850000001],[-53.0,68.83784700000001],[-53.0,68.83818550000001],[-53.0,68.838524],[-53.0,68.83886260000003],[-53.0,68.8391742],[-53.0,68.8391972],[-53.0,68.83920110000003],[-53.0,68.83953960000002],[-53.0,68.83977620000002],[-53.0,68.83978180000003],[-53.0,68.83987810000002],[-53.0,68.84021669999998],[-53.0,68.84055519999998],[-53.0,68.84089369999998],[-53.0,68.84123219999998],[-53.0,68.8415708],[-53.0,68.8419093],[-53.0,68.8422478],[-53.0,68.8425863],[-53.0,68.84292490000001],[-53.0,68.84326340000001],[-53.0,68.84360190000001],[-53.0,68.84373169999998],[-53.0,68.84374489999999],[-53.0,68.84394040000001],[-53.0,68.8442789],[-53.0,68.84461750000003],[-53.0,68.84495600000002],[-53.0,68.84529450000002],[-53.0,68.84563300000002],[-53.0,68.84597159999998],[-53.0,68.84631009999998],[-53.0,68.84664859999998],[-53.0,68.84671859999997],[-53.0,68.84671959999997],[-53.0,68.84698709999998],[-53.0,68.8473257],[-53.0,68.8476642],[-53.0,68.8480027],[-53.0,68.8483412],[-53.0,68.84867980000001],[-53.0,68.84901830000001],[-53.0,68.84935680000001],[-53.0,68.84969530000001],[-53.0,68.85003390000003],[-53.0,68.85037240000003],[-53.0,68.85071090000002],[-53.0,68.85104940000002],[-53.0,68.85106489999998],[-53.0,68.85138799999999],[-53.0,68.85172649999998],[-53.0,68.85199849999998],[-53.0,68.85206499999998],[-53.0,68.8520934],[-53.0,68.85240349999998],[-53.0,68.85263250000003],[-53.0,68.85263350000002],[-53.0,68.85274199999998],[-53.0,68.8530806],[-53.0,68.8534191],[-53.0,68.8537576],[-53.0,68.85409609999999],[-53.0,68.85443470000001],[-53.0,68.85477320000001],[-53.0,68.85511170000001],[-53.0,68.85540839999999],[-53.0,68.85541119999999],[-53.0,68.8554502],[-53.0,68.85578880000003],[-53.0,68.85612730000003],[-53.0,68.85646580000002],[-53.0,68.85680430000002],[-53.0,68.85714289999999],[-53.0,68.85748139999998],[-53.0,68.85781989999998],[-53.0,68.85815839999998],[-53.0,68.858497],[-53.0,68.8588355],[-53.0,68.8591131],[-53.0,68.85911329999999],[-53.0,68.859174],[-53.0,68.8595125],[-53.0,68.85985110000001],[-53.0,68.86018960000001],[-53.0,68.86052810000001],[-53.0,68.86086660000001],[-53.0,68.86120519999997],[-53.0,68.86154370000003],[-53.0,68.86188220000003],[-53.0,68.86222070000002],[-53.0,68.86255920000002],[-53.0,68.86289779999998],[-53.0,68.86323629999998],[-53.0,68.86357479999998],[-53.0,68.86391329999998],[-53.0,68.8642519],[-53.0,68.8645904],[-53.0,68.8649289],[-53.0,68.8652674],[-53.0,68.86560600000001],[-53.0,68.86594450000001],[-53.0,68.86628300000001],[-53.0,68.86662150000001],[-53.0,68.86696009999997],[-53.0,68.86729860000003],[-53.0,68.86763710000002],[-53.0,68.86797560000002],[-53.0,68.86831419999999],[-53.0,68.86865269999998],[-53.0,68.86899119999998],[-53.0,68.86932969999998],[-53.0,68.86944940000001],[-53.0,68.8694506],[-53.0,68.8696683],[-53.0,68.8700068],[-53.0,68.8703453],[-53.0,68.8706838],[-53.0,68.87102229999999],[-53.0,68.87136090000001],[-53.0,68.87169940000001],[-53.0,68.87203790000001],[-53.0,68.87237640000001],[-53.0,68.87271500000003],[-53.0,68.87305350000003],[-53.0,68.87339200000002],[-53.0,68.87373050000002],[-53.0,68.87406909999999],[-53.0,68.8742244],[-53.0,68.87422909999998],[-53.0,68.87440759999998],[-53.0,68.87474609999998],[-53.0,68.87508459999998],[-53.0,68.8754232],[-53.0,68.8757617],[-53.0,68.8761002],[-53.0,68.8762901],[-53.0,68.87629049999998],[-53.0,68.8764387],[-53.0,68.87677730000001],[-53.0,68.87711580000001],[-53.0,68.87745430000001],[-53.0,68.87779280000001],[-53.0,68.87813139999997],[-53.0,68.87846990000003],[-53.0,68.87880840000003],[-53.0,68.87914690000002],[-53.0,68.87948540000002],[-53.0,68.87982399999999],[-53.0,68.88016249999998],[-53.0,68.88050099999998],[-53.0,68.88083949999998],[-53.0,68.8811781],[-53.0,68.8815166],[-53.0,68.8818551],[-53.0,68.8821936],[-53.0,68.88253220000001],[-53.0,68.88287070000001],[-53.0,68.88320920000001],[-53.0,68.88354770000001],[-53.0,68.88388629999997],[-53.0,68.88422480000003],[-53.0,68.88456330000002],[-53.0,68.88490180000002],[-53.0,68.88524039999999],[-53.0,68.88557889999998],[-53.0,68.88591739999998],[-53.0,68.88625589999998],[-53.0,68.8865945],[-53.0,68.886933],[-53.0,68.8872715],[-53.0,68.88761],[-53.0,68.8879485],[-53.0,68.88828710000001],[-53.0,68.88862560000001],[-53.0,68.88896410000001],[-53.0,68.88930260000001],[-53.0,68.88943510000001],[-53.0,68.8894621],[-53.0,68.88964120000003],[-53.0,68.88997970000003],[-53.0,68.89031820000002],[-53.0,68.89065670000002],[-53.0,68.89099529999999],[-53.0,68.89133379999998],[-53.0,68.89167229999998],[-53.0,68.89201079999998],[-53.0,68.8923494],[-53.0,68.8926879],[-53.0,68.8930264],[-53.0,68.8933649],[-53.0,68.89370350000002],[-53.0,68.89404200000001],[-53.0,68.89438050000001],[-53.0,68.89471900000001],[-53.0,68.89505759999997],[-53.0,68.89539610000003],[-53.0,68.89573460000003],[-53.0,68.89607310000002],[-53.0,68.89641169999999],[-53.0,68.89675019999999],[-53.0,68.89708869999998],[-53.0,68.89730309999999],[-53.0,68.89730500000002],[-53.0,68.89742719999998],[-53.0,68.89776569999998],[-53.0,68.8981043],[-53.0,68.8984428],[-53.0,68.8987813],[-53.0,68.8991198],[-53.0,68.89945840000001],[-53.0,68.89979690000001],[-53.0,68.90013540000001],[-53.0,68.90024670000003],[-53.0,68.90024749999998],[-53.0,68.90047390000001],[-53.0,68.90081249999997],[-53.0,68.90111630000001],[-53.0,68.90111860000002],[-53.0,68.90115100000003],[-53.0,68.90148950000003],[-53.0,68.90182800000002],[-53.0,68.90216659999999],[-53.0,68.90250509999998],[-53.0,68.90284359999998],[-53.0,68.90318209999998],[-53.0,68.9035207],[-53.0,68.9038592],[-53.0,68.9041977],[-53.0,68.9045362],[-53.0,68.90487480000002],[-53.0,68.90521330000001],[-53.0,68.90555180000001],[-53.0,68.90589030000001],[-53.0,68.90622880000001],[-53.0,68.90656739999997],[-53.0,68.90690590000003],[-53.0,68.90724440000002],[-53.0,68.90758290000002],[-53.0,68.90792149999999],[-53.0,68.90825999999998],[-53.0,68.90859849999998],[-53.0,68.90893699999998],[-53.0,68.9092756],[-53.0,68.9096141],[-53.0,68.9099526],[-53.0,68.9102911],[-53.0,68.91062970000002],[-53.0,68.91096820000001],[-53.0,68.91130670000001],[-53.0,68.91164520000001],[-53.0,68.91198379999997],[-53.0,68.91232230000003],[-53.0,68.91266080000003],[-53.0,68.91299930000002],[-53.0,68.91333789999999],[-53.0,68.91367639999999],[-53.0,68.9137599],[-53.0,68.9137723],[-53.0,68.91401489999998],[-53.0,68.91435339999998],[-53.0,68.91469189999998],[-53.0,68.9150305],[-53.0,68.915369],[-53.0,68.9157075],[-53.0,68.916046],[-53.0,68.91638460000001],[-53.0,68.91672310000001],[-53.0,68.91706160000001],[-53.0,68.91740010000001],[-53.0,68.91773869999997],[-53.0,68.91807720000003],[-53.0,68.91841570000003],[-53.0,68.91875420000002],[-53.0,68.91909279999999],[-53.0,68.91943129999999],[-53.0,68.91976979999998],[-53.0,68.92010829999998],[-53.0,68.9204469],[-53.0,68.9207854],[-53.0,68.9211239],[-53.0,68.9214624],[-53.0,68.92180100000002],[-53.0,68.92213950000001],[-53.0,68.92247800000001],[-53.0,68.92281650000001],[-53.0,68.92315500000001],[-53.0,68.92349359999997],[-53.0,68.92383210000003],[-53.0,68.92417060000002],[-53.0,68.92450910000002],[-53.0,68.92484769999999],[-53.0,68.92518619999998],[-53.0,68.92552469999998],[-53.0,68.92586319999998],[-53.0,68.9262018],[-53.0,68.9265403],[-53.0,68.9268788],[-53.0,68.9272173],[-53.0,68.92732430000001],[-53.0,68.92733659999999],[-53.0,68.92755590000002],[-53.0,68.92789440000001],[-53.0,68.92813769999998],[-53.0,68.92814019999997],[-53.0,68.92823290000001],[-53.0,68.92857140000001],[-53.0,68.92890999999997],[-53.0,68.92924850000003],[-53.0,68.92958700000003],[-53.0,68.92992550000002],[-53.0,68.93026409999999],[-53.0,68.93060259999999],[-53.0,68.93094109999998],[-53.0,68.93108669999998],[-53.0,68.93114889999998],[-53.0,68.93127959999998],[-53.0,68.93161809999998],[-53.0,68.9319567],[-53.0,68.93198159999997],[-53.0,68.9320492],[-53.0,68.9322952],[-53.0,68.9326337],[-53.0,68.9329722],[-53.0,68.93331080000002],[-53.0,68.93364930000001],[-53.0,68.93398780000001],[-53.0,68.93404079999999],[-53.0,68.93415929999998],[-53.0,68.93432630000001],[-53.0,68.93441059999998],[-53.0,68.93446829999999],[-53.0,68.93466489999997],[-53.0,68.93500340000003],[-53.0,68.93534190000003],[-53.0,68.93568040000002],[-53.0,68.93601899999999],[-53.0,68.93635749999999],[-53.0,68.93669599999998],[-53.0,68.93703449999998],[-53.0,68.9373731],[-53.0,68.9377116],[-53.0,68.9380501],[-53.0,68.9383886],[-53.0,68.93872720000002],[-53.0,68.93906570000001],[-53.0,68.93940420000001],[-53.0,68.93974270000001],[-53.0,68.94008129999997],[-53.0,68.94041979999997],[-53.0,68.94075830000003],[-53.0,68.94109680000003],[-53.0,68.94143530000002],[-53.0,68.94174670000001],[-53.0,68.94177389999999],[-53.0,68.94179259999999],[-53.0,68.94211239999998],[-53.0,68.94245089999998],[-53.0,68.94278939999998],[-53.0,68.943128],[-53.0,68.9434665],[-53.0,68.943805],[-53.0,68.9441435],[-53.0,68.94448210000002],[-53.0,68.94482060000001],[-53.0,68.94515910000001],[-53.0,68.94549760000001],[-53.0,68.94583619999997],[-53.0,68.94617469999997],[-53.0,68.94651320000003],[-53.0,68.94685170000002],[-53.0,68.94719029999999],[-53.0,68.94752879999999],[-53.0,68.94786729999998],[-53.0,68.94820579999998],[-53.0,68.9485444],[-53.0,68.9488829],[-53.0,68.9492214],[-53.0,68.9495599],[-53.0,68.9498984],[-53.0,68.95023700000002],[-53.0,68.95057550000001],[-53.0,68.95091400000001],[-53.0,68.95125250000001],[-53.0,68.95159109999997],[-53.0,68.95192960000003],[-53.0,68.95226810000003],[-53.0,68.95260660000002],[-53.0,68.95294519999999],[-53.0,68.95328369999999],[-53.0,68.95362219999998],[-53.0,68.95396069999998],[-53.0,68.9542993],[-53.0,68.9546378],[-53.0,68.9549763],[-53.0,68.9553148],[-53.0,68.95565340000002],[-53.0,68.95599190000001],[-53.0,68.95633040000001],[-53.0,68.95666890000001],[-53.0,68.95700749999997],[-53.0,68.95734599999997],[-53.0,68.95768450000003],[-53.0,68.95802300000003],[-53.0,68.95836150000002],[-53.0,68.95870009999999],[-53.0,68.95903859999999],[-53.0,68.95937709999998],[-53.0,68.95971559999998],[-53.0,68.9600542],[-53.0,68.9603927],[-53.0,68.9607312],[-53.0,68.9610697],[-53.0,68.96140830000002],[-53.0,68.96174680000001],[-53.0,68.96208530000001],[-53.0,68.96228280000003],[-53.0,68.96228969999999],[-53.0,68.96242380000001],[-53.0,68.96276239999997],[-53.0,68.96310089999997],[-53.0,68.96343940000003],[-53.0,68.96377790000003],[-53.0,68.96411649999999],[-53.0,68.96445499999999],[-53.0,68.96479349999998],[-53.0,68.96513199999998],[-53.0,68.9654706],[-53.0,68.9658091],[-53.0,68.9661476],[-53.0,68.9664861],[-53.0,68.9668246],[-53.0,68.96716320000002],[-53.0,68.96750170000001],[-53.0,68.96784020000001],[-53.0,68.96817870000001],[-53.0,68.96851729999997],[-53.0,68.96885579999997],[-53.0,68.96919430000003],[-53.0,68.96953280000002],[-53.0,68.96987139999999],[-53.0,68.97020989999999],[-53.0,68.97054839999998],[-53.0,68.97088689999998],[-53.0,68.9712255],[-53.0,68.971564],[-53.0,68.9719025],[-53.0,68.972241],[-53.0,68.97257960000002],[-53.0,68.97291810000002],[-53.0,68.97325660000001],[-53.0,68.97359510000001],[-53.0,68.97393369999998],[-53.0,68.97427219999997],[-53.0,68.97461070000003],[-53.0,68.97494920000003],[-53.0,68.97528779999999],[-53.0,68.97562629999999],[-53.0,68.97596479999999],[-53.0,68.97630329999998],[-53.0,68.97664179999998],[-53.0,68.9769804],[-53.0,68.9773189],[-53.0,68.9776574],[-53.0,68.9779959],[-53.0,68.97833450000002],[-53.0,68.97867300000001],[-53.0,68.97901150000001],[-53.0,68.97935000000001],[-53.0,68.97968859999997],[-53.0,68.98002709999997],[-53.0,68.98036560000003],[-53.0,68.98070410000003],[-53.0,68.98104269999999],[-53.0,68.98138119999999],[-53.0,68.98171969999999],[-53.0,68.98205819999998],[-53.0,68.9823968],[-53.0,68.9827353],[-53.0,68.9830738],[-53.0,68.9834123],[-53.0,68.98375090000002],[-53.0,68.98408940000002],[-53.0,68.98442790000001],[-53.0,68.98476640000001],[-53.0,68.98510490000001],[-53.0,68.98544349999997],[-53.0,68.98578199999997],[-53.0,68.98612050000003],[-53.0,68.98645900000002],[-53.0,68.98679759999999],[-53.0,68.98713609999999],[-53.0,68.98747459999998],[-53.0,68.98781309999998],[-53.0,68.9881517],[-53.0,68.9884902],[-53.0,68.9888287],[-53.0,68.9891672],[-53.0,68.98950580000002],[-53.0,68.98984430000002],[-53.0,68.99018280000001],[-53.0,68.99052130000001],[-53.0,68.99085989999998],[-53.0,68.99119839999997],[-53.0,68.99153690000003],[-53.0,68.99187540000003],[-53.0,68.99221399999999],[-53.0,68.99255249999999],[-53.0,68.99289099999999],[-53.0,68.99322949999998],[-53.0,68.99356799999998],[-53.0,68.9939066],[-53.0,68.9942451],[-53.0,68.9945836],[-53.0,68.9949221],[-53.0,68.99526070000002],[-53.0,68.99559920000002],[-53.0,68.99593770000001],[-53.0,68.99627620000001],[-53.0,68.99661479999997],[-53.0,68.99695329999997],[-53.0,68.99729180000003],[-53.0,68.99763030000003],[-53.0,68.99796889999999],[-53.0,68.99830739999999],[-53.0,68.99864589999999],[-53.0,68.99898439999998],[-53.0,68.999323],[-53.0,68.9996615],[-53.0,69.0],[-53.0003385,69.0],[-53.00067710000002,69.0],[-53.00101560000002,69.0],[-53.001354100000015,69.0],[-53.00169260000001,69.0],[-53.00203110000001,69.0],[-53.002369699999974,69.0],[-53.00270819999997,69.0],[-53.00304670000003,69.0],[-53.003385200000025,69.0],[-53.00372379999999,69.0],[-53.00406229999999,69.0],[-53.004400799999985,69.0],[-53.00473929999998,69.0],[-53.0050779,69.0],[-53.0054164,69.0],[-53.0057549,69.0],[-53.0060934,69.0],[-53.00643200000002,69.0],[-53.006770500000016,69.0],[-53.007109000000014,69.0],[-53.00744750000001,69.0],[-53.007786099999976,69.0],[-53.008124599999974,69.0],[-53.00846309999997,69.0],[-53.00880160000003,69.0],[-53.00914019999999,69.0],[-53.00947869999999,69.0],[-53.009817199999986,69.0],[-53.010155699999984,69.0],[-53.010494300000005,69.0],[-53.0108328,69.0],[-53.0111713,69.0],[-53.0115098,69.0],[-53.0118483,69.0],[-53.01218690000002,69.0],[-53.012525400000015,69.0],[-53.01286390000001,69.0],[-53.01320240000001,69.0],[-53.013540999999975,69.0],[-53.01387949999997,69.0],[-53.01421800000003,69.0],[-53.014556500000026,69.0],[-53.01489509999999,69.0],[-53.01523359999999,69.0],[-53.015572099999986,69.0],[-53.015910599999984,69.0],[-53.016249200000004,69.0],[-53.0165877,69.0],[-53.0169262,69.0],[-53.0172647,69.0],[-53.01760330000002,69.0],[-53.01794180000002,69.0],[-53.018280300000015,69.0],[-53.01861880000001,69.0],[-53.01895739999998,69.0],[-53.019295899999975,69.0],[-53.01963439999997,69.0],[-53.01997290000003,69.0],[-53.020311400000026,69.0],[-53.02064999999999,69.0],[-53.02098849999999,69.0],[-53.021326999999985,69.0],[-53.02166549999998,69.0],[-53.022004100000004,69.0],[-53.0223426,69.0],[-53.0226811,69.0],[-53.0230196,69.0],[-53.02335820000002,69.0],[-53.023696700000016,69.0],[-53.024035200000014,69.0],[-53.02437370000001,69.0],[-53.024712299999976,69.0],[-53.025050799999974,69.0],[-53.02538929999997,69.0],[-53.02572780000003,69.0],[-53.02606639999999,69.0],[-53.02640489999999,69.0],[-53.02674339999999,69.0],[-53.027081899999985,69.0],[-53.027420500000005,69.0],[-53.027759,69.0],[-53.0280975,69.0],[-53.028436,69.0],[-53.0287745,69.0],[-53.02911310000002,69.0],[-53.029451600000016,69.0],[-53.029790100000014,69.0],[-53.03012860000001,69.0],[-53.030467199999975,69.0],[-53.03080569999997,69.0],[-53.03114420000003,69.0],[-53.031482700000026,69.0],[-53.03182129999999,69.0],[-53.03215979999999,69.0],[-53.032498299999986,69.0],[-53.032836799999984,69.0],[-53.033175400000005,69.0],[-53.0335139,69.0],[-53.0338524,69.0],[-53.0341909,69.0],[-53.03452950000002,69.0],[-53.03486800000002,69.0],[-53.035206500000015,69.0],[-53.03554500000001,69.0],[-53.03588359999998,69.0],[-53.036222099999975,69.0],[-53.03656059999997,69.0],[-53.03689910000003,69.0],[-53.037237600000026,69.0],[-53.03757619999999,69.0],[-53.03791469999999,69.0],[-53.038253199999986,69.0],[-53.038591699999984,69.0],[-53.038930300000004,69.0],[-53.0392688,69.0],[-53.0396073,69.0],[-53.0399458,69.0],[-53.04028440000002,69.0],[-53.04062290000002,69.0],[-53.040961400000015,69.0],[-53.04129990000001,69.0],[-53.041638499999976,69.0],[-53.041976999999974,69.0],[-53.04231549999997,69.0],[-53.04265400000003,69.0],[-53.04299259999999,69.0],[-53.04333109999999,69.0],[-53.04366959999999,69.0],[-53.044008099999985,69.0],[-53.044346700000006,69.0],[-53.0446852,69.0],[-53.0450237,69.0],[-53.0453622,69.0],[-53.0457007,69.0],[-53.04603930000002,69.0],[-53.046377800000016,69.0],[-53.046716300000014,69.0],[-53.04705480000001,69.0],[-53.047393399999976,69.0],[-53.047731899999974,69.0],[-53.04807039999997,69.0],[-53.04840890000003,69.0],[-53.04874749999999,69.0],[-53.04908599999999,69.0],[-53.04933390000002,69.0],[-53.049424499999986,69.0],[-53.049762999999984,69.0],[-53.050101600000005,69.0],[-53.0504401,69.0],[-53.0507786,69.0],[-53.0511171,69.0],[-53.05145570000002,69.0],[-53.05179420000002,69.0],[-53.052132700000016,69.0],[-53.052471200000014,69.0],[-53.05280979999998,69.0],[-53.053148299999975,69.0],[-53.05348679999997,69.0],[-53.05382530000003,69.0],[-53.05416389999999,69.0],[-53.05450239999999,69.0],[-53.05484089999999,69.0],[-53.055179399999986,69.0],[-53.055517899999984,69.0],[-53.055856500000004,69.0],[-53.056195,69.0],[-53.0565335,69.0],[-53.056872,69.0],[-53.05721060000002,69.0],[-53.05754910000002,69.0],[-53.057887600000015,69.0],[-53.05822610000001,69.0],[-53.05856469999998,69.0],[-53.05872499999998,69.0],[-53.058903199999975,69.0],[-53.05924169999997,69.0],[-53.05958020000003,69.0],[-53.05991879999999,69.0],[-53.06025729999999,69.0],[-53.06059579999999,69.0],[-53.060934299999985,69.0],[-53.061272900000006,69.0],[-53.061611400000004,69.0],[-53.0619499,69.0],[-53.0622884,69.0],[-53.06262700000002,69.0],[-53.06296550000002,69.0],[-53.06330400000002,69.0],[-53.063642500000014,69.0],[-53.06398100000001,69.0],[-53.064319599999976,69.0],[-53.064658099999974,69.0],[-53.06499659999997,69.0],[-53.06533510000003,69.0],[-53.06567369999999,69.0],[-53.06601219999999,69.0],[-53.06635069999999,69.0],[-53.066689199999985,69.0],[-53.067027800000005,69.0],[-53.0673663,69.0],[-53.0677048,69.0],[-53.0680433,69.0],[-53.06838190000002,69.0],[-53.06872040000002,69.0],[-53.069058900000016,69.0],[-53.069397400000014,69.0],[-53.06973599999998,69.0],[-53.070074499999976,69.0],[-53.070412999999974,69.0],[-53.07075149999997,69.0],[-53.07109009999999,69.0],[-53.07142859999999,69.0],[-53.07176709999999,69.0],[-53.072105599999986,69.0],[-53.072444099999984,69.0],[-53.072782700000005,69.0],[-53.0731212,69.0],[-53.0734597,69.0],[-53.0737982,69.0],[-53.07413680000002,69.0],[-53.07447530000002,69.0],[-53.074813800000015,69.0],[-53.07515230000001,69.0],[-53.07549089999998,69.0],[-53.075829399999975,69.0],[-53.07616789999997,69.0],[-53.07650640000003,69.0],[-53.07684499999999,69.0],[-53.07718349999999,69.0],[-53.07752199999999,69.0],[-53.077860499999986,69.0],[-53.078199100000006,69.0],[-53.078537600000004,69.0],[-53.0788761,69.0],[-53.0792146,69.0],[-53.07955320000002,69.0],[-53.07989170000002,69.0],[-53.08023020000002,69.0],[-53.080568700000015,69.0],[-53.08090720000001,69.0],[-53.08124579999998,69.0],[-53.081584299999975,69.0],[-53.08192279999997,69.0],[-53.08226130000003,69.0],[-53.08259989999999,69.0],[-53.08293839999999,69.0],[-53.08327689999999,69.0],[-53.083615399999985,69.0],[-53.083954000000006,69.0],[-53.084292500000004,69.0],[-53.084631,69.0],[-53.0849695,69.0],[-53.08530810000002,69.0],[-53.08564660000002,69.0],[-53.085985100000016,69.0],[-53.086323600000014,69.0],[-53.08666219999998,69.0],[-53.087000699999976,69.0],[-53.087339199999974,69.0],[-53.08767769999997,69.0],[-53.08801629999999,69.0],[-53.08835479999999,69.0],[-53.08869329999999,69.0],[-53.08903179999999,69.0],[-53.08937040000001,69.0],[-53.089708900000005,69.0],[-53.0900474,69.0],[-53.0903859,69.0],[-53.0907244,69.0],[-53.09106300000002,69.0],[-53.09140150000002,69.0],[-53.091740000000016,69.0],[-53.092078500000014,69.0],[-53.09241709999998,69.0],[-53.092755599999975,69.0],[-53.09309409999997,69.0],[-53.09343260000003,69.0],[-53.09377119999999,69.0],[-53.09390000000002,69.0],[-53.09410969999999,69.0],[-53.09444819999999,69.0],[-53.094786699999986,69.0],[-53.09512530000001,69.0],[-53.095463800000005,69.0],[-53.0958023,69.0],[-53.0961408,69.0],[-53.09647940000002,69.0],[-53.09681790000002,69.0],[-53.09715640000002,69.0],[-53.097494900000015,69.0],[-53.09783349999998,69.0],[-53.09817199999998,69.0],[-53.098510499999975,69.0],[-53.09884899999997,69.0],[-53.09918750000003,69.0],[-53.09952609999999,69.0],[-53.09986459999999,69.0],[-53.10020309999999,69.0],[-53.100541599999985,69.0],[-53.100880200000006,69.0],[-53.101218700000004,69.0],[-53.1015572,69.0],[-53.1018957,69.0],[-53.10223430000002,69.0],[-53.10257280000002,69.0],[-53.10291130000002,69.0],[-53.103249800000015,69.0],[-53.10358839999998,69.0],[-53.103926899999976,69.0],[-53.104265399999974,69.0],[-53.10460389999997,69.0],[-53.10494249999999,69.0],[-53.10528099999999,69.0],[-53.10561949999999,69.0],[-53.10595799999999,69.0],[-53.10629660000001,69.0],[-53.106635100000005,69.0],[-53.1069736,69.0],[-53.1073121,69.0],[-53.1076506,69.0],[-53.10798920000002,69.0],[-53.10832770000002,69.0],[-53.108666200000016,69.0],[-53.109004700000014,69.0],[-53.10934329999998,69.0],[-53.109681799999976,69.0],[-53.110020299999974,69.0],[-53.11035879999997,69.0],[-53.11069739999999,69.0],[-53.11103589999999,69.0],[-53.11137439999999,69.0],[-53.11165299999999,69.0],[-53.111712899999986,69.0],[-53.11205150000001,69.0],[-53.112390000000005,69.0],[-53.1127285,69.0],[-53.113067,69.0],[-53.11340560000002,69.0],[-53.11374410000002,69.0],[-53.11408260000002,69.0],[-53.114421100000015,69.0],[-53.11475969999998,69.0],[-53.11509819999998,69.0],[-53.115436699999975,69.0],[-53.11577519999997,69.0],[-53.11611370000003,69.0],[-53.11645229999999,69.0],[-53.11679079999999,69.0],[-53.11712929999999,69.0],[-53.117467799999986,69.0],[-53.117806400000006,69.0],[-53.118144900000004,69.0],[-53.1184834,69.0],[-53.1188219,69.0],[-53.11916050000002,69.0],[-53.11949900000002,69.0],[-53.11983750000002,69.0],[-53.120176000000015,69.0],[-53.12051459999998,69.0],[-53.12085309999998,69.0],[-53.121191599999975,69.0],[-53.12153009999997,69.0],[-53.12186869999999,69.0],[-53.12220719999999,69.0],[-53.12254569999999,69.0],[-53.12288419999999,69.0],[-53.12322280000001,69.0],[-53.123561300000006,69.0],[-53.123899800000004,69.0],[-53.1242383,69.0],[-53.1245768,69.0],[-53.12491540000002,69.0],[-53.12525390000002,69.0],[-53.125592400000016,69.0],[-53.125930900000014,69.0],[-53.12626949999998,69.0],[-53.126607999999976,69.0],[-53.126946499999974,69.0],[-53.12728499999997,69.0],[-53.12762359999999,69.0],[-53.12796209999999,69.0],[-53.12830059999999,69.0],[-53.12863909999999,69.0],[-53.12897770000001,69.0],[-53.129316200000005,69.0],[-53.1296547,69.0],[-53.1299932,69.0],[-53.13033180000002,69.0],[-53.13067030000002,69.0],[-53.13100880000002,69.0],[-53.131347300000016,69.0],[-53.13168589999998,69.0],[-53.13202439999998,69.0],[-53.132362899999976,69.0],[-53.13270139999997,69.0],[-53.133039999999994,69.0],[-53.13337849999999,69.0],[-53.13371699999999,69.0],[-53.13405549999999,69.0],[-53.134393999999986,69.0],[-53.13473260000001,69.0],[-53.135071100000005,69.0],[-53.1354096,69.0],[-53.1357481,69.0],[-53.13608670000002,69.0],[-53.13642520000002,69.0],[-53.13676370000002,69.0],[-53.137102200000015,69.0],[-53.13744079999998,69.0],[-53.13777929999998,69.0],[-53.138117799999975,69.0],[-53.13845629999997,69.0],[-53.13879489999999,69.0],[-53.13913339999999,69.0],[-53.13947189999999,69.0],[-53.13981039999999,69.0],[-53.14014900000001,69.0],[-53.140487500000006,69.0],[-53.140826000000004,69.0],[-53.1411645,69.0],[-53.14150310000002,69.0],[-53.14184160000002,69.0],[-53.14218010000002,69.0],[-53.14251860000002,69.0],[-53.142857100000015,69.0],[-53.14319569999998,69.0],[-53.143534199999976,69.0],[-53.143872699999974,69.0],[-53.14421119999997,69.0],[-53.14454979999999,69.0],[-53.14488829999999,69.0],[-53.14522679999999,69.0],[-53.14556529999999,69.0],[-53.14590390000001,69.0],[-53.146242400000006,69.0],[-53.146580900000004,69.0],[-53.1469194,69.0],[-53.14725800000002,69.0],[-53.14759650000002,69.0],[-53.14793500000002,69.0],[-53.148273500000016,69.0],[-53.14861209999998,69.0],[-53.14895059999998,69.0],[-53.149289099999976,69.0],[-53.149627599999974,69.0],[-53.149966199999994,69.0],[-53.15030469999999,69.0],[-53.15064319999999,69.0],[-53.15098169999999,69.0],[-53.15132019999999,69.0],[-53.15165880000001,69.0],[-53.151997300000005,69.0],[-53.1523358,69.0],[-53.1526743,69.0],[-53.15301290000002,69.0],[-53.15335140000002,69.0],[-53.15368990000002,69.0],[-53.154028400000016,69.0],[-53.15436699999998,69.0],[-53.15470549999998,69.0],[-53.155043999999975,69.0],[-53.15538249999997,69.0],[-53.155721099999994,69.0],[-53.15605959999999,69.0],[-53.15639809999999,69.0],[-53.15673659999999,69.0],[-53.15707520000001,69.0],[-53.157413700000006,69.0],[-53.157752200000004,69.0],[-53.1580907,69.0],[-53.15842930000002,69.0],[-53.15876780000002,69.0],[-53.15910630000002,69.0],[-53.15944480000002,69.0],[-53.159783300000015,69.0],[-53.16012189999998,69.0],[-53.16046039999998,69.0],[-53.160798899999975,69.0],[-53.16113739999997,69.0],[-53.16147599999999,69.0],[-53.16181449999999,69.0],[-53.16215299999999,69.0],[-53.16249149999999,69.0],[-53.16283010000001,69.0],[-53.163168600000006,69.0],[-53.163507100000004,69.0],[-53.1638456,69.0],[-53.16418420000002,69.0],[-53.16452270000002,69.0],[-53.16486120000002,69.0],[-53.16519970000002,69.0],[-53.16553829999998,69.0],[-53.16587679999998,69.0],[-53.166215299999976,69.0],[-53.166553799999974,69.0],[-53.166892399999995,69.0],[-53.16723089999999,69.0],[-53.16756939999999,69.0],[-53.16790789999999,69.0],[-53.16824650000001,69.0],[-53.16858500000001,69.0],[-53.168923500000005,69.0],[-53.169262,69.0],[-53.1696005,69.0],[-53.16993910000002,69.0],[-53.17027760000002,69.0],[-53.17061610000002,69.0],[-53.170954600000016,69.0],[-53.17129319999998,69.0],[-53.17163169999998,69.0],[-53.171970199999976,69.0],[-53.172308699999974,69.0],[-53.172647299999994,69.0],[-53.17298579999999,69.0],[-53.17332429999999,69.0],[-53.17366279999999,69.0],[-53.17400140000001,69.0],[-53.17433990000001,69.0],[-53.174678400000005,69.0],[-53.1750169,69.0],[-53.17535550000002,69.0],[-53.17569400000002,69.0],[-53.17603250000002,69.0],[-53.17637100000002,69.0],[-53.17670959999998,69.0],[-53.17704809999998,69.0],[-53.17738659999998,69.0],[-53.177725099999975,69.0],[-53.17806359999997,69.0],[-53.178402199999994,69.0],[-53.17874069999999,69.0],[-53.17907919999999,69.0],[-53.17927159999999,69.0],[-53.17941769999999,69.0],[-53.17975630000001,69.0],[-53.180094800000006,69.0],[-53.180433300000004,69.0],[-53.1807718,69.0],[-53.18111040000002,69.0],[-53.18144890000002,69.0],[-53.18178740000002,69.0],[-53.18195909999997,69.0],[-53.18212590000002,69.0],[-53.18246449999998,69.0],[-53.18280299999998,69.0],[-53.18314149999998,69.0],[-53.183479999999975,69.0],[-53.183818599999995,69.0],[-53.18415709999999,69.0],[-53.18449559999999,69.0],[-53.18483409999999,69.0],[-53.18517270000001,69.0],[-53.18549539999998,69.0],[-53.18551120000001,69.0],[-53.185849700000006,69.0],[-53.186188200000004,69.0],[-53.1865267,69.0],[-53.18686530000002,69.0],[-53.18699029999999,69.0],[-53.18720380000002,69.0],[-53.18754230000002,69.0],[-53.187880800000016,69.0],[-53.18821939999998,69.0],[-53.18855789999998,69.0],[-53.188896399999976,69.0],[-53.189234899999974,69.0],[-53.189573499999995,69.0],[-53.18991199999999,69.0],[-53.19025049999999,69.0],[-53.19058899999999,69.0],[-53.19092760000001,69.0],[-53.19126610000001,69.0],[-53.191604600000005,69.0],[-53.1919431,69.0],[-53.192281700000024,69.0],[-53.19262020000002,69.0],[-53.19295870000002,69.0],[-53.19329720000002,69.0],[-53.19363579999998,69.0],[-53.19397429999998,69.0],[-53.19431279999998,69.0],[-53.19456930000001,69.0],[-53.194651299999975,69.0],[-53.19498979999997,69.0],[-53.195328399999994,69.0],[-53.19566689999999,69.0],[-53.19600539999999,69.0],[-53.19634389999999,69.0],[-53.19668250000001,69.0],[-53.19702100000001,69.0],[-53.197359500000005,69.0],[-53.197698,69.0],[-53.19803660000002,69.0],[-53.19837510000002,69.0],[-53.19871360000002,69.0],[-53.19905210000002,69.0],[-53.19939069999998,69.0],[-53.19972919999998,69.0],[-53.20006769999998,69.0],[-53.200406199999975,69.0],[-53.200744799999995,69.0],[-53.20108329999999,69.0],[-53.20142179999999,69.0],[-53.20176029999999,69.0],[-53.20209890000001,69.0],[-53.20243740000001,69.0],[-53.202775900000006,69.0],[-53.203114400000004,69.0],[-53.203453000000025,69.0],[-53.20379150000002,69.0],[-53.20413000000002,69.0],[-53.20446850000002,69.0],[-53.20480700000002,69.0],[-53.20514559999998,69.0],[-53.20548409999998,69.0],[-53.205822599999976,69.0],[-53.206161099999974,69.0],[-53.206499699999995,69.0],[-53.20683819999999,69.0],[-53.20717669999999,69.0],[-53.20751519999999,69.0],[-53.20785380000001,69.0],[-53.20819230000001,69.0],[-53.208530800000005,69.0],[-53.2088693,69.0],[-53.209207900000024,69.0],[-53.209285299999976,69.0],[-53.20954640000002,69.0],[-53.20988490000002,69.0],[-53.21022340000002,69.0],[-53.21056199999998,69.0],[-53.21090049999998,69.0],[-53.21123899999998,69.0],[-53.211577499999976,69.0],[-53.211916099999996,69.0],[-53.212254599999994,69.0],[-53.21259309999999,69.0],[-53.21293159999999,69.0],[-53.21327009999999,69.0],[-53.21360870000001,69.0],[-53.21394720000001,69.0],[-53.214285700000005,69.0],[-53.2146242,69.0],[-53.21496280000002,69.0],[-53.21530130000002,69.0],[-53.21563980000002,69.0],[-53.21597830000002,69.0],[-53.21631689999998,69.0],[-53.21665539999998,69.0],[-53.21699389999998,69.0],[-53.217332399999975,69.0],[-53.217670999999996,69.0],[-53.218009499999994,69.0],[-53.21834799999999,69.0],[-53.21868649999999,69.0],[-53.21902510000001,69.0],[-53.21936360000001,69.0],[-53.219702100000006,69.0],[-53.219946400000026,69.0],[-53.220040600000004,69.0],[-53.220379200000025,69.0],[-53.22071770000002,69.0],[-53.22105620000002,69.0],[-53.22139470000002,69.0],[-53.22173320000002,69.0],[-53.22207179999998,69.0],[-53.22241029999998,69.0],[-53.22274879999998,69.0],[-53.223087299999975,69.0],[-53.223425899999995,69.0],[-53.22376439999999,69.0],[-53.22410289999999,69.0],[-53.22444139999999,69.0],[-53.22478000000001,69.0],[-53.22511850000001,69.0],[-53.225457000000006,69.0],[-53.225795500000004,69.0],[-53.226134100000024,69.0],[-53.22647260000002,69.0],[-53.22681110000002,69.0],[-53.22714960000002,69.0],[-53.22748819999998,69.0],[-53.22782669999998,69.0],[-53.22816519999998,69.0],[-53.228503699999976,69.0],[-53.2288423,69.0],[-53.229180799999995,69.0],[-53.22951929999999,69.0],[-53.22985779999999,69.0],[-53.23019629999999,69.0],[-53.23053490000001,69.0],[-53.23087340000001,69.0],[-53.231211900000005,69.0],[-53.2315504,69.0],[-53.231889000000024,69.0],[-53.2321336,69.0],[-53.23222750000002,69.0],[-53.23256600000002,69.0],[-53.23290450000002,69.0],[-53.23324309999998,69.0],[-53.23358159999998,69.0],[-53.23392009999998,69.0],[-53.234258599999976,69.0],[-53.234597199999996,69.0],[-53.234935699999994,69.0],[-53.23527419999999,69.0],[-53.23561269999999,69.0],[-53.23595130000001,69.0],[-53.23628980000001,69.0],[-53.23662830000001,69.0],[-53.236966800000005,69.0],[-53.237305400000025,69.0],[-53.23764390000002,69.0],[-53.23798240000002,69.0],[-53.23832090000002,69.0],[-53.23865940000002,69.0],[-53.23899799999998,69.0],[-53.23933649999998,69.0],[-53.23967499999998,69.0],[-53.240013499999975,69.0],[-53.240352099999996,69.0],[-53.24069059999999,69.0],[-53.24102909999999,69.0],[-53.24136759999999,69.0],[-53.24170620000001,69.0],[-53.24204470000001,69.0],[-53.242383200000006,69.0],[-53.242721700000004,69.0],[-53.243060300000025,69.0],[-53.24339880000002,69.0],[-53.24373730000002,69.0],[-53.24407580000002,69.0],[-53.24441439999998,69.0],[-53.24475289999998,69.0],[-53.24509139999998,69.0],[-53.245429899999976,69.0],[-53.2457685,69.0],[-53.246106999999995,69.0],[-53.24644549999999,69.0],[-53.24678399999999,69.0],[-53.24712260000001,69.0],[-53.24746110000001,69.0],[-53.24779960000001,69.0],[-53.248138100000006,69.0],[-53.248476600000004,69.0],[-53.248815200000024,69.0],[-53.24915370000002,69.0],[-53.24949220000002,69.0],[-53.24983070000002,69.0],[-53.25016929999998,69.0],[-53.25050779999998,69.0],[-53.25084629999998,69.0],[-53.251184799999976,69.0],[-53.251523399999996,69.0],[-53.251861899999994,69.0],[-53.25220039999999,69.0],[-53.25253889999999,69.0],[-53.25287750000001,69.0],[-53.25321600000001,69.0],[-53.25355450000001,69.0],[-53.253893000000005,69.0],[-53.254231600000026,69.0],[-53.254570100000024,69.0],[-53.25490860000002,69.0],[-53.25524710000002,69.0],[-53.25558569999998,69.0],[-53.25592419999998,69.0],[-53.25626269999998,69.0],[-53.25660119999998,69.0],[-53.256939699999975,69.0],[-53.257278299999996,69.0],[-53.257616799999994,69.0],[-53.25795529999999,69.0],[-53.25829379999999,69.0],[-53.25863240000001,69.0],[-53.25897090000001,69.0],[-53.25930940000001,69.0],[-53.259647900000004,69.0],[-53.259986500000025,69.0],[-53.26032500000002,69.0],[-53.26066350000002,69.0],[-53.26100200000002,69.0],[-53.26134059999998,69.0],[-53.26167909999998,69.0],[-53.26201759999998,69.0],[-53.26235609999998,69.0],[-53.2626947,69.0],[-53.26276280000002,69.0],[-53.263033199999995,69.0],[-53.2633189,69.0],[-53.26337169999999,69.0],[-53.26371019999999,69.0],[-53.26404880000001,69.0],[-53.26438730000001,69.0],[-53.26472580000001,69.0],[-53.265064300000006,69.0],[-53.265402800000004,69.0],[-53.265741400000024,69.0],[-53.26607990000002,69.0],[-53.26641840000002,69.0],[-53.26675690000002,69.0],[-53.26709549999998,69.0],[-53.26743399999998,69.0],[-53.26777249999998,69.0],[-53.268110999999976,69.0],[-53.2684496,69.0],[-53.268788099999995,69.0],[-53.26912659999999,69.0],[-53.26946509999999,69.0],[-53.26980370000001,69.0],[-53.27014220000001,69.0],[-53.27048070000001,69.0],[-53.270819200000005,69.0],[-53.271157800000026,69.0],[-53.271496300000024,69.0],[-53.27183480000002,69.0],[-53.27217330000002,69.0],[-53.272511899999984,69.0],[-53.27285039999998,69.0],[-53.27318889999998,69.0],[-53.27352739999998,69.0],[-53.273865899999976,69.0],[-53.274204499999996,69.0],[-53.274542999999994,69.0],[-53.27488149999999,69.0],[-53.27521999999999,69.0],[-53.27555860000001,69.0],[-53.27589710000001,69.0],[-53.27623560000001,69.0],[-53.276574100000005,69.0],[-53.276912700000025,69.0],[-53.27725120000002,69.0],[-53.27758970000002,69.0],[-53.27792820000002,69.0],[-53.27826679999998,69.0],[-53.27860529999998,69.0],[-53.27894379999998,69.0],[-53.27928229999998,69.0],[-53.2796209,69.0],[-53.279959399999996,69.0],[-53.280297899999994,69.0],[-53.28063639999999,69.0],[-53.28097500000001,69.0],[-53.28131350000001,69.0],[-53.28165200000001,69.0],[-53.281990500000006,69.0],[-53.28232910000003,69.0],[-53.282667600000025,69.0],[-53.28300610000002,69.0],[-53.28334460000002,69.0],[-53.28368310000002,69.0],[-53.28400069999998,69.0],[-53.28402169999998,69.0],[-53.28436019999998,69.0],[-53.28469869999998,69.0],[-53.28503719999998,69.0],[-53.2853758,69.0],[-53.285714299999995,69.0],[-53.28605279999999,69.0],[-53.28639129999999,69.0],[-53.28672990000001,69.0],[-53.28706840000001,69.0],[-53.28740690000001,69.0],[-53.287745400000006,69.0],[-53.288084000000026,69.0],[-53.288422500000024,69.0],[-53.28876100000002,69.0],[-53.28909950000002,69.0],[-53.289438099999984,69.0],[-53.28977659999998,69.0],[-53.29011509999998,69.0],[-53.29045359999998,69.0],[-53.2907922,69.0],[-53.2911307,69.0],[-53.291469199999995,69.0],[-53.29180769999999,69.0],[-53.29214619999999,69.0],[-53.29248480000001,69.0],[-53.29282330000001,69.0],[-53.29316180000001,69.0],[-53.293500300000005,69.0],[-53.293838900000026,69.0],[-53.294177400000024,69.0],[-53.29451590000002,69.0],[-53.29485440000002,69.0],[-53.29519299999998,69.0],[-53.29553149999998,69.0],[-53.29586999999998,69.0],[-53.29620849999998,69.0],[-53.2965471,69.0],[-53.296885599999996,69.0],[-53.297224099999994,69.0],[-53.29756259999999,69.0],[-53.29790120000001,69.0],[-53.29823970000001,69.0],[-53.29857820000001,69.0],[-53.29891670000001,69.0],[-53.29925530000003,69.0],[-53.299593800000025,69.0],[-53.29993230000002,69.0],[-53.30027080000002,69.0],[-53.30060930000002,69.0],[-53.30094789999998,69.0],[-53.30128639999998,69.0],[-53.30162489999998,69.0],[-53.30196339999998,69.0],[-53.302302,69.0],[-53.302640499999995,69.0],[-53.30297899999999,69.0],[-53.30331749999999,69.0],[-53.30365610000001,69.0],[-53.30399460000001,69.0],[-53.30433310000001,69.0],[-53.304671600000006,69.0],[-53.30501020000003,69.0],[-53.305348700000025,69.0],[-53.30568720000002,69.0],[-53.30602570000002,69.0],[-53.306364299999984,69.0],[-53.30670279999998,69.0],[-53.30704129999998,69.0],[-53.30737979999998,69.0],[-53.3077184,69.0],[-53.3080569,69.0],[-53.308395399999995,69.0],[-53.30873389999999,69.0],[-53.30907239999999,69.0],[-53.30941100000001,69.0],[-53.30974950000001,69.0],[-53.31008800000001,69.0],[-53.310426500000005,69.0],[-53.310765100000026,69.0],[-53.311103600000024,69.0],[-53.31144210000002,69.0],[-53.31178060000002,69.0],[-53.312119199999984,69.0],[-53.31245769999998,69.0],[-53.31279619999998,69.0],[-53.31313469999998,69.0],[-53.3134733,69.0],[-53.313811799999996,69.0],[-53.314150299999994,69.0],[-53.31448879999999,69.0],[-53.31482740000001,69.0],[-53.31516590000001,69.0],[-53.31550440000001,69.0],[-53.31584290000001,69.0],[-53.31618150000003,69.0],[-53.316520000000025,69.0],[-53.31685850000002,69.0],[-53.31719700000002,69.0],[-53.317535599999985,69.0],[-53.317724699999985,69.0],[-53.31787409999998,69.0],[-53.31821259999998,69.0],[-53.31855109999998,69.0],[-53.31888959999998,69.0],[-53.3192282,69.0],[-53.319566699999996,69.0],[-53.319905199999994,69.0],[-53.32024369999999,69.0],[-53.32058230000001,69.0],[-53.32092080000001,69.0],[-53.32125930000001,69.0],[-53.321597800000006,69.0],[-53.32193640000003,69.0],[-53.322274900000025,69.0],[-53.32261340000002,69.0],[-53.32295190000002,69.0],[-53.323290499999985,69.0],[-53.32362899999998,69.0],[-53.32396749999998,69.0],[-53.32430599999998,69.0],[-53.3246446,69.0],[-53.3249831,69.0],[-53.325321599999995,69.0],[-53.32566009999999,69.0],[-53.325998700000014,69.0],[-53.32633720000001,69.0],[-53.32667570000001,69.0],[-53.32701420000001,69.0],[-53.327352700000006,69.0],[-53.327691300000026,69.0],[-53.328029800000024,69.0],[-53.32836830000002,69.0],[-53.32870680000002,69.0],[-53.329045399999984,69.0],[-53.32938389999998,69.0],[-53.32972239999998,69.0],[-53.33006089999998,69.0],[-53.3303995,69.0],[-53.330738,69.0],[-53.331076499999995,69.0],[-53.33141499999999,69.0],[-53.33175360000001,69.0],[-53.33209210000001,69.0],[-53.33243060000001,69.0],[-53.33276910000001,69.0],[-53.33310770000003,69.0],[-53.333446200000026,69.0],[-53.333784700000024,69.0],[-53.33412320000002,69.0],[-53.334461799999985,69.0],[-53.33480029999998,69.0],[-53.33513879999998,69.0],[-53.33547729999998,69.0],[-53.33581579999998,69.0],[-53.3361544,69.0],[-53.336492899999996,69.0],[-53.336523,69.0],[-53.336831399999994,69.0],[-53.33716989999999,69.0],[-53.33750850000001,69.0],[-53.33784700000001,69.0],[-53.33818550000001,69.0],[-53.33852400000001,69.0],[-53.33886260000003,69.0],[-53.339201100000025,69.0],[-53.33953960000002,69.0],[-53.33987810000002,69.0],[-53.33989129999998,69.0],[-53.340216699999985,69.0],[-53.34055519999998,69.0],[-53.3408177,69.0],[-53.34089369999998,69.0],[-53.34123219999998,69.0],[-53.3415708,69.0],[-53.3419093,69.0],[-53.342247799999996,69.0],[-53.34249369999998,69.0],[-53.343368699999985,69.0],[-53.34337549999998,69.0],[-53.34360190000001,69.0],[-53.34394040000001,69.0],[-53.344278900000006,69.0],[-53.34461750000003,69.0],[-53.344956000000025,69.0],[-53.34529450000002,69.0],[-53.34563300000002,69.0],[-53.345971599999984,69.0],[-53.34631009999998,69.0],[-53.34664859999998,69.0],[-53.34698709999998,69.0],[-53.3473257,69.0],[-53.34739999999999,69.0],[-53.347500000000025,69.0],[-53.3476642,69.0],[-53.348002699999995,69.0],[-53.34834119999999,69.0],[-53.34867980000001,69.0],[-53.34901830000001,69.0],[-53.34935680000001,69.0],[-53.34969530000001,69.0],[-53.35003390000003,69.0],[-53.350372400000026,69.0],[-53.350710900000024,69.0],[-53.35104940000002,69.0],[-53.351387999999986,69.0],[-53.351726499999984,69.0],[-53.35206499999998,69.0],[-53.35240349999998,69.0],[-53.35274199999998,69.0],[-53.3530806,69.0],[-53.353419099999996,69.0],[-53.35359999999997,69.0],[-53.353757599999994,69.0],[-53.35409609999999,69.0],[-53.35443470000001,69.0],[-53.35477320000001,69.0],[-53.35511170000001,69.0],[-53.35545020000001,69.0],[-53.35578880000003,69.0],[-53.356127300000026,69.0],[-53.356465800000024,69.0],[-53.35680430000002,69.0],[-53.357142899999985,69.0],[-53.35748139999998,69.0],[-53.35781989999998,69.0],[-53.35815839999998,69.0],[-53.358497,69.0],[-53.3588355,69.0],[-53.359173999999996,69.0],[-53.359512499999994,69.0],[-53.359851100000014,69.0],[-53.36018960000001,69.0],[-53.36052810000001,69.0],[-53.36086660000001,69.0],[-53.36120519999997,69.0],[-53.36154370000003,69.0],[-53.361882200000025,69.0],[-53.36222070000002,69.0],[-53.362300000000005,69.0],[-53.36255920000002,69.0],[-53.362897799999985,69.0],[-53.36323629999998,69.0],[-53.36357479999998,69.0],[-53.36391329999998,69.0],[-53.3642519,69.0],[-53.3645904,69.0],[-53.364928899999995,69.0],[-53.36526739999999,69.0],[-53.365606000000014,69.0],[-53.36594450000001,69.0],[-53.36628300000001,69.0],[-53.36662150000001,69.0],[-53.36696009999997,69.0],[-53.36729860000003,69.0],[-53.367637100000024,69.0],[-53.36797560000002,69.0],[-53.368314199999986,69.0],[-53.368652699999984,69.0],[-53.368756700000006,69.0],[-53.36899119999998,69.0],[-53.36932969999998,69.0],[-53.36958179999999,69.0],[-53.3696683,69.0],[-53.3700068,69.0],[-53.3703453,69.0],[-53.370683799999995,69.0],[-53.37102229999999,69.0],[-53.37136090000001,69.0],[-53.37169940000001,69.0],[-53.37203790000001,69.0],[-53.37237640000001,69.0],[-53.37271500000003,69.0],[-53.373053500000026,69.0],[-53.3732177,69.0],[-53.373392000000024,69.0],[-53.37373050000002,69.0],[-53.374069099999986,69.0],[-53.374407599999984,69.0],[-53.37474609999998,69.0],[-53.37508459999998,69.0],[-53.3754232,69.0],[-53.3757617,69.0],[-53.376100199999996,69.0],[-53.376438699999994,69.0],[-53.376777300000015,69.0],[-53.37709360000002,69.0],[-53.37711580000001,69.0],[-53.37745430000001,69.0],[-53.37779280000001,69.0],[-53.37813139999997,69.0],[-53.37846990000003,69.0],[-53.378808400000025,69.0],[-53.37914690000002,69.0],[-53.37948540000002,69.0],[-53.379823999999985,69.0],[-53.38016249999998,69.0],[-53.38050099999998,69.0],[-53.380770299999995,69.0],[-53.38083949999998,69.0],[-53.3811781,69.0],[-53.3815166,69.0],[-53.381855099999996,69.0],[-53.382193599999994,69.0],[-53.382532200000014,69.0],[-53.38287070000001,69.0],[-53.382935499999974,69.0],[-53.38320920000001,69.0],[-53.38354770000001,69.0],[-53.38383779999998,69.0],[-53.38388629999997,69.0],[-53.38422480000003,69.0],[-53.38426279999999,69.0],[-53.384563300000025,69.0],[-53.38490180000002,69.0],[-53.38524039999999,69.0],[-53.38545319999997,69.0],[-53.385578899999985,69.0],[-53.38591739999998,69.0],[-53.38625589999998,69.0],[-53.3865945,69.0],[-53.386933,69.0],[-53.38696199999998,69.0],[-53.3872715,69.0],[-53.387609999999995,69.0],[-53.38794849999999,69.0],[-53.388287100000014,69.0],[-53.38862560000001,69.0],[-53.38896410000001,69.0],[-53.3893018,69.0],[-53.38930260000001,69.0],[-53.38964120000003,69.0],[-53.389979700000026,69.0],[-53.390318200000024,69.0],[-53.39051660000001,69.0],[-53.39065670000002,69.0],[-53.390995299999986,69.0],[-53.391333799999984,69.0],[-53.39167229999998,69.0],[-53.39201079999998,69.0],[-53.3923494,69.0],[-53.3926879,69.0],[-53.3930264,69.0],[-53.393364899999995,69.0],[-53.393703500000015,69.0],[-53.39404200000001,69.0],[-53.39438050000001,69.0],[-53.39471900000001,69.0],[-53.39505759999997,69.0],[-53.39539610000003,69.0],[-53.395734600000026,69.0],[-53.396073100000024,69.0],[-53.39641169999999,69.0],[-53.396750199999985,69.0],[-53.39708869999998,69.0],[-53.39742719999998,69.0],[-53.39776569999998,69.0],[-53.3981043,69.0],[-53.3984428,69.0],[-53.398781299999996,69.0],[-53.399119799999994,69.0],[-53.399458400000015,69.0],[-53.39979690000001,69.0],[-53.40013540000001,69.0],[-53.40047390000001,69.0],[-53.40081249999997,69.0],[-53.40115100000003,69.0],[-53.401489500000025,69.0],[-53.40182800000002,69.0],[-53.40216659999999,69.0],[-53.402505099999985,69.0],[-53.40284359999998,69.0],[-53.40318209999998,69.0],[-53.4035207,69.0],[-53.4038592,69.0],[-53.4041977,69.0],[-53.404536199999995,69.0],[-53.404874800000016,69.0],[-53.405213300000014,69.0],[-53.40555180000001,69.0],[-53.40589030000001,69.0],[-53.40622880000001,69.0],[-53.40656739999997,69.0],[-53.40690590000003,69.0],[-53.407244400000025,69.0],[-53.40758290000002,69.0],[-53.407921499999986,69.0],[-53.408259999999984,69.0],[-53.40859849999998,69.0],[-53.40893699999998,69.0],[-53.4092756,69.0],[-53.4096141,69.0],[-53.4099526,69.0],[-53.410291099999995,69.0],[-53.410629700000015,69.0],[-53.41096820000001,69.0],[-53.41130670000001,69.0],[-53.41164520000001,69.0],[-53.41198379999997,69.0],[-53.41232230000003,69.0],[-53.412660800000026,69.0],[-53.412999300000024,69.0],[-53.41333789999999,69.0],[-53.413676399999986,69.0],[-53.414014899999984,69.0],[-53.41435339999998,69.0],[-53.41469189999998,69.0],[-53.4150305,69.0],[-53.415369,69.0],[-53.415707499999996,69.0],[-53.416045999999994,69.0],[-53.416384600000015,69.0],[-53.41672310000001,69.0],[-53.41706160000001,69.0],[-53.41740010000001,69.0],[-53.41773869999997,69.0],[-53.41807720000003,69.0],[-53.418415700000025,69.0],[-53.41875420000002,69.0],[-53.41909279999999,69.0],[-53.419431299999985,69.0],[-53.41976979999998,69.0],[-53.42010829999998,69.0],[-53.4204469,69.0],[-53.4207854,69.0],[-53.4211239,69.0],[-53.421462399999996,69.0],[-53.421801000000016,69.0],[-53.42193739999999,69.0],[-53.422139500000014,69.0],[-53.42247800000001,69.0],[-53.42281650000001,69.0],[-53.42315500000001,69.0],[-53.42349359999997,69.0],[-53.42383210000003,69.0],[-53.424170600000025,69.0],[-53.42450910000002,69.0],[-53.42484769999999,69.0],[-53.425186199999985,69.0],[-53.42552469999998,69.0],[-53.42586319999998,69.0],[-53.4262018,69.0],[-53.4265403,69.0],[-53.4268788,69.0],[-53.427217299999995,69.0],[-53.427555900000016,69.0],[-53.427894400000014,69.0],[-53.42823290000001,69.0],[-53.42857140000001,69.0],[-53.42890999999997,69.0],[-53.42924850000003,69.0],[-53.429587000000026,69.0],[-53.429925500000024,69.0],[-53.43026409999999,69.0],[-53.430602599999986,69.0],[-53.430941099999984,69.0],[-53.43127959999998,69.0],[-53.43161809999998,69.0],[-53.4319567,69.0],[-53.4322952,69.0],[-53.4326337,69.0],[-53.432972199999995,69.0],[-53.433310800000015,69.0],[-53.43364930000001,69.0],[-53.43398780000001,69.0],[-53.43432630000001,69.0],[-53.43466489999997,69.0],[-53.43500340000003,69.0],[-53.435341900000026,69.0],[-53.435680400000024,69.0],[-53.43601899999999,69.0],[-53.436357499999986,69.0],[-53.43669599999998,69.0],[-53.43703449999998,69.0],[-53.4373731,69.0],[-53.4377116,69.0],[-53.4380501,69.0],[-53.438388599999996,69.0],[-53.43872720000002,69.0],[-53.438894000000005,69.0],[-53.439065700000015,69.0],[-53.43940420000001,69.0],[-53.43974270000001,69.0],[-53.440081299999974,69.0],[-53.44041979999997,69.0],[-53.44075830000003,69.0],[-53.441096800000025,69.0],[-53.44143530000002,69.0],[-53.44177389999999,69.0],[-53.442112399999985,69.0],[-53.44245089999998,69.0],[-53.44278939999998,69.0],[-53.443128,69.0],[-53.4434665,69.0],[-53.443805,69.0],[-53.443916100000024,69.0],[-53.444143499999996,69.0],[-53.444482100000016,69.0],[-53.444820600000014,69.0],[-53.44515910000001,69.0],[-53.44549760000001,69.0],[-53.445836199999974,69.0],[-53.44617469999997,69.0],[-53.44651320000003,69.0],[-53.446851700000025,69.0],[-53.44719029999999,69.0],[-53.447528799999986,69.0],[-53.447867299999984,69.0],[-53.44820579999998,69.0],[-53.4485444,69.0],[-53.4488829,69.0],[-53.4492214,69.0],[-53.4495599,69.0],[-53.449898399999995,69.0],[-53.450237000000016,69.0],[-53.450575500000014,69.0],[-53.45091400000001,69.0],[-53.45125250000001,69.0],[-53.45159109999997,69.0],[-53.45192960000003,69.0],[-53.452268100000026,69.0],[-53.452606600000024,69.0],[-53.45294519999999,69.0],[-53.453283699999986,69.0],[-53.453622199999984,69.0],[-53.45396069999998,69.0],[-53.4542993,69.0],[-53.4546378,69.0],[-53.4549763,69.0],[-53.4553148,69.0],[-53.45565340000002,69.0],[-53.455991900000015,69.0],[-53.45633040000001,69.0],[-53.45666890000001,69.0],[-53.457007499999975,69.0],[-53.45734599999997,69.0],[-53.45768450000003,69.0],[-53.458023000000026,69.0],[-53.458361500000024,69.0],[-53.45870009999999,69.0],[-53.459038599999985,69.0],[-53.45937709999998,69.0],[-53.45971559999998,69.0],[-53.4600542,69.0],[-53.4603927,69.0],[-53.4607312,69.0],[-53.461069699999996,69.0],[-53.461408300000016,69.0],[-53.461746800000014,69.0],[-53.46208530000001,69.0],[-53.46242380000001,69.0],[-53.462762399999974,69.0],[-53.46310089999997,69.0],[-53.46343940000003,69.0],[-53.463777900000025,69.0],[-53.46411649999999,69.0],[-53.46445499999999,69.0],[-53.464793499999985,69.0],[-53.46507680000002,69.0],[-53.46513199999998,69.0],[-53.4654706,69.0],[-53.4658091,69.0],[-53.4661476,69.0],[-53.4664861,69.0],[-53.466824599999995,69.0],[-53.467163200000016,69.0],[-53.467501700000014,69.0],[-53.46784020000001,69.0],[-53.46817870000001,69.0],[-53.468517299999974,69.0],[-53.46885579999997,69.0],[-53.46919430000003,69.0],[-53.469532800000025,69.0],[-53.46987139999999,69.0],[-53.470209899999986,69.0],[-53.470548399999984,69.0],[-53.47088689999998,69.0],[-53.4712255,69.0],[-53.471564,69.0],[-53.4719025,69.0],[-53.472241,69.0],[-53.47257960000002,69.0],[-53.472918100000015,69.0],[-53.47325660000001,69.0],[-53.47359510000001,69.0],[-53.473933699999975,69.0],[-53.47427219999997,69.0],[-53.47461070000003,69.0],[-53.474949200000026,69.0],[-53.47528779999999,69.0],[-53.47562629999999,69.0],[-53.475964799999986,69.0],[-53.476303299999984,69.0],[-53.47664179999998,69.0],[-53.4769804,69.0],[-53.47724199999999,69.0],[-53.4773189,69.0],[-53.4776574,69.0],[-53.477995899999996,69.0],[-53.47833450000002,69.0],[-53.478673000000015,69.0],[-53.47901150000001,69.0],[-53.47935000000001,69.0],[-53.479688599999974,69.0],[-53.48002709999997,69.0],[-53.48036560000003,69.0],[-53.480704100000025,69.0],[-53.48079760000002,69.0],[-53.48104269999999,69.0],[-53.48138119999999,69.0],[-53.481719699999985,69.0],[-53.48205819999998,69.0],[-53.482396800000004,69.0],[-53.4827353,69.0],[-53.4830738,69.0],[-53.4834123,69.0],[-53.48375090000002,69.0],[-53.484089400000016,69.0],[-53.484427900000014,69.0],[-53.48476640000001,69.0],[-53.48510490000001,69.0],[-53.485443499999974,69.0],[-53.48578199999997,69.0],[-53.48612050000003,69.0],[-53.486459000000025,69.0],[-53.48679759999999,69.0],[-53.48713609999999,69.0],[-53.487474599999985,69.0],[-53.48781309999998,69.0],[-53.4881517,69.0],[-53.4884902,69.0],[-53.4888287,69.0],[-53.4891672,69.0],[-53.48950580000002,69.0],[-53.489844300000016,69.0],[-53.490182800000014,69.0],[-53.49052130000001,69.0],[-53.490859899999975,69.0],[-53.49119839999997,69.0],[-53.49153690000003,69.0],[-53.491875400000026,69.0],[-53.49221399999999,69.0],[-53.49255249999999,69.0],[-53.492890999999986,69.0],[-53.493229499999984,69.0],[-53.49356799999998,69.0],[-53.4939066,69.0],[-53.4942451,69.0],[-53.4945836,69.0],[-53.4949221,69.0],[-53.49518269999999,69.0],[-53.49526070000002,69.0],[-53.495599200000015,69.0],[-53.49593770000001,69.0],[-53.49627620000001,69.0],[-53.496614799999975,69.0],[-53.49695329999997,69.0],[-53.497245599999985,69.0],[-53.49729180000003,69.0],[-53.497630300000026,69.0],[-53.49796889999999,69.0],[-53.49830739999999,69.0],[-53.498645899999985,69.0],[-53.49898439999998,69.0],[-53.499323000000004,69.0],[-53.4996615,69.0],[-53.5,69.0],[-53.5,68.9996615],[-53.5,68.999323],[-53.5,68.99898439999998],[-53.5,68.99864589999999],[-53.5,68.99830739999999],[-53.5,68.99796889999999],[-53.5,68.99763030000003],[-53.5,68.99729180000003],[-53.5,68.99695329999997],[-53.5,68.99661479999997],[-53.5,68.99627620000001],[-53.5,68.99593770000001],[-53.5,68.9957111],[-53.5,68.99559920000002],[-53.5,68.99526070000002],[-53.5,68.9949221],[-53.5,68.9945836],[-53.5,68.9942451],[-53.5,68.9939066],[-53.5,68.99356799999998],[-53.5,68.99322949999998],[-53.5,68.99289099999999],[-53.5,68.99255249999999],[-53.5,68.99221399999999],[-53.5,68.99187540000003],[-53.5,68.99153690000003],[-53.5,68.99119839999997],[-53.5,68.99085989999998],[-53.5,68.99052130000001],[-53.5,68.99018280000001],[-53.5,68.98984430000002],[-53.5,68.98950580000002],[-53.5,68.9891672],[-53.5,68.9888287],[-53.5,68.9884902],[-53.5,68.9881517],[-53.5,68.98781309999998],[-53.5,68.98747459999998],[-53.5,68.98713609999999],[-53.5,68.98679759999999],[-53.5,68.98645900000002],[-53.5,68.98612050000003],[-53.5,68.98578199999997],[-53.5,68.98544349999997],[-53.5,68.98510490000001],[-53.5,68.98476640000001],[-53.5,68.98442790000001],[-53.5,68.98408940000002],[-53.5,68.98375090000002],[-53.5,68.9834123],[-53.5,68.9830738],[-53.5,68.9827353],[-53.5,68.9823968],[-53.5,68.98205819999998],[-53.5,68.98171969999999],[-53.5,68.98138119999999],[-53.5,68.98104269999999],[-53.5,68.98070410000003],[-53.5,68.98036560000003],[-53.5,68.98002709999997],[-53.5,68.97968859999997],[-53.5,68.97935000000001],[-53.5,68.97901150000001],[-53.5,68.97867300000001],[-53.5,68.97833450000002],[-53.5,68.9779959],[-53.5,68.9776574],[-53.5,68.9773189],[-53.5,68.9769804],[-53.5,68.97664179999998],[-53.5,68.97630329999998],[-53.5,68.97596479999999],[-53.5,68.97562629999999],[-53.5,68.97528779999999],[-53.5,68.97494920000003],[-53.5,68.97461070000003],[-53.5,68.97427219999997],[-53.5,68.97393369999998],[-53.5,68.97359510000001],[-53.5,68.97325660000001],[-53.5,68.97291810000002],[-53.5,68.97257960000002],[-53.5,68.972241],[-53.5,68.9719025],[-53.5,68.971564],[-53.5,68.9712255],[-53.5,68.97088689999998],[-53.5,68.97054839999998],[-53.5,68.97020989999999],[-53.5,68.96987139999999],[-53.5,68.96953280000002],[-53.5,68.96919430000003],[-53.5,68.96885579999997],[-53.5,68.96851729999997],[-53.5,68.96817870000001],[-53.5,68.96784020000001],[-53.5,68.96750170000001],[-53.5,68.96716320000002],[-53.5,68.9668246],[-53.5,68.9664861],[-53.5,68.9661476],[-53.5,68.9658091],[-53.5,68.9654706],[-53.5,68.96513199999998],[-53.5,68.96479349999998],[-53.5,68.96445499999999],[-53.5,68.96411649999999],[-53.5,68.96377790000003],[-53.5,68.96343940000003],[-53.5,68.96310089999997],[-53.5,68.96276239999997],[-53.5,68.96242380000001],[-53.5,68.96208530000001],[-53.5,68.96174680000001],[-53.5,68.96140830000002],[-53.5,68.96128090000002],[-53.5,68.9610697],[-53.5,68.9607312],[-53.5,68.9603927],[-53.5,68.9600542],[-53.5,68.95971559999998],[-53.5,68.9596163],[-53.5,68.95937709999998],[-53.5,68.95903859999999],[-53.5,68.95870009999999],[-53.5,68.95836150000002],[-53.5,68.95802300000003],[-53.5,68.95768450000003],[-53.5,68.95734599999997],[-53.5,68.95700749999997],[-53.5,68.95666890000001],[-53.5,68.95633040000001],[-53.5,68.95599190000001],[-53.5,68.95565340000002],[-53.5,68.9553148],[-53.5,68.9549763],[-53.5,68.9546378],[-53.5,68.9542993],[-53.5,68.95396069999998],[-53.5,68.95362219999998],[-53.5,68.95328369999999],[-53.5,68.95294519999999],[-53.5,68.95260660000002],[-53.5,68.95226810000003],[-53.5,68.95192960000003],[-53.5,68.9515922],[-53.5,68.95159109999997],[-53.5,68.95125250000001],[-53.5,68.95091400000001],[-53.5,68.95057550000001],[-53.5,68.95023700000002],[-53.5,68.9498984],[-53.5,68.9495599],[-53.5,68.9492214],[-53.5,68.9488829],[-53.5,68.9485444],[-53.5,68.94820579999998],[-53.5,68.94786729999998],[-53.5,68.94752879999999],[-53.5,68.94719029999999],[-53.5,68.94685170000002],[-53.5,68.94651320000003],[-53.5,68.94617469999997],[-53.5,68.94583619999997],[-53.5,68.94549760000001],[-53.5,68.94515910000001],[-53.5,68.94482060000001],[-53.5,68.94448210000002],[-53.5,68.9441435],[-53.5,68.943805],[-53.5,68.9434665],[-53.5,68.943128],[-53.5,68.94278939999998],[-53.5,68.94245089999998],[-53.5,68.94211239999998],[-53.5,68.94177389999999],[-53.5,68.94143530000002],[-53.5,68.94109680000003],[-53.5,68.94075830000003],[-53.5,68.94041979999997],[-53.5,68.94008129999997],[-53.5,68.93974270000001],[-53.5,68.93940420000001],[-53.5,68.93906570000001],[-53.5,68.93872720000002],[-53.5,68.9383886],[-53.5,68.9380501],[-53.5,68.9377116],[-53.5,68.9373731],[-53.5,68.93703449999998],[-53.5,68.93669599999998],[-53.5,68.93635749999999],[-53.5,68.93601899999999],[-53.5,68.93568040000002],[-53.5,68.93534190000003],[-53.5,68.93500340000003],[-53.5,68.93466489999997],[-53.5,68.93432630000001],[-53.5,68.93398780000001],[-53.5,68.93364930000001],[-53.5,68.93331080000002],[-53.5,68.9329722],[-53.5,68.9326337],[-53.5,68.9322952],[-53.5,68.9319567],[-53.5,68.93161809999998],[-53.5,68.93127959999998],[-53.5,68.93094109999998],[-53.5,68.93060259999999],[-53.5,68.93026409999999],[-53.5,68.92992550000002],[-53.5,68.92958700000003],[-53.5,68.92924850000003],[-53.5,68.92890999999997],[-53.5,68.92857140000001],[-53.5,68.92823290000001],[-53.5,68.92789440000001],[-53.5,68.92755590000002],[-53.5,68.9272173],[-53.5,68.9268788],[-53.5,68.9265403],[-53.5,68.9262018],[-53.5,68.92586319999998],[-53.5,68.92552469999998],[-53.5,68.92518619999998],[-53.5,68.92484769999999],[-53.5,68.92450910000002],[-53.5,68.92417060000002],[-53.5,68.92383210000003],[-53.5,68.92349359999997],[-53.5,68.92315500000001],[-53.5,68.92281650000001],[-53.5,68.92247800000001],[-53.5,68.92213950000001],[-53.5,68.92180100000002],[-53.5,68.9214624],[-53.5,68.9211239],[-53.5,68.9207854],[-53.5,68.9204469],[-53.5,68.92010829999998],[-53.5,68.91976979999998],[-53.5,68.91943129999999],[-53.5,68.91909279999999],[-53.5,68.91875420000002],[-53.5,68.91841570000003],[-53.5,68.91807720000003],[-53.5,68.91773869999997],[-53.5,68.91740010000001],[-53.5,68.91706160000001],[-53.5,68.91672310000001],[-53.5,68.91638460000001],[-53.5,68.916046],[-53.5,68.9157075],[-53.5,68.915369],[-53.5,68.9150305],[-53.5,68.91469189999998],[-53.5,68.91435339999998],[-53.5,68.91401489999998],[-53.5,68.91367639999999],[-53.5,68.91333789999999],[-53.5,68.91299930000002],[-53.5,68.91266080000003],[-53.5,68.91232230000003],[-53.5,68.91198379999997],[-53.5,68.91164520000001],[-53.5,68.91130670000001],[-53.5,68.91096820000001],[-53.5,68.91062970000002],[-53.5,68.9102911],[-53.5,68.9099526],[-53.5,68.9096141],[-53.5,68.9092756],[-53.5,68.90893699999998],[-53.5,68.90859849999998],[-53.5,68.90825999999998],[-53.5,68.90792149999999],[-53.5,68.90758290000002],[-53.5,68.90724440000002],[-53.5,68.90690590000003],[-53.5,68.90656739999997],[-53.5,68.90622880000001],[-53.5,68.90589030000001],[-53.5,68.90555180000001],[-53.5,68.90521330000001],[-53.5,68.90487480000002],[-53.5,68.9045362],[-53.5,68.9041977],[-53.5,68.9038592],[-53.5,68.9035207],[-53.5,68.90318209999998],[-53.5,68.90284359999998],[-53.5,68.90250509999998],[-53.5,68.90216659999999],[-53.5,68.90182800000002],[-53.5,68.90148950000003],[-53.5,68.90115100000003],[-53.5,68.90081249999997],[-53.5,68.90047390000001],[-53.5,68.90013540000001],[-53.5,68.89979690000001],[-53.5,68.89945840000001],[-53.5,68.8991198],[-53.5,68.8987813],[-53.5,68.8984428],[-53.5,68.8981043],[-53.5,68.89776569999998],[-53.5,68.89742719999998],[-53.5,68.89708869999998],[-53.5,68.89675019999999],[-53.5,68.89641169999999],[-53.5,68.89607310000002],[-53.5,68.89573460000003],[-53.5,68.89539610000003],[-53.5,68.89505759999997],[-53.5,68.89471900000001],[-53.5,68.89438050000001],[-53.5,68.89404200000001],[-53.5,68.89370350000002],[-53.5,68.8933649],[-53.5,68.8930264],[-53.5,68.8926879],[-53.5,68.8923494],[-53.5,68.89201079999998],[-53.5,68.89167229999998],[-53.5,68.89133379999998],[-53.5,68.89099529999999],[-53.5,68.89065670000002],[-53.5,68.89031820000002],[-53.5,68.88997970000003],[-53.5,68.88964120000003],[-53.5,68.88930260000001],[-53.5,68.88896410000001],[-53.5,68.88862560000001],[-53.5,68.88828710000001],[-53.5,68.8879485],[-53.5,68.88761],[-53.5,68.8872715],[-53.5,68.886933],[-53.5,68.8865945],[-53.5,68.88625589999998],[-53.5,68.88591739999998],[-53.5,68.88557889999998],[-53.5,68.88524039999999],[-53.5,68.88490180000002],[-53.5,68.88456330000002],[-53.5,68.88422480000003],[-53.5,68.88388629999997],[-53.5,68.88354770000001],[-53.5,68.88320920000001],[-53.5,68.88287070000001],[-53.5,68.88253220000001],[-53.5,68.8821936],[-53.5,68.8818551],[-53.5,68.8815166],[-53.5,68.8811781],[-53.5,68.88083949999998],[-53.5,68.88050099999998],[-53.5,68.88016249999998],[-53.5,68.87982399999999],[-53.5,68.87948540000002],[-53.5,68.87914690000002],[-53.5,68.87880840000003],[-53.5,68.87846990000003],[-53.5,68.87813139999997],[-53.5,68.87779280000001],[-53.5,68.87745430000001],[-53.5,68.87711580000001],[-53.5,68.87677730000001],[-53.5,68.8764387],[-53.5,68.8761002],[-53.5,68.8757617],[-53.5,68.8754232],[-53.5,68.87508459999998],[-53.5,68.87474609999998],[-53.5,68.87440759999998],[-53.5,68.87406909999999],[-53.5,68.87373050000002],[-53.5,68.87339200000002],[-53.5,68.87305350000003],[-53.5,68.87271500000003],[-53.5,68.87255440000001],[-53.5,68.87237640000001],[-53.5,68.87203790000001],[-53.5,68.87169940000001],[-53.5,68.87136090000001],[-53.5,68.87102229999999],[-53.5,68.8706838],[-53.5,68.8703453],[-53.5,68.8700068],[-53.5,68.8696683],[-53.5,68.86932969999998],[-53.5,68.86899119999998],[-53.5,68.86865269999998],[-53.5,68.86831419999999],[-53.5,68.86797560000002],[-53.5,68.86763710000002],[-53.5,68.86729860000003],[-53.5,68.86696009999997],[-53.5,68.86662150000001],[-53.5,68.86628300000001],[-53.5,68.86594450000001],[-53.5,68.86560600000001],[-53.5,68.8652674],[-53.5,68.8649289],[-53.5,68.8645904],[-53.5,68.8642519],[-53.5,68.86391329999998],[-53.5,68.86357479999998],[-53.5,68.86323629999998],[-53.5,68.86289779999998],[-53.5,68.86255920000002],[-53.5,68.86222070000002],[-53.5,68.86188220000003],[-53.5,68.86154370000003],[-53.5,68.86120519999997],[-53.5,68.86086660000001],[-53.5,68.86052810000001],[-53.5,68.86018960000001],[-53.5,68.85985110000001],[-53.5,68.8595125],[-53.5,68.859174],[-53.5,68.8588355],[-53.5,68.858497],[-53.5,68.85815839999998],[-53.5,68.85781989999998],[-53.5,68.85748139999998],[-53.5,68.85714289999999],[-53.5,68.85680430000002],[-53.5,68.85646580000002],[-53.5,68.85612730000003],[-53.5,68.85578880000003],[-53.5,68.8554502],[-53.5,68.85511170000001],[-53.5,68.85477320000001],[-53.5,68.85443470000001],[-53.5,68.85409609999999],[-53.5,68.8537576],[-53.5,68.8534191],[-53.5,68.8530806],[-53.5,68.85274199999998],[-53.5,68.85240349999998],[-53.5,68.85206499999998],[-53.5,68.85172649999998],[-53.5,68.85138799999999],[-53.5,68.85104940000002],[-53.5,68.85071090000002],[-53.5,68.85037240000003],[-53.5,68.85003390000003],[-53.5,68.84969530000001],[-53.5,68.84935680000001],[-53.5,68.84901830000001],[-53.5,68.84867980000001],[-53.5,68.8483412],[-53.5,68.8480027],[-53.5,68.8476642],[-53.5,68.8473257],[-53.5,68.84698709999998],[-53.5,68.84664859999998],[-53.5,68.84631009999998],[-53.5,68.84597159999998],[-53.5,68.84563300000002],[-53.5,68.84529450000002],[-53.5,68.84495600000002],[-53.5,68.84461750000003],[-53.5,68.8442789],[-53.5,68.84394040000001],[-53.5,68.84360190000001],[-53.5,68.84326340000001],[-53.5,68.84292490000001],[-53.5,68.8425863],[-53.5,68.8422478],[-53.5,68.8419093],[-53.5,68.8415708],[-53.5,68.84123219999998],[-53.5,68.84089369999998],[-53.5,68.84055519999998],[-53.5,68.84021669999998],[-53.5,68.83987810000002],[-53.5,68.83953960000002],[-53.5,68.83927269999998],[-53.5,68.83920110000003],[-53.5,68.83886260000003],[-53.5,68.838524],[-53.5,68.83818550000001],[-53.5,68.838164],[-53.5,68.83784700000001],[-53.5,68.83750850000001],[-53.5,68.83716989999999],[-53.5,68.8368314],[-53.5,68.8364929],[-53.5,68.8364128],[-53.5,68.8361544],[-53.5,68.83581579999998],[-53.5,68.83547729999998],[-53.5,68.83513879999998],[-53.5,68.83480029999998],[-53.5,68.83446179999999],[-53.5,68.83412320000002],[-53.5,68.83378470000002],[-53.5,68.83344620000003],[-53.5,68.83310770000003],[-53.5,68.83276910000001],[-53.5,68.83243060000001],[-53.5,68.83209210000001],[-53.5,68.83175360000001],[-53.5,68.83141499999999],[-53.5,68.8310765],[-53.5,68.830738],[-53.5,68.8303995],[-53.5,68.83006089999998],[-53.5,68.82972239999998],[-53.5,68.82938389999998],[-53.5,68.82904539999998],[-53.5,68.82870680000002],[-53.5,68.82836830000002],[-53.5,68.82802980000002],[-53.5,68.82769130000003],[-53.5,68.8273527],[-53.5,68.82701420000001],[-53.5,68.82667570000001],[-53.5,68.82633720000001],[-53.5,68.82599870000001],[-53.5,68.8256601],[-53.5,68.8253216],[-53.5,68.8249831],[-53.5,68.8246446],[-53.5,68.82430599999998],[-53.5,68.82396749999998],[-53.5,68.82362899999998],[-53.5,68.82329049999998],[-53.5,68.82295190000002],[-53.5,68.82261340000002],[-53.5,68.82227490000002],[-53.5,68.82193640000003],[-53.5,68.8215978],[-53.5,68.82125930000001],[-53.5,68.82092080000001],[-53.5,68.82058230000001],[-53.5,68.82024369999999],[-53.5,68.8199052],[-53.5,68.8195667],[-53.5,68.8192282],[-53.5,68.81888959999998],[-53.5,68.81855109999998],[-53.5,68.81821259999998],[-53.5,68.81787409999998],[-53.5,68.81753559999999],[-53.5,68.81719700000002],[-53.5,68.81685850000002],[-53.5,68.81652000000003],[-53.5,68.81618150000003],[-53.5,68.8158429],[-53.5,68.81550440000001],[-53.5,68.81516590000001],[-53.5,68.81482740000001],[-53.5,68.81448879999999],[-53.5,68.8141503],[-53.5,68.8138118],[-53.5,68.8134733],[-53.5,68.81313469999998],[-53.5,68.81279619999998],[-53.5,68.81245769999998],[-53.5,68.81211919999998],[-53.5,68.81178060000002],[-53.5,68.81144210000002],[-53.5,68.81110360000002],[-53.5,68.81076510000003],[-53.5,68.8104265],[-53.5,68.81008800000001],[-53.5,68.80974950000001],[-53.5,68.80941100000001],[-53.5,68.80907239999999],[-53.5,68.8087339],[-53.5,68.8083954],[-53.5,68.8080569],[-53.5,68.8077184],[-53.5,68.80737979999998],[-53.5,68.80704129999998],[-53.5,68.80670279999998],[-53.5,68.80636429999998],[-53.5,68.80602570000002],[-53.5,68.80568720000002],[-53.5,68.80534870000002],[-53.5,68.80501020000003],[-53.5,68.8046716],[-53.5,68.80433310000001],[-53.5,68.80399460000001],[-53.5,68.80365610000001],[-53.5,68.80331749999999],[-53.5,68.802979],[-53.5,68.8026405],[-53.5,68.802302],[-53.5,68.80196339999998],[-53.5,68.80162489999998],[-53.5,68.80128639999998],[-53.5,68.80094789999998],[-53.5,68.80060930000002],[-53.5,68.80027080000002],[-53.5,68.79993230000002],[-53.5,68.79959380000003],[-53.5,68.79925530000003],[-53.5,68.7989167],[-53.5,68.79857820000001],[-53.5,68.79823970000001],[-53.5,68.79790120000001],[-53.5,68.79756259999999],[-53.5,68.7972241],[-53.5,68.7968856],[-53.5,68.7965471],[-53.5,68.79620849999998],[-53.5,68.79586999999998],[-53.5,68.79553149999998],[-53.5,68.79519299999998],[-53.5,68.79485440000002],[-53.5,68.79451590000002],[-53.5,68.79417740000002],[-53.5,68.79383890000003],[-53.5,68.7935003],[-53.5,68.79316180000001],[-53.5,68.79314260000001],[-53.5,68.79282330000001],[-53.5,68.79248480000001],[-53.5,68.79214619999999],[-53.5,68.79180769999999],[-53.5,68.7914692],[-53.5,68.7911307],[-53.5,68.7907922],[-53.5,68.79045359999998],[-53.5,68.79011509999998],[-53.5,68.78977659999998],[-53.5,68.78943809999998],[-53.5,68.78909950000002],[-53.5,68.78876100000002],[-53.5,68.78842250000002],[-53.5,68.78808400000003],[-53.5,68.7877454],[-53.5,68.78740690000001],[-53.5,68.78706840000001],[-53.5,68.78672990000001],[-53.5,68.78639129999999],[-53.5,68.7860528],[-53.5,68.78597869999999],[-53.5,68.78577239999998],[-53.5,68.7857143],[-53.5,68.7853758],[-53.5,68.78536589999999],[-53.5,68.78503719999998],[-53.5,68.78495939999999],[-53.5,68.78469869999998],[-53.5,68.7845529],[-53.5,68.78436019999998],[-53.5,68.78414629999997],[-53.5,68.78402169999998],[-53.5,68.78373979999998],[-53.5,68.78368940000001],[-53.5,68.78368310000002],[-53.5,68.78334460000002],[-53.5,68.78333329999998],[-53.5,68.78300610000002],[-53.5,68.78292679999998],[-53.5,68.78266760000002],[-53.5,68.78252029999999],[-53.5,68.78232910000003],[-53.5,68.78211379999999],[-53.5,68.78209179999999],[-53.5,68.7819905],[-53.5,68.7817073],[-53.5,68.78165200000001],[-53.5,68.78131350000001],[-53.5,68.7813008],[-53.5,68.78097500000001],[-53.5,68.7808943],[-53.5,68.78063639999999],[-53.5,68.7804878],[-53.5,68.7802979],[-53.5,68.7800813],[-53.5,68.7799594],[-53.5,68.77967480000001],[-53.5,68.7796209],[-53.5,68.77928229999998],[-53.5,68.77926830000001],[-53.5,68.77894379999998],[-53.5,68.77886180000002],[-53.5,68.77860529999998],[-53.5,68.77845530000002],[-53.5,68.77826679999998],[-53.5,68.77804880000002],[-53.5,68.77792820000002],[-53.5,68.77764230000002],[-53.5,68.77758970000002],[-53.5,68.77737280000002],[-53.5,68.77725120000002],[-53.5,68.77723580000003],[-53.5,68.77691270000003],[-53.5,68.77682929999997],[-53.5,68.7765741],[-53.5,68.77642279999998],[-53.5,68.7762356],[-53.5,68.77601629999998],[-53.5,68.77589710000001],[-53.5,68.77560979999998],[-53.5,68.77555860000001],[-53.5,68.77521999999999],[-53.5,68.77520329999999],[-53.5,68.77488149999999],[-53.5,68.77479679999999],[-53.5,68.774543],[-53.5,68.77439020000003],[-53.5,68.7742045],[-53.5,68.77398369999997],[-53.5,68.77386589999998],[-53.5,68.77357719999998],[-53.5,68.77352739999998],[-53.5,68.77318889999998],[-53.5,68.77317069999998],[-53.5,68.77306909999999],[-53.5,68.77285039999998],[-53.5,68.77276419999998],[-53.5,68.77251189999998],[-53.5,68.77235769999999],[-53.5,68.77217330000002],[-53.5,68.77195119999999],[-53.5,68.77183480000002],[-53.5,68.77154469999999],[-53.5,68.77149630000002],[-53.5,68.7712699],[-53.5,68.77115780000003],[-53.5,68.7711382],[-53.5,68.7708192],[-53.5,68.7707317],[-53.5,68.77048070000001],[-53.5,68.7703252],[-53.5,68.77014220000001],[-53.5,68.7699187],[-53.5,68.76980370000001],[-53.5,68.76951220000001],[-53.5,68.76946509999999],[-53.5,68.76912659999999],[-53.5,68.76910570000001],[-53.5,68.7687881],[-53.5,68.76869920000001],[-53.5,68.76868250000001],[-53.5,68.7684496],[-53.5,68.768415],[-53.5,68.76829270000002],[-53.5,68.76821699999999],[-53.5,68.76811099999998],[-53.5,68.7679794],[-53.5,68.76788620000002],[-53.5,68.76777249999998],[-53.5,68.76757650000002],[-53.5,68.76747970000002],[-53.5,68.76743399999998],[-53.5,68.76727920000002],[-53.5,68.76725379999999],[-53.5,68.76709549999998],[-53.5,68.76675690000002],[-53.5,68.76641840000002],[-53.5,68.76607990000002],[-53.5,68.76574140000002],[-53.5,68.76573780000001],[-53.5,68.76544719999998],[-53.5,68.7654028],[-53.5,68.7650643],[-53.5,68.76504069999999],[-53.5,68.76472580000001],[-53.5,68.76463419999999],[-53.5,68.76438730000001],[-53.5,68.76422760000003],[-53.5,68.76404880000001],[-53.5,68.76382109999997],[-53.5,68.76371019999999],[-53.5,68.76341459999998],[-53.5,68.7633717],[-53.5,68.7630332],[-53.5,68.76300809999998],[-53.5,68.7626947],[-53.5,68.76260159999998],[-53.5,68.76235609999998],[-53.5,68.76219509999999],[-53.5,68.76201759999998],[-53.5,68.76178859999999],[-53.5,68.76167909999998],[-53.5,68.76138209999999],[-53.5,68.76134059999998],[-53.5,68.76100200000002],[-53.5,68.7609756],[-53.5,68.76066350000002],[-53.5,68.7605691],[-53.5,68.76032500000002],[-53.5,68.7601626],[-53.5,68.75998650000002],[-53.5,68.7597561],[-53.5,68.7596479],[-53.5,68.75934960000001],[-53.5,68.7593094],[-53.5,68.75928240000002],[-53.5,68.75897090000001],[-53.5,68.75894310000001],[-53.5,68.75863240000001],[-53.5,68.75853660000001],[-53.5,68.75829379999999],[-53.5,68.75813010000002],[-53.5,68.75795529999999],[-53.5,68.75772360000002],[-53.5,68.7576168],[-53.5,68.75731710000002],[-53.5,68.7572783],[-53.5,68.75693969999998],[-53.5,68.75691060000003],[-53.5,68.75660119999998],[-53.5,68.75650409999997],[-53.5,68.75626269999998],[-53.5,68.75609759999998],[-53.5,68.75592419999998],[-53.5,68.75569109999998],[-53.5,68.75558569999998],[-53.5,68.75528459999998],[-53.5,68.75524710000002],[-53.5,68.75490860000002],[-53.5,68.75487809999998],[-53.5,68.75457010000002],[-53.5,68.75447150000002],[-53.5,68.75423160000003],[-53.5,68.75406500000003],[-53.5,68.7540146],[-53.5,68.753893],[-53.5,68.7535545],[-53.5,68.75321600000001],[-53.5,68.75287750000001],[-53.5,68.75253889999999],[-53.5,68.75220039999999],[-53.5,68.7518619],[-53.5,68.7515234],[-53.5,68.75118479999998],[-53.5,68.75084629999998],[-53.5,68.75050779999998],[-53.5,68.75016929999998],[-53.5,68.74983070000002],[-53.5,68.74949220000002],[-53.5,68.74915370000002],[-53.5,68.74881520000002],[-53.5,68.7484766],[-53.5,68.7481381],[-53.5,68.74779960000001],[-53.5,68.74746110000001],[-53.5,68.74712260000001],[-53.5,68.74678399999999],[-53.5,68.7464455],[-53.5,68.746107],[-53.5,68.7457685],[-53.5,68.74542989999998],[-53.5,68.74509139999998],[-53.5,68.74475289999998],[-53.5,68.74441439999998],[-53.5,68.74407580000002],[-53.5,68.74373730000002],[-53.5,68.74339880000002],[-53.5,68.74306030000002],[-53.5,68.7427217],[-53.5,68.7423832],[-53.5,68.74204470000001],[-53.5,68.74170620000001],[-53.5,68.74136759999999],[-53.5,68.74102909999999],[-53.5,68.7406906],[-53.5,68.7403521],[-53.5,68.74001349999998],[-53.5,68.73967499999998],[-53.5,68.73933649999998],[-53.5,68.73899799999998],[-53.5,68.73865940000002],[-53.5,68.73832090000002],[-53.5,68.73798240000002],[-53.5,68.73764390000002],[-53.5,68.73730540000003],[-53.5,68.7369668],[-53.5,68.7366283],[-53.5,68.73628980000001],[-53.5,68.73595130000001],[-53.5,68.73561269999999],[-53.5,68.73527419999999],[-53.5,68.7349357],[-53.5,68.7345972],[-53.5,68.73425859999998],[-53.5,68.73392009999998],[-53.5,68.73358159999998],[-53.5,68.73324309999998],[-53.5,68.73290450000002],[-53.5,68.73256600000002],[-53.5,68.73222750000002],[-53.5,68.73188900000002],[-53.5,68.7315504],[-53.5,68.7312119],[-53.5,68.73087340000001],[-53.5,68.73053490000001],[-53.5,68.73019629999999],[-53.5,68.72985779999999],[-53.5,68.72951929999999],[-53.5,68.72950329999998],[-53.5,68.7291808],[-53.5,68.72917619999998],[-53.5,68.7288423],[-53.5,68.72850369999998],[-53.5,68.72816519999998],[-53.5,68.72782669999998],[-53.5,68.72748819999998],[-53.5,68.72714960000002],[-53.5,68.72681110000002],[-53.5,68.72647260000002],[-53.5,68.72613410000002],[-53.5,68.7257955],[-53.5,68.725457],[-53.5,68.72511850000001],[-53.5,68.72478000000001],[-53.5,68.72444139999999],[-53.5,68.72410289999999],[-53.5,68.7237644],[-53.5,68.7234259],[-53.5,68.72308729999997],[-53.5,68.72274879999998],[-53.5,68.72241029999998],[-53.5,68.72207179999998],[-53.5,68.72173320000002],[-53.5,68.72139470000002],[-53.5,68.72105620000002],[-53.5,68.72071770000002],[-53.5,68.72037920000002],[-53.5,68.7200406],[-53.5,68.7197021],[-53.5,68.71936360000001],[-53.5,68.71902510000001],[-53.5,68.71868649999999],[-53.5,68.71834799999999],[-53.5,68.7180095],[-53.5,68.717671],[-53.5,68.71733239999998],[-53.5,68.71699389999998],[-53.5,68.71665539999998],[-53.5,68.71631689999998],[-53.5,68.71597830000002],[-53.5,68.71563980000002],[-53.5,68.71530130000002],[-53.5,68.71496280000002],[-53.5,68.7146242],[-53.5,68.7142857],[-53.5,68.7139472],[-53.5,68.71360870000001],[-53.5,68.71327009999999],[-53.5,68.71293159999999],[-53.5,68.71259309999999],[-53.5,68.7122546],[-53.5,68.7119161],[-53.5,68.71157749999998],[-53.5,68.71123899999998],[-53.5,68.71090049999998],[-53.5,68.71056199999998],[-53.5,68.71022340000002],[-53.5,68.70988490000002],[-53.5,68.70954640000002],[-53.5,68.70920790000002],[-53.5,68.7088693],[-53.5,68.7085308],[-53.5,68.70819230000001],[-53.5,68.70785380000001],[-53.5,68.70751519999999],[-53.5,68.70717669999999],[-53.5,68.70683819999999],[-53.5,68.7064997],[-53.5,68.70616109999997],[-53.5,68.70582259999998],[-53.5,68.70548409999998],[-53.5,68.70514559999998],[-53.5,68.70480700000002],[-53.5,68.70446850000002],[-53.5,68.70413000000002],[-53.5,68.70379150000002],[-53.5,68.70345300000002],[-53.5,68.7031144],[-53.5,68.7027759],[-53.5,68.70243740000001],[-53.5,68.70209890000001],[-53.5,68.70176029999999],[-53.5,68.70142179999999],[-53.5,68.7010833],[-53.5,68.7007448],[-53.5,68.70040619999997],[-53.5,68.70006769999998],[-53.5,68.69972919999998],[-53.5,68.69939069999998],[-53.5,68.69905210000002],[-53.5,68.69871360000002],[-53.5,68.69837510000002],[-53.5,68.69803660000002],[-53.5,68.697698],[-53.5,68.6973595],[-53.5,68.697021],[-53.5,68.69668250000001],[-53.5,68.69634389999999],[-53.5,68.69600539999999],[-53.5,68.69566689999999],[-53.5,68.6953284],[-53.5,68.69498979999997],[-53.5,68.69465129999998],[-53.5,68.69444140000002],[-53.5,68.69431279999998],[-53.5,68.69397429999998],[-53.5,68.69391130000002],[-53.5,68.69363579999998],[-53.5,68.69329720000002],[-53.5,68.69295870000002],[-53.5,68.69262020000002],[-53.5,68.69228170000002],[-53.5,68.6919431],[-53.5,68.6916046],[-53.5,68.6912661],[-53.5,68.69092760000001],[-53.5,68.69058899999999],[-53.5,68.69025049999999],[-53.5,68.68991199999999],[-53.5,68.6895735],[-53.5,68.68923489999997],[-53.5,68.68889639999998],[-53.5,68.68855789999998],[-53.5,68.68831069999999],[-53.5,68.68821939999998],[-53.5,68.68788080000002],[-53.5,68.68754230000002],[-53.5,68.68720380000002],[-53.5,68.68686530000002],[-53.5,68.6865267],[-53.5,68.6861882],[-53.5,68.6858497],[-53.5,68.68551120000001],[-53.5,68.68517270000001],[-53.5,68.68483409999999],[-53.5,68.68449559999999],[-53.5,68.6841571],[-53.5,68.6838186],[-53.5,68.68347999999997],[-53.5,68.68314149999998],[-53.5,68.68280299999998],[-53.5,68.68246449999998],[-53.5,68.68212590000002],[-53.5,68.68178740000002],[-53.5,68.68144890000002],[-53.5,68.68111040000002],[-53.5,68.6810888],[-53.5,68.6807718],[-53.5,68.6804333],[-53.5,68.6800948],[-53.5,68.67975630000001],[-53.5,68.67941769999999],[-53.5,68.67907919999999],[-53.5,68.67874069999999],[-53.5,68.6784022],[-53.5,68.67806359999997],[-53.5,68.67772509999998],[-53.5,68.67738659999998],[-53.5,68.67704809999998],[-53.5,68.67670959999998],[-53.5,68.67653530000001],[-53.5,68.67637100000002],[-53.5,68.67603250000002],[-53.5,68.67569400000002],[-53.5,68.67535550000002],[-53.5,68.6750169],[-53.5,68.6746784],[-53.5,68.6743399],[-53.5,68.67425309999999],[-53.5,68.67400140000001],[-53.5,68.67366279999999],[-53.5,68.67332429999999],[-53.5,68.67298579999999],[-53.5,68.6726473],[-53.5,68.67230869999997],[-53.5,68.67197019999998],[-53.5,68.67163169999998],[-53.5,68.67129319999998],[-53.5,68.67095460000002],[-53.5,68.67087759999998],[-53.5,68.67061610000002],[-53.5,68.67027760000002],[-53.5,68.66993910000002],[-53.5,68.6696005],[-53.5,68.669262],[-53.5,68.6689235],[-53.5,68.66858500000001],[-53.5,68.66824650000001],[-53.5,68.66790789999999],[-53.5,68.66756939999999],[-53.5,68.66723089999999],[-53.5,68.6668924],[-53.5,68.66655379999997],[-53.5,68.66621529999998],[-53.5,68.66587679999998],[-53.5,68.66553829999998],[-53.5,68.66519970000002],[-53.5,68.66486120000002],[-53.5,68.66452270000002],[-53.5,68.66418420000002],[-53.5,68.6638456],[-53.5,68.6635071],[-53.5,68.6631686],[-53.5,68.66283010000001],[-53.5,68.66249149999999],[-53.5,68.66215299999999],[-53.5,68.66181449999999],[-53.5,68.661476],[-53.5,68.66113739999997],[-53.5,68.66079889999997],[-53.5,68.66046039999998],[-53.5,68.66012189999998],[-53.5,68.66008449999998],[-53.5,68.65978330000002],[-53.5,68.65944480000002],[-53.5,68.65910630000002],[-53.5,68.65876780000002],[-53.5,68.65842930000002],[-53.5,68.6580907],[-53.5,68.6577522],[-53.5,68.6574137],[-53.5,68.65707520000001],[-53.5,68.65673659999999],[-53.5,68.65639809999999],[-53.5,68.65605959999999],[-53.5,68.6557211],[-53.5,68.65538249999997],[-53.5,68.65504399999998],[-53.5,68.65470549999998],[-53.5,68.65436699999998],[-53.5,68.65402840000002],[-53.5,68.65368990000002],[-53.5,68.65335140000002],[-53.5,68.65301290000002],[-53.5,68.6526743],[-53.5,68.6523358],[-53.5,68.6519973],[-53.5,68.6516588],[-53.5,68.65132019999999],[-53.5,68.65098169999999],[-53.5,68.65064319999999],[-53.5,68.65030469999999],[-53.5,68.6499662],[-53.5,68.64962759999997],[-53.5,68.64928909999998],[-53.5,68.64895059999998],[-53.5,68.64861209999998],[-53.5,68.64827350000002],[-53.5,68.64793500000002],[-53.5,68.64759650000002],[-53.5,68.64725800000002],[-53.5,68.6469194],[-53.5,68.6465809],[-53.5,68.6462424],[-53.5,68.64590390000001],[-53.5,68.64556529999999],[-53.5,68.64522679999999],[-53.5,68.64488829999999],[-53.5,68.6445498],[-53.5,68.64421119999997],[-53.5,68.64387269999997],[-53.5,68.64353419999998],[-53.5,68.64319569999998],[-53.5,68.64295499999997],[-53.5,68.64285710000001],[-53.5,68.64251860000002],[-53.5,68.64218010000002],[-53.5,68.64184160000002],[-53.5,68.64150310000002],[-53.5,68.6411645],[-53.5,68.640826],[-53.5,68.64054779999998],[-53.5,68.6404875],[-53.5,68.64014900000001],[-53.5,68.63981039999999],[-53.5,68.63947189999999],[-53.5,68.63913339999999],[-53.5,68.6387949],[-53.5,68.63845629999997],[-53.5,68.63811779999997],[-53.5,68.63777929999998],[-53.5,68.63744079999998],[-53.5,68.63710220000002],[-53.5,68.63676370000002],[-53.5,68.63642520000002],[-53.5,68.63608670000002],[-53.5,68.6357481],[-53.5,68.6354096],[-53.5,68.6350711],[-53.5,68.6347326],[-53.5,68.63443690000003],[-53.5,68.63439399999999],[-53.5,68.63405549999999],[-53.5,68.63383160000001],[-53.5,68.63371699999999],[-53.5,68.63337849999999],[-53.5,68.63304],[-53.5,68.63270139999997],[-53.5,68.63236289999998],[-53.5,68.63202439999998],[-53.5,68.63189890000001],[-53.5,68.63168589999998],[-53.5,68.63134730000002],[-53.5,68.63100880000002],[-53.5,68.63067030000002],[-53.5,68.63033180000002],[-53.5,68.6299932],[-53.5,68.62975699999998],[-53.5,68.6296547],[-53.5,68.6293162],[-53.5,68.62897770000001],[-53.5,68.62863909999999],[-53.5,68.62830059999999],[-53.5,68.628063],[-53.5,68.62796209999999],[-53.5,68.62762359999999],[-53.5,68.62728499999997],[-53.5,68.62694649999997],[-53.5,68.62660799999998],[-53.5,68.62626949999998],[-53.5,68.62593090000001],[-53.5,68.62559240000002],[-53.5,68.62525390000002],[-53.5,68.62491540000002],[-53.5,68.6245768],[-53.5,68.62439360000002],[-53.5,68.6242383],[-53.5,68.6238998],[-53.5,68.6235613],[-53.5,68.62322280000001],[-53.5,68.62288419999999],[-53.5,68.62254569999999],[-53.5,68.62220719999999],[-53.5,68.6218687],[-53.5,68.62167729999999],[-53.5,68.62153009999997],[-53.5,68.62119159999997],[-53.5,68.62085309999998],[-53.5,68.62063030000002],[-53.5,68.62051459999998],[-53.5,68.62017600000001],[-53.5,68.61997530000002],[-53.5,68.61983750000002],[-53.5,68.61949900000002],[-53.5,68.6192165],[-53.5,68.61916050000002],[-53.5,68.6188219],[-53.5,68.6184834],[-53.5,68.6181449],[-53.5,68.6178064],[-53.5,68.61746779999999],[-53.5,68.61712929999999],[-53.5,68.61688179999999],[-53.5,68.61679079999999],[-53.5,68.6167261],[-53.5,68.61645229999999],[-53.5,68.61640940000001],[-53.5,68.61623559999998],[-53.5,68.61611370000003],[-53.5,68.61577519999997],[-53.5,68.61543669999998],[-53.5,68.61509819999998],[-53.5,68.61475969999998],[-53.5,68.61442110000002],[-53.5,68.61416350000002],[-53.5,68.61408260000002],[-53.5,68.61374410000002],[-53.5,68.61361570000003],[-53.5,68.61340560000002],[-53.5,68.613067],[-53.5,68.6127285],[-53.5,68.61271060000001],[-53.5,68.61239],[-53.5,68.6120515],[-53.5,68.61171289999999],[-53.5,68.61137439999999],[-53.5,68.61103589999999],[-53.5,68.61093399999999],[-53.5,68.61069739999999],[-53.5,68.61035879999997],[-53.5,68.61002029999997],[-53.5,68.60968179999998],[-53.5,68.60934329999998],[-53.5,68.60900470000001],[-53.5,68.60866620000002],[-53.5,68.60832770000002],[-53.5,68.60798920000002],[-53.5,68.6076506],[-53.5,68.6073121],[-53.5,68.6069736],[-53.5,68.6066351],[-53.5,68.60629660000001],[-53.5,68.60595799999999],[-53.5,68.60561949999999],[-53.5,68.60528099999999],[-53.5,68.60494249999999],[-53.5,68.60460389999997],[-53.5,68.60426539999997],[-53.5,68.60392689999998],[-53.5,68.60358839999998],[-53.5,68.60324980000001],[-53.5,68.60291130000002],[-53.5,68.60257280000002],[-53.5,68.60223430000002],[-53.5,68.6018957],[-53.5,68.6015572],[-53.5,68.6012187],[-53.5,68.6008802],[-53.5,68.60054159999999],[-53.5,68.60020309999999],[-53.5,68.59986459999999],[-53.5,68.59952609999999],[-53.5,68.59918750000003],[-53.5,68.59884899999997],[-53.5,68.59851049999997],[-53.5,68.59817199999998],[-53.5,68.59783349999998],[-53.5,68.59749490000002],[-53.5,68.59715640000002],[-53.5,68.59681790000002],[-53.5,68.59647940000002],[-53.5,68.5961408],[-53.5,68.5958023],[-53.5,68.5954638],[-53.5,68.5951253],[-53.5,68.59478669999999],[-53.5,68.59444819999999],[-53.5,68.59410969999999],[-53.5,68.59377119999999],[-53.5,68.59343260000003],[-53.5,68.59309409999997],[-53.5,68.59275559999998],[-53.5,68.59241709999998],[-53.5,68.59207850000001],[-53.5,68.59174000000002],[-53.5,68.5915152],[-53.5,68.59140150000002],[-53.5,68.59106300000002],[-53.5,68.5907244],[-53.5,68.5903859],[-53.5,68.5900474],[-53.5,68.5897089],[-53.5,68.5893704],[-53.5,68.58903179999999],[-53.5,68.58892850000001],[-53.5,68.58869329999999],[-53.5,68.58835479999999],[-53.5,68.58801629999999],[-53.5,68.58767769999997],[-53.5,68.58733919999997],[-53.5,68.58700069999998],[-53.5,68.58666219999998],[-53.5,68.58632360000001],[-53.5,68.58598510000002],[-53.5,68.58564660000002],[-53.5,68.58530810000002],[-53.5,68.5849695],[-53.5,68.584631],[-53.5,68.5842925],[-53.5,68.583954],[-53.5,68.58361539999999],[-53.5,68.58327689999999],[-53.5,68.58293839999999],[-53.5,68.58259989999999],[-53.5,68.58226130000003],[-53.5,68.58192279999997],[-53.5,68.58158429999997],[-53.5,68.58124579999998],[-53.5,68.58090720000001],[-53.5,68.58056870000001],[-53.5,68.58023020000002],[-53.5,68.5799465],[-53.5,68.5779033],[-53.5,68.57786049999999],[-53.5,68.57752199999999],[-53.5,68.57718349999999],[-53.5,68.57684499999999],[-53.5,68.57650640000003],[-53.5,68.57616789999997],[-53.5,68.57582939999998],[-53.5,68.57549089999998],[-53.5,68.57515230000001],[-53.5,68.57481380000002],[-53.5,68.57447530000002],[-53.5,68.57413680000002],[-53.5,68.5737982],[-53.5,68.5734597],[-53.5,68.5731212],[-53.5,68.5727827],[-53.5,68.57244409999998],[-53.5,68.57210559999999],[-53.5,68.57176709999999],[-53.5,68.57142859999999],[-53.5,68.57109009999999],[-53.5,68.57075149999997],[-53.5,68.57041299999997],[-53.5,68.57007449999998],[-53.5,68.56973599999998],[-53.5,68.56939740000001],[-53.5,68.56905890000002],[-53.5,68.56877550000002],[-53.5,68.56828300000001],[-53.5,68.5680433],[-53.5,68.56785580000002],[-53.5,68.56775920000001],[-53.5,68.5677048],[-53.5,68.5673663],[-53.5,68.5670278],[-53.5,68.56668919999998],[-53.5,68.56635069999999],[-53.5,68.5661318],[-53.5,68.56601219999999],[-53.5,68.56567369999999],[-53.5,68.56533510000003],[-53.5,68.56499659999997],[-53.5,68.56465809999997],[-53.5,68.56431959999998],[-53.5,68.56398100000001],[-53.5,68.56364250000001],[-53.5,68.56330400000002],[-53.5,68.56296550000002],[-53.5,68.56262700000002],[-53.5,68.5622884],[-53.5,68.5621913],[-53.5,68.5619499],[-53.5,68.5616114],[-53.5,68.5612729],[-53.5,68.56093429999999],[-53.5,68.56059579999999],[-53.5,68.56036269999998],[-53.5,68.56025729999999],[-53.5,68.55991879999999],[-53.5,68.55958020000003],[-53.5,68.55924169999997],[-53.5,68.55890319999997],[-53.5,68.55856469999998],[-53.5,68.55822610000001],[-53.5,68.55788760000002],[-53.5,68.55754910000002],[-53.5,68.55737290000002],[-53.5,68.55732469999998],[-53.5,68.55721060000002],[-53.5,68.556872],[-53.5,68.5565335],[-53.5,68.556195],[-53.5,68.5558565],[-53.5,68.55551789999998],[-53.5,68.55517939999999],[-53.5,68.55484089999999],[-53.5,68.55450239999999],[-53.5,68.55416389999999],[-53.5,68.55382530000003],[-53.5,68.55348679999997],[-53.5,68.55314829999998],[-53.5,68.55280979999998],[-53.5,68.55247120000001],[-53.5,68.55213270000002],[-53.5,68.55179420000002],[-53.5,68.55149799999998],[-53.5,68.55149219999998],[-53.5,68.55145570000002],[-53.5,68.5511171],[-53.5,68.5507786],[-53.5,68.5504401],[-53.5,68.5501016],[-53.5,68.54976299999998],[-53.5,68.54942449999999],[-53.5,68.54908599999999],[-53.5,68.54874749999999],[-53.5,68.54840890000003],[-53.5,68.54807039999997],[-53.5,68.54773189999997],[-53.5,68.54739339999998],[-53.5,68.54705480000001],[-53.5,68.54671630000001],[-53.5,68.54663190000002],[-53.5,68.54661349999998],[-53.5,68.54637780000002],[-53.5,68.54603930000002],[-53.5,68.5457007],[-53.5,68.5453622],[-53.5,68.5450237],[-53.5,68.5446852],[-53.5,68.5443467],[-53.5,68.54400809999999],[-53.5,68.54394980000001],[-53.5,68.54393190000002],[-53.5,68.54366959999999],[-53.5,68.5435612],[-53.5,68.54347519999999],[-53.5,68.54333109999999],[-53.5,68.54322230000002],[-53.5,68.5430945],[-53.5,68.54053770000002],[-53.5,68.53867050000002],[-53.5,68.53713809999999],[-53.5,68.53689910000003],[-53.5,68.53656059999997],[-53.5,68.53622209999997],[-53.5,68.53588359999998],[-53.5,68.53554500000001],[-53.5,68.53520650000002],[-53.5,68.53486800000002],[-53.5,68.53452950000002],[-53.5,68.5341909],[-53.5,68.5338524],[-53.5,68.53369149999997],[-53.5,68.5335139],[-53.5,68.5331754],[-53.5,68.5331033],[-53.5,68.53283679999998],[-53.5,68.53249829999999],[-53.5,68.53215979999999],[-53.5,68.53182129999999],[-53.5,68.53148270000003],[-53.5,68.53114420000003],[-53.5,68.53080569999997],[-53.5,68.53046719999998],[-53.5,68.53012860000001],[-53.5,68.52979010000001],[-53.5,68.52945160000002],[-53.5,68.52911310000002],[-53.5,68.5287745],[-53.5,68.528436],[-53.5,68.5280975],[-53.5,68.527759],[-53.5,68.5274205],[-53.5,68.52739939999998],[-53.5,68.52734320000002],[-53.5,68.52708189999998],[-53.5,68.52674339999999],[-53.5,68.52640489999999],[-53.5,68.52606639999999],[-53.5,68.52572780000003],[-53.5,68.52538929999997],[-53.5,68.52535390000003],[-53.5,68.52534179999998],[-53.5,68.52505079999997],[-53.5,68.5249387],[-53.5,68.52471229999998],[-53.5,68.52437370000001],[-53.5,68.52403520000001],[-53.5,68.52369670000002],[-53.5,68.52335820000002],[-53.5,68.5230196],[-53.5,68.5226811],[-53.5,68.5223426],[-53.5,68.5220041],[-53.5,68.52166549999998],[-53.5,68.52132699999999],[-53.5,68.52098849999999],[-53.5,68.52064999999999],[-53.5,68.52031140000003],[-53.5,68.51997290000003],[-53.5,68.51963439999997],[-53.5,68.51929589999997],[-53.5,68.51895739999998],[-53.5,68.51861880000001],[-53.5,68.51828030000001],[-53.5,68.51794180000002],[-53.5,68.51760330000002],[-53.5,68.5172647],[-53.5,68.5169262],[-53.5,68.5165877],[-53.5,68.5162492],[-53.5,68.51591059999998],[-53.5,68.51557209999999],[-53.5,68.51523359999999],[-53.5,68.51508630000001],[-53.5,68.51489509999999],[-53.5,68.51455650000003],[-53.5,68.51421800000003],[-53.5,68.51401629999998],[-53.5,68.51387949999997],[-53.5,68.5136531],[-53.5,68.51354099999998],[-53.5,68.5135406],[-53.5,68.51320240000001],[-53.5,68.51289489999999],[-53.5,68.51286390000001],[-53.5,68.51271919999999],[-53.5,68.51252540000002],[-53.5,68.51230550000002],[-53.5,68.51218690000002],[-53.5,68.51198870000002],[-53.5,68.5118483],[-53.5,68.5115098],[-53.5,68.51140570000001],[-53.5,68.5111713],[-53.5,68.5108328],[-53.5,68.51069039999999],[-53.5,68.5104943],[-53.5,68.51015569999998],[-53.5,68.50981719999999],[-53.5,68.50962370000002],[-53.5,68.50947869999999],[-53.5,68.50914019999999],[-53.5,68.50880160000003],[-53.5,68.50849419999997],[-53.5,68.50846309999997],[-53.5,68.50812459999997],[-53.5,68.50786979999998],[-53.5,68.50778609999998],[-53.5,68.50744750000001],[-53.5,68.50739019999997],[-53.5,68.5068852],[-53.5,68.50677050000002],[-53.5,68.50643200000002],[-53.5,68.5060934],[-53.5,68.5057549],[-53.5,68.5054164],[-53.5,68.5050779],[-53.5,68.50473929999998],[-53.5,68.50440079999998],[-53.5,68.50406229999999],[-53.5,68.50372379999999],[-53.5,68.50338520000003],[-53.5,68.50304670000003],[-53.5,68.50270819999997],[-53.5,68.50236969999997],[-53.5,68.50203110000001],[-53.5,68.50169260000001],[-53.5,68.50135410000001],[-53.5,68.50101560000002],[-53.5,68.50067710000002],[-53.5,68.5003385],[-53.5,68.5],[-53.4996615,68.5]]]]},"properties":{"datasetName":"101DK004BYDME","edition":1,"update":0,"status":3}},{"type":"Feature","geometry":{"type":"MultiPolygon","coordinates":[[[[11.0,54.5],[11.0,54.64038099999999],[11.0,55.0],[10.5,55.0],[10.5,54.58525300000002],[10.5,54.5],[11.0,54.5]]]]},"properties":{"datasetName":"101DK0040343E","edition":1,"update":0,"status":2}},{"type":"Feature","geometry":{"type":"MultiPolygon","coordinates":[[[[-52.5,70.5],[-52.5,71.0],[-53.0,71.0],[-53.0,70.5],[-52.5,70.5]]]]},"properties":{"datasetName":"101DK004CGDOE","edition":1,"update":0,"status":3}},{"type":"Feature","geometry":{"type":"MultiPolygon","coordinates":[[[[-48.46558169999997,61.0],[-48.451849700000025,61.0],[-48.4412734,61.0],[-48.423078299999986,61.0],[-48.417461100000025,61.0],[-48.417164300000024,61.0],[-48.41485490000002,61.0],[-48.414725799999985,61.0],[-48.413230399999975,61.0],[-48.40944259999998,61.0],[-48.40334949999999,61.0],[-48.40174330000002,61.0],[-48.40021730000001,61.0],[-48.3974101,61.0],[-48.39158170000002,61.0],[-48.38946010000001,61.0],[-48.388621,61.0],[-48.38775450000003,61.0],[-48.386939600000005,61.0],[-48.386166100000025,61.0],[-48.38590160000001,61.0],[-48.38542000000001,61.0],[-48.385075900000004,61.0],[-48.384809700000005,61.0],[-48.384203000000014,61.0],[-48.38310799999999,61.0],[-48.378085399999975,61.0],[-48.37664760000001,61.0],[-48.37438040000001,61.0],[-48.37274289999999,61.0],[-48.370660199999975,61.0],[-48.369856500000026,61.0],[-48.36909270000001,61.0],[-48.36826739999998,61.0],[-48.36740880000002,61.0],[-48.3665264,61.0],[-48.36557490000001,61.0],[-48.36436629999997,61.0],[-48.3627386,61.0],[-48.362159599999984,61.0],[-48.361076500000024,61.0],[-48.359097899999995,61.0],[-48.357923099999994,61.0],[-48.356834400000025,61.0],[-48.35576950000001,61.0],[-48.35477450000002,61.0],[-48.353825700000016,61.0],[-48.35323729999999,61.0],[-48.352734,61.0],[-48.352342299999975,61.0],[-48.35206310000001,61.0],[-48.351557300000024,61.0],[-48.350920900000006,61.0],[-48.35031409999999,61.0],[-48.34977550000002,61.0],[-48.34880850000002,61.0],[-48.34812740000001,61.0],[-48.34747549999997,61.0],[-48.34676730000001,61.0],[-48.34612470000002,61.0],[-48.345390899999984,61.0],[-48.34481199999999,61.0],[-48.344147599999985,61.0],[-48.34348460000001,61.0],[-48.34283549999998,61.0],[-48.342191000000014,61.0],[-48.34149719999999,61.0],[-48.34081359999999,61.0],[-48.34079800000001,61.0],[-48.34001599999999,61.0],[-48.33832210000003,61.0],[-48.337584100000015,61.0],[-48.33736140000002,61.0],[-48.33684269999998,61.0],[-48.33616890000002,61.0],[-48.335736499999996,61.0],[-48.3350853,61.0],[-48.33428989999999,61.0],[-48.33368969999998,61.0],[-48.332966,61.0],[-48.3323044,61.0],[-48.331721000000016,61.0],[-48.33121820000002,61.0],[-48.33023429999997,61.0],[-48.329206,61.0],[-48.3283783,61.0],[-48.32748290000001,61.0],[-48.32666979999999,61.0],[-48.3257385,61.0],[-48.32500049999999,61.0],[-48.32417800000002,61.0],[-48.32303889999997,61.0],[-48.322612900000024,61.0],[-48.32142440000001,61.0],[-48.32052440000001,61.0],[-48.3194896,61.0],[-48.31863850000002,61.0],[-48.31790849999999,61.0],[-48.31719199999998,61.0],[-48.31642670000002,61.0],[-48.31573739999999,61.0],[-48.31515239999999,61.0],[-48.31464790000001,61.0],[-48.31425730000001,61.0],[-48.31385340000003,61.0],[-48.31344999999999,61.0],[-48.3130491,61.0],[-48.312624400000004,61.0],[-48.31218469999999,61.0],[-48.311803699999984,61.0],[-48.31155439999998,61.0],[-48.3107258,61.0],[-48.30938409999999,61.0],[-48.30802139999997,61.0],[-48.305820400000016,61.0],[-48.3044994,61.0],[-48.303085899999985,61.0],[-48.30167,61.0],[-48.30056689999998,61.0],[-48.298871899999995,61.0],[-48.29737929999999,61.0],[-48.295733799999994,61.0],[-48.29451369999998,61.0],[-48.2932179,61.0],[-48.29167260000003,61.0],[-48.290211899999974,61.0],[-48.288754400000016,61.0],[-48.28698609999998,61.0],[-48.285722799999974,61.0],[-48.28422649999999,61.0],[-48.28283140000002,61.0],[-48.281752400000016,61.0],[-48.280699500000026,61.0],[-48.2793259,61.0],[-48.27429480000001,61.0],[-48.27235080000003,61.0],[-48.27005860000003,61.0],[-48.26852050000002,61.0],[-48.266456500000004,61.0],[-48.26429760000002,61.0],[-48.262197300000025,61.0],[-48.258849999999995,61.0],[-48.237145999999996,61.0],[-48.23186240000001,61.0],[-48.229866500000014,61.0],[-48.2280045,61.0],[-48.22567950000001,61.0],[-48.225128299999994,61.0],[-48.22469369999999,61.0],[-48.22206399999999,61.0],[-48.217314199999976,61.0],[-48.21354680000002,61.0],[-48.195912899999996,61.0],[-48.192575799999986,61.0],[-48.18944140000002,61.0],[-48.184179900000004,61.0],[-48.168390199999976,61.0],[-48.16463950000002,61.0],[-48.16087620000002,61.0],[-48.156575299999986,61.0],[-48.1528725,61.0],[-48.145259899999985,61.0],[-48.14448599999997,61.0],[-48.14329429999998,61.0],[-48.14207490000001,61.0],[-48.13993019999998,61.0],[-48.133930299999975,61.0],[-48.12895129999998,61.0],[-48.12671540000002,61.0],[-48.123660099999995,61.0],[-48.122438699999975,61.0],[-48.12117890000002,61.0],[-48.119998599999974,61.0],[-48.11907009999999,61.0],[-48.11824999999999,61.0],[-48.11587909999997,61.0],[-48.11178819999998,61.0],[-48.107530499999996,61.0],[-48.09755940000002,61.0],[-48.094246699999985,61.0],[-48.0901667,61.0],[-48.0852251,61.0],[-48.08275459999999,61.0],[-48.08021170000001,61.0],[-48.07515810000001,61.0],[-48.06972560000003,61.0],[-48.0667732,61.0],[-48.06301330000002,61.0],[-48.058370000000025,61.0],[-48.04999859999998,61.0],[-48.04549900000001,61.0],[-48.040880300000026,61.0],[-48.03872180000002,61.0],[-48.036164799999995,61.0],[-48.0360809,61.0],[-48.0327714,61.0],[-48.03154169999999,61.0],[-48.03050830000001,61.0],[-48.02078849999998,61.0],[-48.01753889999998,61.0],[-48.0159433,61.0],[-48.012848399999996,61.0],[-48.00801369999999,61.0],[-48.0039261,61.0],[-48.0,61.0],[-48.0,61.000213099999996],[-48.0,61.00116209999999],[-48.0,61.00267059999999],[-48.0,61.00636250000002],[-48.0,61.007388900000024],[-48.0,61.00823320000001],[-48.0,61.008990600000004],[-48.0,61.00970849999999],[-48.0,61.01016520000002],[-48.0,61.0105236],[-48.0,61.010992499999986],[-48.0,61.011606900000004],[-48.0,61.01279099999999],[-48.0,61.01387219999998],[-48.0,61.01651620000001],[-48.0,61.01814949999999],[-48.0,61.018647999999985],[-48.0,61.01930570000002],[-48.0,61.02014270000001],[-48.0,61.02083219999997],[-48.0,61.02180329999999],[-48.0,61.022725700000024],[-48.0,61.0235174],[-48.0,61.0241547],[-48.0,61.024340800000004],[-48.0,61.02508449999999],[-48.0,61.02551549999998],[-48.0,61.025904000000025],[-48.0,61.02620230000002],[-48.0,61.02646329999999],[-48.0,61.02677920000002],[-48.0,61.02717710000002],[-48.0,61.02760760000001],[-48.0,61.02828740000001],[-48.0,61.02894520000001],[-48.0,61.029727700000024],[-48.0,61.03024349999998],[-48.0,61.03105670000002],[-48.0,61.03204950000003],[-48.0,61.03279509999999],[-48.0,61.03344240000001],[-48.0,61.03428120000001],[-48.0,61.03487849999999],[-48.0,61.035413000000005],[-48.0,61.05270639999998],[-48.0,61.053098999999975],[-48.0,61.05812259999999],[-48.0,61.06038319999999],[-48.0,61.0617441],[-48.0,61.06900000000002],[-48.0,61.07021759999998],[-48.0,61.07657599999999],[-48.0,61.08026189999998],[-48.0,61.08804759999998],[-48.0,61.09178079999998],[-48.0,61.10103559999999],[-48.0,61.10145460000001],[-48.0,61.101945],[-48.0,61.10246110000003],[-48.0,61.102865699999995],[-48.0,61.103217700000016],[-48.0,61.103474300000016],[-48.0,61.10710879999999],[-48.0,61.1088345],[-48.0,61.111011899999994],[-48.0,61.11106649999999],[-48.0,61.11177500000002],[-48.0,61.11215090000002],[-48.0,61.11249859999998],[-48.0,61.5],[-48.5,61.5],[-48.5,61.271215600000005],[-48.5,61.25927610000002],[-48.5,61.2518159],[-48.5,61.23333910000002],[-48.5,61.2265883],[-48.5,61.186208799999974],[-48.5,61.16591519999997],[-48.5,61.165561500000024],[-48.5,61.16204950000002],[-48.5,61.1563941],[-48.5,61.154135999999994],[-48.5,61.150999300000024],[-48.5,61.14602819999999],[-48.5,61.145153600000015],[-48.5,61.142429600000014],[-48.5,61.14061600000002],[-48.5,61.140032599999984],[-48.5,61.1396249],[-48.5,61.137012500000026],[-48.5,61.13608260000001],[-48.5,61.11249859999998],[-48.5,61.103640900000016],[-48.5,61.101776400000006],[-48.5,61.10075019999999],[-48.5,61.09907179999999],[-48.5,61.09472649999998],[-48.5,61.091501300000004],[-48.5,61.06943039999999],[-48.5,61.04736459999998],[-48.5,61.04723990000002],[-48.5,61.03860309999999],[-48.5,61.03446939999998],[-48.5,61.0307047],[-48.5,61.02464650000002],[-48.5,61.0226126],[-48.5,61.01376240000002],[-48.5,61.0056007],[-48.5,61.0],[-48.46558169999997,61.0]]]]},"properties":{"datasetName":"101DK004AUEGE","edition":1,"update":0,"status":4}},{"type":"Feature","geometry":{"type":"MultiPolygon","coordinates":[[[[8.75,57.0],[9.0,57.0],[9.0,57.05000000000001],[9.0,57.5],[8.5,57.5],[8.5,57.0],[8.75,57.0]]]]},"properties":{"datasetName":"101DK0041335E","edition":1,"update":0,"status":4}},{"type":"Feature","geometry":{"type":"MultiPolygon","coordinates":[[[[-55.5,72.0],[-55.5,72.5],[-56.0,72.5],[-56.0,72.0],[-55.5,72.0]]]]},"properties":{"datasetName":"101DK004CMDCE","edition":1,"update":0,"status":2}},{"type":"Feature","geometry":{"type":"MultiPolygon","coordinates":[[[[-53.269716700000004,65.5],[-53.25638350000003,65.5],[-53.25466920000002,65.5],[-53.24993219999999,65.5],[-53.23618019999998,65.5],[-53.156166299999995,65.5],[-53.151049899999975,65.5],[-53.14807450000001,65.5],[-53.144664999999975,65.5],[-53.13555630000002,65.5],[-53.13075300000003,65.5],[-53.12831540000002,65.5],[-53.12504389999998,65.5],[-53.12272610000002,65.5],[-53.1208623,65.5],[-53.11868070000003,65.5],[-53.118543999999986,65.5],[-53.11587789999999,65.5],[-53.10960779999999,65.5],[-53.09946289999999,65.5],[-53.09223739999999,65.5],[-53.08328990000001,65.5],[-53.07658190000001,65.5],[-53.07428040000002,65.5],[-53.072990300000015,65.5],[-53.05713209999999,65.5],[-53.05610810000002,65.5],[-53.05226140000002,65.5],[-53.050813500000004,65.5],[-53.047965499999975,65.5],[-53.040446599999996,65.5],[-53.03904619999997,65.5],[-53.038565800000015,65.5],[-53.03621190000001,65.5],[-53.03493309999999,65.5],[-53.0344839,65.5],[-53.03423040000001,65.5],[-53.0286653,65.5],[-53.02136890000003,65.5],[-53.02045820000001,65.5],[-53.02000320000002,65.5],[-53.018700000000024,65.5],[-53.01496529999997,65.5],[-53.002465400000006,65.5],[-53.00092769999998,65.5],[-53.0,65.5],[-53.0,65.50311479999999],[-53.0,65.50353100000001],[-53.0,65.50630810000001],[-53.0,65.50637799999998],[-53.0,65.50642160000001],[-53.0,65.50832220000001],[-53.0,65.50985539999999],[-53.0,65.51040890000002],[-53.0,65.51068070000002],[-53.0,65.51109350000002],[-53.0,65.51167320000002],[-53.0,65.5129705],[-53.0,65.51446920000001],[-53.0,65.51523370000001],[-53.0,65.515693],[-53.0,65.51592670000002],[-53.0,65.51678930000003],[-53.0,65.51789780000001],[-53.0,65.5194487],[-53.0,65.52034980000002],[-53.0,65.52219009999999],[-53.0,65.5234054],[-53.0,65.52600949999999],[-53.0,65.53154310000002],[-53.0,65.53485719999998],[-53.0,65.53524140000002],[-53.0,65.53735820000003],[-53.0,65.5380232],[-53.0,65.53837119999997],[-53.0,65.53864190000002],[-53.0,65.53893110000001],[-53.0,65.5396637],[-53.0,65.54015199999998],[-53.0,65.54056400000002],[-53.0,65.5409995],[-53.0,65.54151810000002],[-53.0,65.5418727],[-53.0,65.54272630000003],[-53.0,65.54348320000003],[-53.0,65.54409609999999],[-53.0,65.54484480000002],[-53.0,65.54985779999998],[-53.0,65.5499163],[-53.0,65.55149319999998],[-53.0,65.55202709999998],[-53.0,65.55270050000001],[-53.0,65.55306990000003],[-53.0,65.55340159999997],[-53.0,65.55376480000001],[-53.0,65.55380480000002],[-53.0,65.55467220000003],[-53.0,65.55524309999998],[-53.0,65.55581130000002],[-53.0,65.55634650000002],[-53.0,65.55698030000002],[-53.0,65.55751679999997],[-53.0,65.5582339],[-53.0,65.5602222],[-53.0,65.5606598],[-53.0,65.56115440000002],[-53.0,65.5616382],[-53.0,65.5634091],[-53.0,65.56448160000002],[-53.0,65.56521609999999],[-53.0,65.56637790000002],[-53.0,65.56693289999998],[-53.0,65.5677212],[-53.0,65.57057509999999],[-53.0,65.57171490000002],[-53.0,65.57336509999999],[-53.0,65.57459239999997],[-53.0,65.57585019999999],[-53.0,65.576774],[-53.0,65.5795994],[-53.0,65.5812181],[-53.0,65.58336220000001],[-53.0,65.58783469999997],[-53.0,65.59468329999999],[-53.0,65.59732279999997],[-53.0,65.5980333],[-53.0,66.0],[-53.3283333,66.0],[-53.33017760000001,66.0],[-53.35067170000002,66.0],[-53.35620269999998,66.0],[-53.36252030000003,66.0],[-53.36744729999998,66.0],[-53.37576739999997,66.0],[-53.386896999999976,66.0],[-53.39280689999998,66.0],[-53.395531800000015,66.0],[-53.400687300000016,66.0],[-53.40137349999998,66.0],[-53.4094738,66.0],[-53.40947390000002,66.0],[-53.41112099999998,66.0],[-53.4124913,66.0],[-53.412645199999986,66.0],[-53.42808400000001,66.0],[-53.42808409999998,66.0],[-53.431625,66.0],[-53.431625199999985,66.0],[-53.434394699999984,66.0],[-53.43667199999999,66.0],[-53.43746229999999,66.0],[-53.4437992,66.0],[-53.44479799999999,66.0],[-53.44645910000003,66.0],[-53.45017919999998,66.0],[-53.46108290000001,66.0],[-53.47082230000001,66.0],[-53.47801909999998,66.0],[-53.47848640000001,66.0],[-53.487290900000005,66.0],[-53.4984116,66.0],[-53.5,66.0],[-53.5,65.99831569999998],[-53.5,65.99755529999999],[-53.5,65.99637009999998],[-53.5,65.99540100000002],[-53.5,65.99526959999997],[-53.5,65.99373530000003],[-53.5,65.98763659999997],[-53.5,65.98752430000002],[-53.5,65.9850265],[-53.5,65.98404249999999],[-53.5,65.98162769999999],[-53.5,65.97864279999999],[-53.5,65.978227],[-53.5,65.9703126],[-53.5,65.96936840000001],[-53.5,65.9641001],[-53.5,65.96353879999998],[-53.5,65.96267649999999],[-53.5,65.96221659999998],[-53.5,65.9617341],[-53.5,65.96145469999999],[-53.5,65.9608318],[-53.5,65.96017740000002],[-53.5,65.96017269999999],[-53.5,65.95959199999999],[-53.5,65.958576],[-53.5,65.95840220000002],[-53.5,65.9558821],[-53.5,65.95562790000002],[-53.5,65.95539509999998],[-53.5,65.9539421],[-53.5,65.95337699999999],[-53.5,65.95023420000001],[-53.5,65.9497773],[-53.5,65.94937570000002],[-53.5,65.94782049999998],[-53.5,65.94605050000001],[-53.5,65.94162890000001],[-53.5,65.9398218],[-53.5,65.93864730000001],[-53.5,65.9385082],[-53.5,65.93700890000002],[-53.5,65.93516090000003],[-53.5,65.91852019999999],[-53.5,65.9174784],[-53.5,65.91634920000001],[-53.5,65.91595539999997],[-53.5,65.90692100000001],[-53.5,65.9043092],[-53.5,65.90268559999998],[-53.5,65.9010654],[-53.5,65.90024870000002],[-53.5,65.8999475],[-53.5,65.89450599999998],[-53.5,65.8902526],[-53.5,65.89013699999998],[-53.5,65.88099999999997],[-53.5,65.5],[-53.269716700000004,65.5]]]]},"properties":{"datasetName":"101DK004BMDME","edition":1,"update":0,"status":1}},{"type":"Feature","geometry":{"type":"MultiPolygon","coordinates":[[[[-45.442683999999986,60.0],[-45.39862729999999,60.0],[-45.379915900000015,60.0],[-45.245199000000014,60.0],[-45.23872949999998,60.0],[-45.232079999999996,60.0],[-45.22145790000002,60.0],[-45.212073499999974,60.0],[-45.210499700000014,60.0],[-45.13429930000001,60.0],[-45.1342975,60.0],[-45.102046599999994,60.0],[-45.100989700000014,60.0],[-45.09800280000002,60.0],[-45.09216700000002,60.0],[-45.088082499999985,60.0],[-45.086084099999994,60.0],[-45.085467900000026,60.0],[-45.074109299999975,60.0],[-45.06295560000001,60.0],[-45.05995519999999,60.0],[-45.02998980000001,60.0],[-45.00430699999998,60.0],[-45.0,60.0],[-45.0,60.00073900000001],[-45.0,60.00113019999998],[-45.0,60.00400769999999],[-45.0,60.011651099999995],[-45.0,60.01895519999999],[-45.0,60.02139490000002],[-45.0,60.03456110000002],[-45.0,60.03851639999999],[-45.0,60.0524949],[-45.0,60.05451649999998],[-45.0,60.06261439999997],[-45.0,60.06554749999998],[-45.0,60.07539809999997],[-45.0,60.07773209999999],[-45.0,60.085893899999974],[-45.0,60.08819080000001],[-45.0,60.08895130000002],[-45.0,60.08938169999999],[-45.0,60.089751999999976],[-45.0,60.09006599999998],[-45.0,60.09112060000001],[-45.0,60.09124489999999],[-45.0,60.092514300000005],[-45.0,60.093590500000005],[-45.0,60.094246],[-45.0,60.09503480000001],[-45.0,60.096209499999986],[-45.0,60.09706920000002],[-45.0,60.0981721],[-45.0,60.09906380000001],[-45.0,60.0996844],[-45.0,60.10021219999999],[-45.0,60.10092700000001],[-45.0,60.101984800000025],[-45.0,60.103622599999994],[-45.0,60.1083519],[-45.0,60.109310100000016],[-45.0,60.1129899],[-45.0,60.11420420000002],[-45.0,60.11540600000001],[-45.0,60.115874399999996],[-45.0,60.11629149999999],[-45.0,60.116671999999994],[-45.0,60.11707990000002],[-45.0,60.1175202],[-45.0,60.1178994],[-45.0,60.11825729999998],[-45.0,60.11847060000002],[-45.0,60.1186601],[-45.0,60.1196104],[-45.0,60.12003759999999],[-45.0,60.12059790000001],[-45.0,60.12116229999998],[-45.0,60.1218624],[-45.0,60.12301489999999],[-45.0,60.12420789999999],[-45.0,60.1301186],[-45.0,60.133667100000025],[-45.0,60.13414499999999],[-45.0,60.1345063],[-45.0,60.135359900000026],[-45.0,60.13565879999999],[-45.0,60.13673449999999],[-45.0,60.137582099999975],[-45.0,60.138422400000024],[-45.0,60.13901759999999],[-45.0,60.1394846],[-45.0,60.1399313],[-45.0,60.14038069999998],[-45.0,60.14077609999998],[-45.0,60.1412631],[-45.0,60.141842699999984],[-45.0,60.14232900000002],[-45.0,60.14620209999998],[-45.0,60.14659599999999],[-45.0,60.14696700000002],[-45.0,60.14732859999998],[-45.0,60.14775880000002],[-45.0,60.14913130000002],[-45.0,60.1502974],[-45.0,60.15062569999998],[-45.0,60.15098599999999],[-45.0,60.15260519999998],[-45.0,60.15307769999998],[-45.0,60.153581799999984],[-45.0,60.154289000000006],[-45.0,60.15457079999999],[-45.0,60.15472089999997],[-45.0,60.15496689999998],[-45.0,60.15513570000002],[-45.0,60.155418199999986],[-45.0,60.15568050000002],[-45.0,60.15601299999997],[-45.0,60.15647940000002],[-45.0,60.157261800000015],[-45.0,60.15742],[-45.0,60.15812890000001],[-45.0,60.1598525],[-45.0,60.161565199999984],[-45.0,60.16518639999998],[-45.0,60.173938299999975],[-45.0,60.17805379999999],[-45.0,60.18208470000002],[-45.0,60.183232299999986],[-45.0,60.1836897],[-45.0,60.183896800000014],[-45.0,60.18410080000001],[-45.0,60.18454159999999],[-45.0,60.18482460000001],[-45.0,60.18510120000002],[-45.0,60.1853959],[-45.0,60.18561060000002],[-45.0,60.18580659999998],[-45.0,60.18603109999998],[-45.0,60.186261],[-45.0,60.1865262],[-45.0,60.18675669999999],[-45.0,60.186945700000024],[-45.0,60.187169100000006],[-45.0,60.18732360000001],[-45.0,60.18749889999998],[-45.0,60.18768069999999],[-45.0,60.187854200000004],[-45.0,60.188069799999994],[-45.0,60.18837619999999],[-45.0,60.188785800000005],[-45.0,60.18924750000002],[-45.0,60.189860099999976],[-45.0,60.19040419999999],[-45.0,60.190763000000004],[-45.0,60.19112560000002],[-45.0,60.19147670000001],[-45.0,60.19186109999998],[-45.0,60.19231000000002],[-45.0,60.1926828],[-45.0,60.19302800000003],[-45.0,60.1931993],[-45.0,60.1934804],[-45.0,60.19405499999999],[-45.0,60.194705899999974],[-45.0,60.195805699999994],[-45.0,60.19671779999999],[-45.0,60.20067719999997],[-45.0,60.20175569999998],[-45.0,60.2031212],[-45.0,60.20332589999998],[-45.0,60.20367570000002],[-45.0,60.20421379999999],[-45.0,60.20475010000001],[-45.0,60.20510380000002],[-45.0,60.20533879999999],[-45.0,60.20701969999999],[-45.0,60.20739450000002],[-45.0,60.20891519999998],[-45.0,60.210546299999976],[-45.0,60.21178450000002],[-45.0,60.21273359999998],[-45.0,60.21556770000001],[-45.0,60.21637550000003],[-45.0,60.21667639999998],[-45.0,60.21695149999999],[-45.0,60.21718759999999],[-45.0,60.217404699999975],[-45.0,60.217616599999985],[-45.0,60.21782660000002],[-45.0,60.21868310000002],[-45.0,60.2195102],[-45.0,60.22006099999999],[-45.0,60.22044949999997],[-45.0,60.22082449999999],[-45.0,60.22117050000003],[-45.0,60.22152779999999],[-45.0,60.222313799999995],[-45.0,60.22373470000002],[-45.0,60.22418929999998],[-45.0,60.22444250000001],[-45.0,60.2246811],[-45.0,60.2249913],[-45.0,60.22543289999999],[-45.0,60.225890900000024],[-45.0,60.2264285],[-45.0,60.22705580000002],[-45.0,60.228163300000006],[-45.0,60.22860050000003],[-45.0,60.228819699999974],[-45.0,60.23041310000002],[-45.0,60.231207100000006],[-45.0,60.231336999999996],[-45.0,60.2317362],[-45.0,60.232122100000026],[-45.0,60.23248419999999],[-45.0,60.23284510000002],[-45.0,60.2331178],[-45.0,60.23331380000002],[-45.0,60.23348199999998],[-45.0,60.233642299999985],[-45.0,60.23381869999997],[-45.0,60.233990800000015],[-45.0,60.234164599999986],[-45.0,60.23435219999999],[-45.0,60.23457769999999],[-45.0,60.23481029999999],[-45.0,60.235187999999994],[-45.0,60.23536840000003],[-45.0,60.23569659999998],[-45.0,60.23620820000002],[-45.0,60.236551099999986],[-45.0,60.23705159999997],[-45.0,60.23783420000001],[-45.0,60.2385817],[-45.0,60.23898919999999],[-45.0,60.241091600000004],[-45.0,60.241994999999974],[-45.0,60.242577400000016],[-45.0,60.24326309999998],[-45.0,60.24355409999998],[-45.0,60.24389630000002],[-45.0,60.24416000000002],[-45.0,60.24438079999999],[-45.0,60.24456029999999],[-45.0,60.24472450000002],[-45.0,60.24534360000001],[-45.0,60.245675000000006],[-45.0,60.24587680000002],[-45.0,60.24620540000001],[-45.0,60.2464597],[-45.0,60.24687419999998],[-45.0,60.247440100000006],[-45.0,60.247876399999996],[-45.0,60.24913040000001],[-45.0,60.25],[-45.0,60.25124979999998],[-45.0,60.25167099999999],[-45.0,60.25200050000001],[-45.0,60.2530074],[-45.0,60.254502100000025],[-45.0,60.2558502],[-45.0,60.2571691],[-45.0,60.257764899999984],[-45.0,60.25815239999997],[-45.0,60.25960679999997],[-45.0,60.25993080000001],[-45.0,60.26019200000002],[-45.0,60.261505],[-45.0,60.26199380000003],[-45.0,60.26241620000002],[-45.0,60.26279899999997],[-45.0,60.26311049999998],[-45.0,60.263443600000016],[-45.0,60.263778],[-45.0,60.264049399999976],[-45.0,60.26467869999999],[-45.0,60.2649103],[-45.0,60.265108999999995],[-45.0,60.26521070000001],[-45.0,60.2653674],[-45.0,60.2655494],[-45.0,60.2657332],[-45.0,60.265972799999986],[-45.0,60.266209300000014],[-45.0,60.2665088],[-45.0,60.26668599999999],[-45.0,60.26689440000001],[-45.0,60.26708689999998],[-45.0,60.267307200000005],[-45.0,60.26751969999998],[-45.0,60.26788979999998],[-45.0,60.268449799999985],[-45.0,60.269109000000014],[-45.0,60.2700385],[-45.0,60.27285810000001],[-45.0,60.27312610000001],[-45.0,60.273564599999986],[-45.0,60.2739522],[-45.0,60.27431469999999],[-45.0,60.27464309999999],[-45.0,60.27489639999999],[-45.0,60.2751217],[-45.0,60.2753141],[-45.0,60.27550889999998],[-45.0,60.275751000000014],[-45.0,60.27603529999999],[-45.0,60.276275399999975],[-45.0,60.27649389999999],[-45.0,60.27672740000003],[-45.0,60.276979100000005],[-45.0,60.27724840000002],[-45.0,60.2775125],[-45.0,60.27779049999998],[-45.0,60.278109099999995],[-45.0,60.27834660000002],[-45.0,60.27851829999997],[-45.0,60.27865910000003],[-45.0,60.27879230000002],[-45.0,60.278934100000015],[-45.0,60.279064800000015],[-45.0,60.27925570000002],[-45.0,60.27942059999998],[-45.0,60.27956110000002],[-45.0,60.27968959999998],[-45.0,60.27983519999998],[-45.0,60.27995770000001],[-45.0,60.28010999999998],[-45.0,60.28028690000002],[-45.0,60.280578400000024],[-45.0,60.28086830000001],[-45.0,60.28106389999999],[-45.0,60.28125290000003],[-45.0,60.28151759999997],[-45.0,60.28186410000001],[-45.0,60.28241800000001],[-45.0,60.28338980000001],[-45.0,60.284071299999994],[-45.0,60.28522650000002],[-45.0,60.28665760000001],[-45.0,60.28667780000001],[-45.0,60.2877072],[-45.0,60.289244199999985],[-45.0,60.2903771],[-45.0,60.291289199999994],[-45.0,60.291965000000005],[-45.0,60.29273669999998],[-45.0,60.293622200000016],[-45.0,60.29486539999999],[-45.0,60.2956226],[-45.0,60.29652800000002],[-45.0,60.297501899999986],[-45.0,60.29856890000002],[-45.0,60.29951510000001],[-45.0,60.30004580000002],[-45.0,60.30077019999999],[-45.0,60.30822310000002],[-45.0,60.31250779999999],[-45.0,60.315899100000024],[-45.0,60.33207340000001],[-45.0,60.33950229999999],[-45.0,60.3436949],[-45.0,60.344114400000024],[-45.0,60.3458847],[-45.0,60.34694200000001],[-45.0,60.3473649],[-45.0,60.3474425],[-45.0,60.34833179999998],[-45.0,60.34871989999999],[-45.0,60.34919819999999],[-45.0,60.34960460000002],[-45.0,60.349826500000006],[-45.0,60.35005719999998],[-45.0,60.350712499999986],[-45.0,60.35104180000002],[-45.0,60.35109890000001],[-45.0,60.35150229999999],[-45.0,60.35183619999998],[-45.0,60.352510300000006],[-45.0,60.35397160000002],[-45.0,60.35646320000001],[-45.0,60.35801279999998],[-45.0,60.359594300000026],[-45.0,60.363134100000025],[-45.0,60.36326580000002],[-45.0,60.36447220000002],[-45.0,60.36547730000001],[-45.0,60.365878099999975],[-45.0,60.36633230000001],[-45.0,60.36743710000002],[-45.0,60.368097999999975],[-45.0,60.368477299999995],[-45.0,60.369320200000004],[-45.0,60.36980119999998],[-45.0,60.370741099999975],[-45.0,60.37159600000001],[-45.0,60.37204489999999],[-45.0,60.373175100000026],[-45.0,60.374163099999976],[-45.0,60.37521800000002],[-45.0,60.377424899999994],[-45.0,60.37806890000002],[-45.0,60.3849821],[-45.0,60.431522099999995],[-45.0,60.483823099999995],[-45.0,60.48441819999999],[-45.0,60.48475079999997],[-45.0,60.485138800000016],[-45.0,60.48549550000001],[-45.0,60.4858577],[-45.0,60.48617680000001],[-45.0,60.486551599999984],[-45.0,60.48685219999999],[-45.0,60.48720070000002],[-45.0,60.48749070000002],[-45.0,60.48774950000001],[-45.0,60.48793869999997],[-45.0,60.488129800000024],[-45.0,60.4883926],[-45.0,60.488672699999995],[-45.0,60.48888249999999],[-45.0,60.48918570000001],[-45.0,60.489511600000014],[-45.0,60.489768000000026],[-45.0,60.49006680000002],[-45.0,60.49098279999998],[-45.0,60.49163290000001],[-45.0,60.492333099999996],[-45.0,60.494059600000014],[-45.0,60.495557099999985],[-45.0,60.49776000000003],[-45.0,60.49840899999998],[-45.0,60.49902530000003],[-45.0,60.499660300000016],[-45.0,60.5],[-45.00043870000002,60.5],[-45.00186930000001,60.5],[-45.00339300000002,60.5],[-45.00503200000003,60.5],[-45.00554890000001,60.5],[-45.005941199999995,60.5],[-45.00635820000002,60.5],[-45.006874100000005,60.5],[-45.00759169999998,60.5],[-45.008435099999986,60.5],[-45.009588399999984,60.5],[-45.012335199999995,60.5],[-45.01527820000001,60.5],[-45.016819,60.5],[-45.01772360000001,60.5],[-45.01835940000001,60.5],[-45.01887629999999,60.5],[-45.019369900000015,60.5],[-45.02006849999998,60.5],[-45.02087,60.5],[-45.02172730000001,60.5],[-45.02261179999999,60.5],[-45.0289593,60.5],[-45.02986809999999,60.5],[-45.03063209999999,60.5],[-45.0311883,60.5],[-45.03179130000001,60.5],[-45.032393300000024,60.5],[-45.03312269999998,60.5],[-45.0339606,60.5],[-45.034819500000026,60.5],[-45.03569700000003,60.5],[-45.0364993,60.5],[-45.0373166,60.5],[-45.037858400000005,60.5],[-45.038095999999996,60.5],[-45.03850590000002,60.5],[-45.03881200000001,60.5],[-45.0391161,60.5],[-45.03953259999997,60.5],[-45.03995070000002,60.5],[-45.04054780000001,60.5],[-45.04374560000002,60.5],[-45.04457239999999,60.5],[-45.04498910000001,60.5],[-45.04514469999998,60.5],[-45.04567350000002,60.5],[-45.04624469999999,60.5],[-45.04687439999998,60.5],[-45.04770789999998,60.5],[-45.04845119999999,60.5],[-45.049127999999996,60.5],[-45.049956699999996,60.5],[-45.05077920000002,60.5],[-45.051556800000014,60.5],[-45.05236719999999,60.5],[-45.05296920000001,60.5],[-45.054807900000014,60.5],[-45.05499550000002,60.5],[-45.055235700000026,60.5],[-45.055472699999996,60.5],[-45.05584640000001,60.5],[-45.056193399999984,60.5],[-45.056672900000024,60.5],[-45.057371699999976,60.5],[-45.058045600000014,60.5],[-45.05909329999997,60.5],[-45.060942899999986,60.5],[-45.06397320000002,60.5],[-45.07013840000002,60.5],[-45.07059529999998,60.5],[-45.07154559999998,60.5],[-45.07366339999999,60.5],[-45.075282800000025,60.5],[-45.07592940000001,60.5],[-45.076412600000026,60.5],[-45.07701639999999,60.5],[-45.077767600000016,60.5],[-45.078828199999975,60.5],[-45.0835457,60.5],[-45.085757899999976,60.5],[-45.088309200000026,60.5],[-45.08929260000002,60.5],[-45.090124600000024,60.5],[-45.09103670000002,60.5],[-45.091833099999974,60.5],[-45.09242469999998,60.5],[-45.09297959999998,60.5],[-45.093583799999976,60.5],[-45.09433899999999,60.5],[-45.09477879999997,60.5],[-45.09523089999999,60.5],[-45.0959828,60.5],[-45.096477100000016,60.5],[-45.09702629999998,60.5],[-45.097484399999985,60.5],[-45.09795329999997,60.5],[-45.09835140000001,60.5],[-45.098939099999996,60.5],[-45.09964489999999,60.5],[-45.100286100000005,60.5],[-45.10112529999998,60.5],[-45.10155739999999,60.5],[-45.101972699999976,60.5],[-45.102343399999995,60.5],[-45.10278499999998,60.5],[-45.10320580000001,60.5],[-45.103807700000004,60.5],[-45.10442339999997,60.5],[-45.10499229999999,60.5],[-45.10552799999999,60.5],[-45.106155,60.5],[-45.106776000000025,60.5],[-45.10747450000002,60.5],[-45.108144100000004,60.5],[-45.1084353,60.5],[-45.112123699999984,60.5],[-45.11491719999998,60.5],[-45.116513499999996,60.5],[-45.1177692,60.5],[-45.118751299999985,60.5],[-45.11963500000002,60.5],[-45.11996479999999,60.5],[-45.120565,60.5],[-45.120964000000015,60.5],[-45.12132980000001,60.5],[-45.122008600000015,60.5],[-45.12208029999999,60.5],[-45.1232086,60.5],[-45.1239003,60.5],[-45.12401490000002,60.5],[-45.1254682,60.5],[-45.12670129999998,60.5],[-45.128158299999996,60.5],[-45.12849849999998,60.5],[-45.1288462,60.5],[-45.129490799999985,60.5],[-45.13159250000001,60.5],[-45.132589199999984,60.5],[-45.13356490000001,60.5],[-45.13398339999998,60.5],[-45.13425910000001,60.5],[-45.13446570000002,60.5],[-45.134623799999986,60.5],[-45.13483839999998,60.5],[-45.135673999999995,60.5],[-45.13639239999998,60.5],[-45.1370824,60.5],[-45.13783719999998,60.5],[-45.139109399999995,60.5],[-45.14488829999999,60.5],[-45.147832300000005,60.5],[-45.1482747,60.5],[-45.14834739999998,60.5],[-45.15303399999999,60.5],[-45.153772300000014,60.5],[-45.154329700000005,60.5],[-45.15452809999999,60.5],[-45.154811300000006,60.5],[-45.155102399999976,60.5],[-45.15543020000001,60.5],[-45.15568139999999,60.5],[-45.15592270000002,60.5],[-45.156210199999975,60.5],[-45.15662450000002,60.5],[-45.156895099999986,60.5],[-45.15731169999998,60.5],[-45.15910120000001,60.5],[-45.15947299999999,60.5],[-45.1597433,60.5],[-45.16005080000002,60.5],[-45.16038470000001,60.5],[-45.16060160000001,60.5],[-45.160792300000026,60.5],[-45.161002199999984,60.5],[-45.16110170000002,60.5],[-45.161187900000016,60.5],[-45.16127640000002,60.5],[-45.161333300000024,60.5],[-45.16155600000002,60.5],[-45.161598000000026,60.5],[-45.16183640000003,60.5],[-45.16183849999999,60.5],[-45.162042299999996,60.5],[-45.16225220000001,60.5],[-45.16270129999998,60.5],[-45.16575990000001,60.5],[-45.17087759999998,60.5],[-45.17480740000002,60.5],[-45.18133160000002,60.5],[-45.182503,60.5],[-45.18254430000002,60.5],[-45.18471249999999,60.5],[-45.186332100000016,60.5],[-45.18753570000001,60.5],[-45.18849460000001,60.5],[-45.189647200000024,60.5],[-45.190826500000014,60.5],[-45.19584570000001,60.5],[-45.1985363,60.5],[-45.20091209999998,60.5],[-45.202587300000005,60.5],[-45.2045933,60.5],[-45.20621019999999,60.5],[-45.20765990000001,60.5],[-45.20900419999998,60.5],[-45.21057810000002,60.5],[-45.210583499999984,60.5],[-45.212182600000006,60.5],[-45.2137204,60.5],[-45.21510230000001,60.5],[-45.215421400000025,60.5],[-45.215776500000004,60.5],[-45.2173411,60.5],[-45.21777359999999,60.5],[-45.217802000000006,60.5],[-45.21983690000002,60.5],[-45.21985319999999,60.5],[-45.221526900000015,60.5],[-45.221844799999985,60.5],[-45.22370740000002,60.5],[-45.22596540000001,60.5],[-45.22769950000003,60.5],[-45.22905279999998,60.5],[-45.229762900000026,60.5],[-45.23061919999998,60.5],[-45.232625299999995,60.5],[-45.246594000000016,60.5],[-45.249645699999974,60.5],[-45.25,60.5],[-45.257792800000004,60.5],[-45.2593071,60.5],[-45.260568999999975,60.5],[-45.2636172,60.5],[-45.264797699999974,60.5],[-45.26592360000001,60.5],[-45.26753600000001,60.5],[-45.26932929999998,60.5],[-45.27331909999998,60.5],[-45.27338559999998,60.5],[-45.2749637,60.5],[-45.27870519999999,60.5],[-45.285714299999995,60.5],[-45.28657820000001,60.5],[-45.30302610000001,60.5],[-45.3149396,60.5],[-45.32039529999997,60.5],[-45.322451,60.5],[-45.32333510000001,60.5],[-45.323383999999976,60.5],[-45.323900700000024,60.5],[-45.32462370000002,60.5],[-45.32516240000001,60.5],[-45.32591780000001,60.5],[-45.32715889999997,60.5],[-45.32825200000002,60.5],[-45.330490699999984,60.5],[-45.33100259999998,60.5],[-45.33979449999998,60.5],[-45.34174919999998,60.5],[-45.35011350000002,60.5],[-45.352532,60.5],[-45.35379870000003,60.5],[-45.35619919999999,60.5],[-45.3579689,60.5],[-45.35810570000001,60.5],[-45.359222699999975,60.5],[-45.35964790000003,60.5],[-45.36110350000001,60.5],[-45.36301700000001,60.5],[-45.36505490000002,60.5],[-45.365132800000026,60.5],[-45.36576500000001,60.5],[-45.36583380000002,60.5],[-45.37058029999997,60.5],[-45.38152029999998,60.5],[-45.402507300000025,60.5],[-45.407696499999986,60.5],[-45.408989099999985,60.5],[-45.40905550000002,60.5],[-45.40906410000002,60.5],[-45.410776,60.5],[-45.41195149999999,60.5],[-45.41324780000002,60.5],[-45.413373999999976,60.5],[-45.41510019999998,60.5],[-45.415520800000024,60.5],[-45.41640860000001,60.5],[-45.416634699999975,60.5],[-45.41921689999998,60.5],[-45.421126300000026,60.5],[-45.422521399999994,60.5],[-45.42310090000001,60.5],[-45.424093200000016,60.5],[-45.424170100000026,60.5],[-45.42713709999998,60.5],[-45.42819850000001,60.5],[-45.429130199999975,60.5],[-45.43030950000002,60.5],[-45.4311874,60.5],[-45.431788299999994,60.5],[-45.43226420000002,60.5],[-45.432707600000015,60.5],[-45.433426199999985,60.5],[-45.438710800000024,60.5],[-45.44117940000001,60.5],[-45.441328,60.5],[-45.44307329999998,60.5],[-45.443253200000015,60.5],[-45.44365060000001,60.5],[-45.443702900000005,60.5],[-45.44839459999997,60.5],[-45.450771799999984,60.5],[-45.45208960000002,60.5],[-45.453624400000024,60.5],[-45.45499610000002,60.5],[-45.45613930000002,60.5],[-45.45629869999999,60.5],[-45.45657030000001,60.5],[-45.45711110000002,60.5],[-45.457305700000006,60.5],[-45.4578851,60.5],[-45.45856600000002,60.5],[-45.458764900000006,60.5],[-45.460322399999995,60.5],[-45.46346340000002,60.5],[-45.46806509999999,60.5],[-45.470917199999974,60.5],[-45.471201199999996,60.5],[-45.4729595,60.5],[-45.473093000000006,60.5],[-45.474827300000015,60.5],[-45.4748295,60.5],[-45.47600829999999,60.5],[-45.476512000000014,60.5],[-45.478216799999984,60.5],[-45.47839620000002,60.5],[-45.4793765,60.5],[-45.47969949999998,60.5],[-45.48058359999999,60.5],[-45.48066,60.5],[-45.481440099999986,60.5],[-45.48151730000001,60.5],[-45.48219590000002,60.5],[-45.48228130000001,60.5],[-45.48293690000003,60.5],[-45.483503299999995,60.5],[-45.483683799999994,60.5],[-45.484368200000006,60.5],[-45.48457990000003,60.5],[-45.48502020000001,60.5],[-45.48565480000002,60.5],[-45.486287800000014,60.5],[-45.48752519999999,60.5],[-45.48926230000001,60.5],[-45.489326800000015,60.5],[-45.49007019999999,60.5],[-45.491285800000014,60.5],[-45.49356690000002,60.5],[-45.49834980000003,60.5],[-45.5,60.5],[-45.5,60.49852779999998],[-45.5,60.494383500000026],[-45.5,60.49299100000002],[-45.5,60.49199010000001],[-45.5,60.49136979999997],[-45.5,60.490175799999975],[-45.5,60.48839320000002],[-45.5,60.48450100000002],[-45.5,60.48263650000001],[-45.5,60.482217100000014],[-45.5,60.48118649999998],[-45.5,60.481178],[-45.5,60.480320500000005],[-45.5,60.47797379999997],[-45.5,60.47540320000002],[-45.5,60.47328829999998],[-45.5,60.47295389999999],[-45.5,60.472813099999996],[-45.5,60.47155359999999],[-45.5,60.47154549999999],[-45.5,60.47128980000002],[-45.5,60.47023100000001],[-45.5,60.464378599999975],[-45.5,60.46231549999999],[-45.5,60.460202200000026],[-45.5,60.459923300000014],[-45.5,60.459695599999975],[-45.5,60.45753719999999],[-45.5,60.45280550000001],[-45.5,60.448969999999974],[-45.5,60.446513900000014],[-45.5,60.442684199999974],[-45.5,60.441533900000024],[-45.5,60.43920739999999],[-45.5,60.43417720000002],[-45.5,60.432172700000024],[-45.5,60.42994879999998],[-45.5,60.42915260000001],[-45.5,60.428607699999986],[-45.5,60.425353099999995],[-45.5,60.4148242],[-45.5,60.40581370000001],[-45.5,60.403843800000004],[-45.5,60.39374240000001],[-45.5,60.3822452],[-45.5,60.36458929999998],[-45.5,60.35649699999999],[-45.5,60.352973299999974],[-45.5,60.35021019999999],[-45.5,60.34917189999999],[-45.5,60.348637800000006],[-45.5,60.34814030000001],[-45.5,60.34690180000001],[-45.5,60.34099450000002],[-45.5,60.34062039999998],[-45.5,60.34050300000001],[-45.5,60.33729149999999],[-45.5,60.33566380000002],[-45.5,60.31803660000003],[-45.5,60.30943159999998],[-45.5,60.308319100000006],[-45.5,60.30639359999998],[-45.5,60.30325629999999],[-45.5,60.29867919999998],[-45.5,60.2967931],[-45.5,60.29527919999998],[-45.5,60.29344889999999],[-45.5,60.29338280000002],[-45.5,60.2930824],[-45.5,60.2893856],[-45.5,60.28687830000001],[-45.5,60.28610789999999],[-45.5,60.254123100000015],[-45.5,60.25336729999998],[-45.5,60.23906019999998],[-45.5,60.23841779999998],[-45.5,60.23840369999999],[-45.5,60.21946380000003],[-45.5,60.208376199999975],[-45.5,60.19362940000002],[-45.5,60.16132160000001],[-45.5,60.147140200000024],[-45.5,60.14535169999999],[-45.5,60.14506319999998],[-45.5,60.144792499999994],[-45.5,60.14215309999997],[-45.5,60.14053000000001],[-45.5,60.139741000000015],[-45.5,60.13322410000001],[-45.5,60.12943480000001],[-45.5,60.016213900000025],[-45.5,60.0],[-45.442683999999986,60.0]]]]},"properties":{"datasetName":"101DK004AQESE","edition":1,"update":0,"status":4}},{"type":"Feature","geometry":{"type":"MultiPolygon","coordinates":[[[[9.774999999999977,56.5],[10.0,56.5],[10.0,57.0],[9.5,57.0],[9.5,56.75],[9.5,56.5],[9.774999999999977,56.5]]]]},"properties":{"datasetName":"101DK0041139E","edition":1,"update":0,"status":4}},{"type":"Feature","geometry":{"type":"MultiPolygon","coordinates":[[[[-52.48175259999999,68.5],[-52.47907249999997,68.5],[-52.45897500000001,68.5],[-52.45791980000001,68.5],[-52.44806010000002,68.5],[-52.44444800000002,68.5],[-52.436025700000016,68.5],[-52.42703949999998,68.5],[-52.41010440000002,68.5],[-52.40290440000001,68.5],[-52.39326319999998,68.5],[-52.38547219999998,68.5],[-52.378824699999996,68.5],[-52.3734336,68.5],[-52.36508029999999,68.5],[-52.351858600000014,68.5],[-52.34936970000001,68.5],[-52.31741629999999,68.5],[-52.315014700000006,68.5],[-52.314485400000024,68.5],[-52.29803900000002,68.5],[-52.2967845,68.5],[-52.29495609999998,68.5],[-52.294351199999994,68.5],[-52.29370890000001,68.5],[-52.28103329999999,68.5],[-52.2789123,68.5],[-52.27575330000002,68.5],[-52.2617788,68.5],[-52.25449789999999,68.5],[-52.253130399999975,68.5],[-52.25070520000003,68.5],[-52.25,68.5],[-52.24907009999998,68.5],[-52.248408600000005,68.5],[-52.240852200000006,68.5],[-52.237850700000024,68.5],[-52.22956370000003,68.5],[-52.22519990000001,68.5],[-52.22080039999997,68.5],[-52.21821130000001,68.5],[-52.21538529999998,68.5],[-52.21054939999999,68.5],[-52.20573689999998,68.5],[-52.20425690000002,68.5],[-52.198633599999994,68.5],[-52.19576999999998,68.5],[-52.195521299999996,68.5],[-52.18107450000002,68.5],[-52.17289099999999,68.5],[-52.167384500000026,68.5],[-52.15582310000002,68.5],[-52.15388789999997,68.5],[-52.15053360000002,68.5],[-52.13587510000002,68.5],[-52.135053700000014,68.5],[-52.13395400000002,68.5],[-52.132202800000016,68.5],[-52.12090410000002,68.5],[-52.12035530000003,68.5],[-52.10088669999999,68.5],[-52.07162410000001,68.5],[-52.066803400000026,68.5],[-52.06532099999998,68.5],[-52.05654149999998,68.5],[-52.04414809999997,68.5],[-52.031056999999976,68.5],[-52.01500970000001,68.5],[-52.00303009999999,68.5],[-52.0,68.5],[-52.0,68.50118730000003],[-52.0,68.50838770000001],[-52.0,68.51174040000001],[-52.0,68.5125137],[-52.0,68.51788520000002],[-52.0,68.51968340000002],[-52.0,68.5211377],[-52.0,68.52256010000002],[-52.0,68.52570070000002],[-52.0,68.5281488],[-52.0,68.52926889999998],[-52.0,68.53009459999998],[-52.0,68.53074759999998],[-52.0,68.53087069999998],[-52.0,68.53405429999998],[-52.0,68.53627660000001],[-52.0,68.53737539999997],[-52.0,68.5424501],[-52.0,68.5454358],[-52.0,68.54840940000003],[-52.0,68.5496331],[-52.0,68.55148309999998],[-52.0,68.55225669999999],[-52.0,68.55505019999998],[-52.0,68.55544650000002],[-52.0,68.55618090000002],[-52.0,68.55689280000001],[-52.0,68.55744479999998],[-52.0,68.557502],[-52.0,68.5577614],[-52.0,68.55819650000001],[-52.0,68.55819780000002],[-52.0,68.55925509999997],[-52.0,68.5605721],[-52.0,68.56105079999998],[-52.0,68.56128389999998],[-52.0,68.5613902],[-52.0,68.56150350000001],[-52.0,68.56156549999997],[-52.0,68.56358369999998],[-52.0,68.56383540000002],[-52.0,68.56478129999999],[-52.0,68.5657157],[-52.0,68.56644299999999],[-52.0,68.5666559],[-52.0,68.5673458],[-52.0,68.56838529999999],[-52.0,68.57275340000001],[-52.0,68.5731381],[-52.0,68.57448290000002],[-52.0,68.57616630000001],[-52.0,68.57713749999999],[-52.0,68.57904810000002],[-52.0,68.58217159999998],[-52.0,68.58299950000003],[-52.0,68.58348000000001],[-52.0,68.58388079999997],[-52.0,68.58625710000001],[-52.0,68.58741939999999],[-52.0,68.59063040000001],[-52.0,68.5938463],[-52.0,68.59515069999998],[-52.0,68.59636690000002],[-52.0,68.59809719999998],[-52.0,68.59837920000001],[-52.0,68.60093],[-52.0,68.601745],[-52.0,68.60364950000002],[-52.0,68.6040456],[-52.0,68.6080326],[-52.0,68.60830759999999],[-52.0,68.60986700000001],[-52.0,68.6110678],[-52.0,68.619417],[-52.0,68.62169180000001],[-52.0,68.63360399999999],[-52.0,68.63554149999999],[-52.0,68.63628920000002],[-52.0,68.63774539999997],[-52.0,68.63892329999999],[-52.0,68.63965139999999],[-52.0,68.6866354],[-52.0,68.7070453],[-52.0,68.7077099],[-52.0,68.71128329999999],[-52.0,68.71327739999998],[-52.0,68.7158101],[-52.0,68.71606000000003],[-52.0,68.7192814],[-52.0,68.73745539999999],[-52.0,68.76025049999998],[-52.0,68.760558],[-52.0,68.7674935],[-52.0,68.76940289999999],[-52.0,68.7736567],[-52.0,68.77973980000002],[-52.0,68.79448869999999],[-52.0,68.79573060000001],[-52.0,68.8011348],[-52.0,68.8031282],[-52.0,68.81038319999999],[-52.0,68.8157218],[-52.0,68.8164061],[-52.0,68.81769600000001],[-52.0,68.82039099999997],[-52.0,68.82509199999998],[-52.0,68.82903040000002],[-52.0,68.8322789],[-52.0,68.83653299999997],[-52.0,68.83819820000002],[-52.0,68.84241020000002],[-52.0,68.86335259999998],[-52.0,68.87377859999998],[-52.0,68.87479969999998],[-52.0,68.87547119999999],[-52.0,68.87778559999998],[-52.0,68.89455520000001],[-52.0,68.93301150000002],[-52.0,68.95932629999999],[-52.0,68.96186999999998],[-52.0,68.96256310000001],[-52.0,68.96627539999997],[-52.0,68.9879919],[-52.0,69.0],[-52.47601179999998,69.0],[-52.48816909999999,69.0],[-52.49690390000001,69.0],[-52.5,69.0],[-52.5,68.99894940000001],[-52.5,68.99266740000002],[-52.5,68.98926970000002],[-52.5,68.98301679999997],[-52.5,68.97297759999998],[-52.5,68.9621856],[-52.5,68.95866590000003],[-52.5,68.95864669999997],[-52.5,68.95168439999998],[-52.5,68.9516825],[-52.5,68.9481745],[-52.5,68.94817410000002],[-52.5,68.9475324],[-52.5,68.94753029999998],[-52.5,68.94112639999997],[-52.5,68.94112330000002],[-52.5,68.93875070000001],[-52.5,68.92819600000001],[-52.5,68.92818679999999],[-52.5,68.91657249999997],[-52.5,68.9067172],[-52.5,68.90671709999998],[-52.5,68.90417430000002],[-52.5,68.9041517],[-52.5,68.89961199999999],[-52.5,68.89959240000002],[-52.5,68.8935826],[-52.5,68.8935808],[-52.5,68.88715530000002],[-52.5,68.8871507],[-52.5,68.88644950000003],[-52.5,68.88644929999998],[-52.5,68.8850984],[-52.5,68.88509599999998],[-52.5,68.87779929999999],[-52.5,68.87779890000002],[-52.5,68.87512129999999],[-52.5,68.8751034],[-52.5,68.86687549999999],[-52.5,68.8503455],[-52.5,68.8503447],[-52.5,68.84818910000001],[-52.5,68.8481787],[-52.5,68.84619070000002],[-52.5,68.84618649999999],[-52.5,68.84273730000001],[-52.5,68.8427294],[-52.5,68.84233719999997],[-52.5,68.84233619999998],[-52.5,68.8378745],[-52.5,68.83782930000001],[-52.5,68.8216878],[-52.5,68.8216703],[-52.5,68.81942659999999],[-52.5,68.81942420000001],[-52.5,68.8139476],[-52.5,68.81394649999999],[-52.5,68.8120634],[-52.5,68.81204869999999],[-52.5,68.81143750000001],[-52.5,68.8114352],[-52.5,68.80850850000002],[-52.5,68.8085049],[-52.5,68.78742519999997],[-52.5,68.78741389999999],[-52.5,68.7830811],[-52.5,68.78307749999999],[-52.5,68.77931910000001],[-52.5,68.7760515],[-52.5,68.7756617],[-52.5,68.77024569999998],[-52.5,68.77024210000002],[-52.5,68.76746609999998],[-52.5,68.7674647],[-52.5,68.76520420000003],[-52.5,68.76519660000002],[-52.5,68.75633920000001],[-52.5,68.75633629999999],[-52.5,68.75197559999998],[-52.5,68.75192420000002],[-52.5,68.75123200000002],[-52.5,68.75099690000002],[-52.5,68.75098889999998],[-52.5,68.74905380000001],[-52.5,68.74904729999997],[-52.5,68.7463821],[-52.5,68.7463816],[-52.5,68.74350759999999],[-52.5,68.7427156],[-52.5,68.74188429999998],[-52.5,68.74187230000001],[-52.5,68.74118870000001],[-52.5,68.74118859999999],[-52.5,68.74092889999997],[-52.5,68.74092539999998],[-52.5,68.7406191],[-52.5,68.74061890000002],[-52.5,68.74039749999997],[-52.5,68.73940950000002],[-52.5,68.73933729999999],[-52.5,68.7389066],[-52.5,68.73889589999999],[-52.5,68.73675639999999],[-52.5,68.7367471],[-52.5,68.7359725],[-52.5,68.73175939999999],[-52.5,68.7311211],[-52.5,68.73083000000003],[-52.5,68.73063000000002],[-52.5,68.73062870000001],[-52.5,68.72990809999999],[-52.5,68.7294513],[-52.5,68.7292324],[-52.5,68.72786780000001],[-52.5,68.72726189999997],[-52.5,68.7272026],[-52.5,68.72687489999998],[-52.5,68.72659929999998],[-52.5,68.72658380000001],[-52.5,68.72310499999998],[-52.5,68.72310049999999],[-52.5,68.7223783],[-52.5,68.7213342],[-52.5,68.72133339999999],[-52.5,68.71932170000002],[-52.5,68.71893740000002],[-52.5,68.71856939999998],[-52.5,68.71761229999998],[-52.5,68.71754170000003],[-52.5,68.71656819999998],[-52.5,68.71501339999998],[-52.5,68.7138751],[-52.5,68.71236720000002],[-52.5,68.7112836],[-52.5,68.71127919999998],[-52.5,68.70832230000002],[-52.5,68.70832109999998],[-52.5,68.70702740000002],[-52.5,68.70702649999998],[-52.5,68.7051682],[-52.5,68.70515519999998],[-52.5,68.70464770000001],[-52.5,68.70459419999997],[-52.5,68.70355699999999],[-52.5,68.70355519999998],[-52.5,68.70337740000002],[-52.5,68.7033667],[-52.5,68.70303469999999],[-52.5,68.70084809999997],[-52.5,68.6987416],[-52.5,68.6963404],[-52.5,68.68827090000002],[-52.5,68.68806899999998],[-52.5,68.6867183],[-52.5,68.6860383],[-52.5,68.68515609999997],[-52.5,68.68385790000002],[-52.5,68.6793146],[-52.5,68.67520730000001],[-52.5,68.6738861],[-52.5,68.67225509999997],[-52.5,68.66805679999999],[-52.5,68.6663699],[-52.5,68.66566360000002],[-52.5,68.66458920000002],[-52.5,68.66265149999998],[-52.5,68.66153500000001],[-52.5,68.65881250000001],[-52.5,68.6563357],[-52.5,68.6544915],[-52.5,68.65267490000002],[-52.5,68.6503194],[-52.5,68.64796999999999],[-52.5,68.64227590000002],[-52.5,68.64086880000002],[-52.5,68.64057380000003],[-52.5,68.63820959999998],[-52.5,68.63423230000001],[-52.5,68.6259473],[-52.5,68.625789],[-52.5,68.62537739999999],[-52.5,68.59177219999998],[-52.5,68.59153270000002],[-52.5,68.59123499999998],[-52.5,68.5905654],[-52.5,68.59055039999998],[-52.5,68.5860887],[-52.5,68.58062260000003],[-52.5,68.58020210000001],[-52.5,68.57970820000003],[-52.5,68.57785180000002],[-52.5,68.57627930000001],[-52.5,68.57575150000002],[-52.5,68.57519200000002],[-52.5,68.57019589999999],[-52.5,68.56860999999998],[-52.5,68.56601799999999],[-52.5,68.56554299999999],[-52.5,68.56309249999998],[-52.5,68.56268490000002],[-52.5,68.56140429999999],[-52.5,68.5593207],[-52.5,68.55668109999999],[-52.5,68.55587320000001],[-52.5,68.55442369999997],[-52.5,68.55341010000001],[-52.5,68.5524342],[-52.5,68.55126089999999],[-52.5,68.54992670000001],[-52.5,68.54877240000002],[-52.5,68.54787199999998],[-52.5,68.54594100000003],[-52.5,68.5394081],[-52.5,68.53865660000002],[-52.5,68.5381329],[-52.5,68.53675859999998],[-52.5,68.53508679999999],[-52.5,68.53328290000002],[-52.5,68.53225700000002],[-52.5,68.53223680000002],[-52.5,68.53153550000002],[-52.5,68.52866269999998],[-52.5,68.52744480000001],[-52.5,68.52675909999999],[-52.5,68.5252193],[-52.5,68.5247086],[-52.5,68.52290549999998],[-52.5,68.5220415],[-52.5,68.52053360000002],[-52.5,68.51879789999998],[-52.5,68.5177701],[-52.5,68.51588459999999],[-52.5,68.51535969999998],[-52.5,68.5139896],[-52.5,68.51210400000002],[-52.5,68.5104652],[-52.5,68.50774999999999],[-52.5,68.50584370000001],[-52.5,68.50096400000001],[-52.5,68.5],[-52.48175259999999,68.5]]]]},"properties":{"datasetName":"101DK004BYDQE","edition":1,"update":0,"status":1}},{"type":"Feature","geometry":{"type":"MultiPolygon","coordinates":[[[[-52.245833300000015,64.5],[-52.21364440000002,64.5],[-52.21032389999999,64.5],[-52.20956749999999,64.5],[-52.208841500000005,64.5],[-52.206882699999994,64.5],[-52.20507450000002,64.5],[-52.20470399999999,64.5],[-52.2039499,64.5],[-52.20371130000001,64.5],[-52.2032231,64.5],[-52.18435340000002,64.5],[-52.181616099999985,64.5],[-52.15823660000001,64.5],[-52.15442139999999,64.5],[-52.154239200000006,64.5],[-52.153136700000005,64.5],[-52.150354900000025,64.5],[-52.148087799999985,64.5],[-52.147216300000025,64.5],[-52.14373840000002,64.5],[-52.133679900000004,64.5],[-52.13112610000002,64.5],[-52.1306184,64.5],[-52.13018249999999,64.5],[-52.12978659999999,64.5],[-52.11332299999998,64.5],[-52.11127349999998,64.5],[-52.10961739999999,64.5],[-52.10825940000001,64.5],[-52.1081198,64.5],[-52.1071877,64.5],[-52.0783333,64.5],[-52.06891469999999,64.5],[-52.05626890000002,64.5],[-52.046773599999995,64.5],[-52.044455500000026,64.5],[-52.0388203,64.5],[-52.03613180000002,64.5],[-52.01578239999998,64.5],[-52.00828689999997,64.5],[-52.0,64.5],[-52.0,64.50961910000001],[-52.0,64.51039359999999],[-52.0,64.51341609999997],[-52.0,64.51452849999998],[-52.0,64.51627689999998],[-52.0,64.51692939999998],[-52.0,64.52118009999998],[-52.0,64.52491350000003],[-52.0,64.52600530000001],[-52.0,64.53403659999998],[-52.0,64.5368019],[-52.0,64.53997809999998],[-52.0,64.54534059999997],[-52.0,64.54723940000002],[-52.0,64.54753690000001],[-52.0,64.54788769999999],[-52.0,64.548227],[-52.0,64.56893050000002],[-52.0,64.5745053],[-52.0,64.57504189999997],[-52.0,64.57640190000001],[-52.0,64.5849288],[-52.0,64.58553710000001],[-52.0,64.58669220000002],[-52.0,64.5877395],[-52.0,64.58876509999999],[-52.0,64.58993609999999],[-52.0,64.59100869999997],[-52.0,64.5915],[-52.0,64.59383209999999],[-52.0,64.59590530000003],[-52.0,64.5972433],[-52.0,64.6063198],[-52.0,64.6129272],[-52.0,64.61553270000002],[-52.0,64.61739740000002],[-52.0,64.61943450000001],[-52.0,64.61960649999997],[-52.0,64.62077640000001],[-52.0,64.62167219999998],[-52.0,64.62458570000001],[-52.0,64.62571589999999],[-52.0,64.62667809999999],[-52.0,64.62772280000002],[-52.0,64.62857480000002],[-52.0,64.629842],[-52.0,64.63261189999997],[-52.0,64.63314459999998],[-52.0,64.63369039999998],[-52.0,64.6342148],[-52.0,64.634503],[-52.0,64.63469329999998],[-52.0,64.63837699999999],[-52.0,64.6386387],[-52.0,64.64102439999999],[-52.0,64.64149479999998],[-52.0,64.6439327],[-52.0,64.64441340000002],[-52.0,64.64449389999999],[-52.0,64.64568400000002],[-52.0,64.64956840000002],[-52.0,64.6540238],[-52.0,64.65478009999998],[-52.0,64.65571560000001],[-52.0,64.65669630000002],[-52.0,64.65727989999999],[-52.0,64.65785410000001],[-52.0,64.65855420000003],[-52.0,64.65995800000002],[-52.0,64.6601746],[-52.0,64.66306259999999],[-52.0,64.66411390000002],[-52.0,64.66507680000001],[-52.0,64.6662695],[-52.0,64.66671910000002],[-52.0,64.66833659999998],[-52.0,64.67013300000002],[-52.0,64.67481709999998],[-52.0,64.67546479999999],[-52.0,64.68175289999999],[-52.0,64.68250510000001],[-52.0,64.6829176],[-52.0,64.68842009999997],[-52.0,64.69103159999997],[-52.0,64.69165190000001],[-52.0,64.69386739999999],[-52.0,64.69639719999998],[-52.0,64.70129120000001],[-52.0,64.70315269999998],[-52.0,64.70588020000002],[-52.0,64.70804299999998],[-52.0,64.70926079999998],[-52.0,64.71148390000002],[-52.0,64.71478680000001],[-52.0,64.71760819999997],[-52.0,64.71826600000003],[-52.0,64.71903809999998],[-52.0,64.71967419999999],[-52.0,64.72122869999998],[-52.0,64.72197469999998],[-52.0,64.7236509],[-52.0,64.72457179999998],[-52.0,64.72550910000001],[-52.0,64.72586960000001],[-52.0,64.7335177],[-52.0,64.74816090000002],[-52.0,64.74888859999999],[-52.0,64.75084450000003],[-52.0,64.75152020000002],[-52.0,64.75280240000001],[-52.0,64.75283689999998],[-52.0,64.75517769999999],[-52.0,64.75577929999997],[-52.0,64.75885290000002],[-52.0,64.76136450000001],[-52.0,64.76160040000002],[-52.0,64.76201630000003],[-52.0,64.76348330000002],[-52.0,64.77359689999997],[-52.0,64.77397259999998],[-52.0,64.77511370000002],[-52.0,64.7759815],[-52.0,64.7765784],[-52.0,64.77687739999999],[-52.0,64.78362720000001],[-52.0,64.78382970000001],[-52.0,64.78392819999999],[-52.0,64.78437120000001],[-52.0,64.78600970000002],[-52.0,64.78662910000003],[-52.0,64.7873462],[-52.0,64.79009020000001],[-52.0,64.7916194],[-52.0,64.79233920000001],[-52.0,64.79266109999998],[-52.0,64.79489960000001],[-52.0,64.79516899999999],[-52.0,64.79530440000002],[-52.0,64.79923930000001],[-52.0,64.80119050000002],[-52.0,64.8068212],[-52.0,64.8088128],[-52.0,64.80952669999999],[-52.0,64.8106922],[-52.0,64.81226140000001],[-52.0,64.81229689999998],[-52.0,64.8124947],[-52.0,64.81324130000002],[-52.0,64.8134657],[-52.0,64.813984],[-52.0,64.81514390000001],[-52.0,64.81570319999997],[-52.0,64.8210479],[-52.0,64.82209440000003],[-52.0,64.82316150000003],[-52.0,64.82512809999997],[-52.0,64.8277483],[-52.0,64.85000789999998],[-52.0,65.0],[-52.32299999999998,65.0],[-52.40833329999998,65.0],[-52.5,65.0],[-52.5,64.5],[-52.245833300000015,64.5]]]]},"properties":{"datasetName":"101DK004BIDQE","edition":1,"update":0,"status":2}},{"type":"Feature","geometry":{"type":"MultiPolygon","coordinates":[[[[10.658169999999984,57.5],[11.0,57.5],[11.0,58.0],[10.5,58.0],[10.5,57.51166999999998],[10.5,57.507119999999986],[10.5,57.5],[10.658169999999984,57.5]]]]},"properties":{"datasetName":"101DK0041543E","edition":2,"update":0,"status":1}},{"type":"Feature","geometry":{"type":"MultiPolygon","coordinates":[[[[10.0,54.5],[10.0,54.79065659999998],[10.0,54.79077000000001],[10.0,54.7959601],[10.0,54.804689800000006],[10.0,54.806005500000026],[10.0,54.80759039999998],[10.0,54.8104204],[10.0,54.819709699999976],[10.0,54.82019559999998],[10.0,54.84055009999997],[10.0,54.84119020000003],[10.0,54.8424],[10.0,54.84791990000002],[10.0,54.856640200000015],[10.0,54.858889799999986],[10.0,54.86033029999999],[10.0,54.90276990000001],[10.0,54.9036797],[10.0,54.96977959999998],[10.0,54.97735979999999],[10.0,54.98163979999998],[10.0,54.98354039999998],[10.0,54.98548979999998],[10.0,54.98743999999999],[10.0,54.988866099999996],[10.0,54.98894039999999],[10.0,54.99460959999999],[10.0,55.0],[9.5,55.0],[9.5,54.84232459999998],[9.5,54.5],[10.0,54.5]]]]},"properties":{"datasetName":"101DK0040339E","edition":2,"update":0,"status":1}},{"type":"Feature","geometry":{"type":"MultiPolygon","coordinates":[[[[11.5,55.0],[11.5,55.25],[11.5,55.3883333],[11.5,55.5],[11.0,55.5],[11.0,55.0],[11.5,55.0]]]]},"properties":{"datasetName":"101DK0040545E","edition":2,"update":0,"status":2}}],"bbox":[11.0,54.5,11.5,72.5]}